seed,branch,K,R_mean,R_std,cluster_mean,cluster_std,cluster_final
0,up,0.4,0.07200429063979162,0.019102376651261768,0.0,0.0,0
0,up,0.425,0.10242667005485838,0.030608874842335418,0.0,0.0,0
0,up,0.45,0.05374233963577465,0.014006148865003237,0.014,0.11749042514179613,0
0,up,0.475,0.15734524715783024,0.007145932826251182,0.0,0.0,0
0,up,0.5,0.07545827979813784,0.03228624008667807,0.0,0.0,0
0,up,0.525,0.24402695271675764,0.02078184637369296,0.024,0.1530490117576719,0
0,up,0.55,0.12076525485972092,0.031886548509958146,0.008,0.08908422980528033,0
0,up,0.575,0.4089033614845134,0.025382268978906365,0.436,0.6015845742703183,0
0,up,0.6,0.3373520003064288,0.08092731608490981,0.154,0.4077793521011087,2
0,up,0.625,0.37393424528495756,0.027666183353176808,0.71,0.8086408349817612,0
0,up,0.65,0.47511608166064184,0.03080220303820989,2.392,0.9134199472312831,2
0,up,0.675,0.5994768414980779,0.019222302376569887,3.32,0.9558242516278816,3
0,up,0.7,0.7167162342100521,0.004694387895314526,1.304,0.5287570330501524,1
0,up,0.725,0.7602031093236494,0.002206703212667512,1.044,0.2050950998927083,1
0,up,0.75,0.789491191251524,0.0014802252528978673,1.0,0.0,1
0,up,0.775,0.8120474931034446,0.0005380299131346963,1.0,0.0,1
0,up,0.8,0.8300407661739753,0.0001272316642295488,1.0,0.0,1
0,up,0.825,0.8450684056899692,3.377518899397557e-05,1.012,0.1088852607105296,1
0,up,0.85,0.8578145055042601,1.4922162210036715e-05,1.018,0.132951118836962,2
0,up,0.875,0.8687894561179541,8.088418172333464e-06,1.182,0.3858445282753145,1
0,up,0.9,0.8783575047921263,4.5425179875493985e-06,1.11,0.31288975694324034,2
0,up,0.925,0.8867816451395866,2.6300210890474664e-06,1.318,0.46569947390994554,1
0,up,0.95,0.8942593373883171,1.5630027007217652e-06,1.176,0.380820167533181,2
0,up,0.975,0.9009427916043737,9.492006842652347e-07,1.37,0.4828043081829324,1
0,up,1.0,0.9069518623681608,5.867410049183088e-07,1.2,0.4000000000000001,2
0,up,1.025,0.9123826022926871,3.679850086251952e-07,1.36,0.48,1
0,up,1.05,0.9173131360744462,2.3357349099139338e-07,1.086,0.2803640490505157,2
0,up,1.075,0.9218078133754681,1.4976312892446844e-07,1.124,0.3295815528818323,1
0,up,1.1,0.9259202182276656,9.686306142025225e-08,1.0,0.0,1
0,up,1.125,0.9296953965566701,6.312757832533228e-08,1.012,0.1088852607105296,1
0,up,1.15,0.9331715355812962,4.142202353856683e-08,1.0,0.0,1
0,up,1.175,0.9363812505020855,2.734723856600391e-08,1.0,0.0,1
0,up,1.2,0.9393525843871542,1.8156676435994236e-08,1.0,0.0,1
0,down,1.2,0.939352593419269,2.1840657696732272e-16,1.0,0.0,1
0,down,1.175,0.9363812774519258,2.56814579883943e-08,1.0,0.0,1
0,down,1.15,0.9331715772969146,3.878745967175681e-08,1.0,0.0,1
0,down,1.125,0.9296954616299553,5.8921286081600236e-08,1.012,0.10888526071052962,1
0,down,1.1,0.9259203206146593,9.007511913087915e-08,1.05,0.21794494717703367,1
0,down,1.075,0.9218079760329136,1.3867442034851928e-07,1.128,0.33408980828513757,1
0,down,1.05,0.9173133973079757,2.1520392410559392e-07,1.264,0.44079927404658914,1
0,down,1.025,0.9123830270653557,3.3706285240688646e-07,1.36,0.48000000000000004,1
0,down,1.0,0.9069525629037464,5.337323532400517e-07,1.39,0.487749935930288,1
0,down,0.975,0.9009439658670886,8.564538613843659e-07,1.248,0.4318518264405049,2
0,down,0.95,0.894261342922858,1.3970336590342129e-06,1.184,0.3874841932259947,2
0,down,0.925,0.886785145010158,2.3257545324366998e-06,1.152,0.35902089075707005,2
0,down,0.9,0.8783637654859426,3.970599099863016e-06,1.148,0.355099985919459,1
0,down,0.875,0.8688009772858084,6.988793452451538e-06,1.118,0.32260812141048156,1
0,down,0.85,0.8578364114888609,1.2752732547438336e-05,1.054,0.22601769842204833,1
0,down,0.825,0.8451137604209205,2.4256124463632993e-05,1.0,0.0,1
0,down,0.8,0.8301258212942951,4.8328314325725816e-05,1.0,0.0,1
0,down,0.775,0.8121118665407518,0.00010111706402760559,1.0,0.0,1
0,down,0.75,0.7898452982685616,0.00022231023560731182,1.0,0.0,1
0,down,0.725,0.7611885668455394,0.0005659451895608489,1.0,0.0,1
0,down,0.7,0.7224071901044573,0.0025291900594886585,1.064,0.2447529366524537,1
0,down,0.675,0.6617304278114178,0.005674776684643166,1.746,0.904148217937745,2
0,down,0.65,0.5300762118034337,0.021836063382350543,2.984,0.9569451394933777,4
0,down,0.625,0.4461340122819463,0.04313793423724917,1.322,1.001157330293296,0
0,down,0.6,0.35293413667227513,0.1268095673185842,0.392,0.7812400399365101,3
0,down,0.575,0.28552516381280635,0.06214586133692392,0.104,0.31809432563313667,0
0,down,0.55,0.08362814909724099,0.019316470863741955,0.0,0.0,0
0,down,0.525,0.20028854285847422,0.036987736984653276,0.002,0.044676615807377355,0
0,down,0.5,0.06692810139109549,0.01680859453855838,0.0,0.0,0
0,down,0.475,0.12781486480059032,0.01950459851966447,0.0,0.0,0
0,down,0.45,0.12173817210668536,0.0744073795229995,0.0,0.0,0
0,down,0.425,0.046933827837887084,0.023987667816673327,0.004,0.063118935352238,0
0,down,0.4,0.10323683307114576,0.0477655728612257,0.004,0.063118935352238,0
1,up,0.4,0.08204226245240478,0.023367740146662444,0.0,0.0,0
1,up,0.425,0.1735994194273577,0.0410233821950505,0.006,0.0772269383052313,0
1,up,0.45,0.22288315480626025,0.03842258007775877,0.004,0.063118935352238,0
1,up,0.475,0.13307233701867105,0.03692958674579227,0.0,0.0,0
1,up,0.5,0.3662485765214573,0.02510291949665242,0.072,0.2584879107424562,0
1,up,0.525,0.41549635760609316,0.021372413436397526,0.424,0.6101016308780038,0
1,up,0.55,0.4197984315813008,0.035456400511516814,0.518,0.6274360525185017,0
1,up,0.575,0.4482647613148793,0.026342093766933628,1.054,0.8550345022278342,0
1,up,0.6,0.5818262328526728,0.013422420975824068,2.686,0.8386918385199655,4
1,up,0.625,0.6809046081247936,0.009145486484372904,1.73,0.73287106642301,3
1,up,0.65,0.7402037248297968,0.003328078099747574,1.266,0.4418642325420785,1
1,up,0.675,0.7753404424692529,0.0021926982347925533,1.182,0.38584452827531446,1
1,up,0.7,0.8019816972822216,0.0007581309161950131,1.0,0.0,1
1,up,0.725,0.8232102465792605,0.0003253749648230152,1.0,0.0,1
1,up,0.75,0.8405344823984134,8.491105386682119e-05,1.066,0.24828209762284514,1
1,up,0.775,0.8550009773786367,3.097794753587187e-05,1.186,0.3891066691795451,1
1,up,0.8,0.8672892593323852,1.6500548320098823e-05,1.28,0.44899888641287294,1
1,up,0.825,0.8778753943677602,9.265707712483694e-06,1.352,0.4775939698111775,1
1,up,0.85,0.8870968903493066,5.335347557937536e-06,1.372,0.483338390778138,1
1,up,0.875,0.8952031630320394,3.1371891208640085e-06,1.392,0.4881966816765555,2
1,up,0.9,0.9023839859018308,1.878711334432552e-06,1.356,0.4788152044369519,2
1,up,0.925,0.9087870914042019,1.1434966067702205e-06,1.132,0.33849076796864047,1
1,up,0.95,0.9145296456254243,7.061857929902983e-07,1.084,0.27738781516137295,1
1,up,0.975,0.9197060255607675,4.418278806426313e-07,1.066,0.24828209762284514,1
1,up,1.0,0.9243932591959542,2.796708582595686e-07,1.048,0.2137662274541982,1
1,up,1.025,0.9286549317159581,1.7888546380974803e-07,1.028,0.16497272501841023,1
1,up,1.05,0.9325440531998516,1.1549718571872108e-07,1.008,0.08908422980528033,1
1,up,1.075,0.9361052043951967,7.520178181717265e-08,1.0,0.0,1
1,up,1.1,0.9393761691241661,4.933883331726758e-08,1.0,0.0,1
1,up,1.125,0.9423891943211691,3.2594396159132207e-08,1.0,0.0,1
1,up,1.15,0.9451719752197635,2.1668012301138377e-08,1.0,0.0,1
1,up,1.175,0.9477484345014806,1.4487039294350684e-08,1.0,0.0,1
1,up,1.2,0.9501393448410947,9.736780868136794e-09,1.0,0.0,1
1,down,1.2,0.9501393495514578,1.2372886462723748e-16,1.0,0.0,1
1,down,1.175,0.9477484483694004,1.3662391906542335e-08,1.0,0.0,1
1,down,1.15,0.9451719963354793,2.038779278742058e-08,1.0,0.0,1
1,down,1.125,0.9423892266812083,3.059203616302037e-08,1.0,0.0,1
1,down,1.1,0.9393762190678324,4.6181358802105086e-08,1.0,0.0,1
1,down,1.075,0.936105282075845,7.01782398452262e-08,1.0,0.0,1
1,down,1.05,0.9325441750533594,1.07426284330765e-07,1.008,0.08908422980528034,1
1,down,1.025,0.9286551246605894,1.6577903441679906e-07,1.03,0.17058722109231983,1
1,down,1.0,0.9243935678880739,2.5813573731722046e-07,1.048,0.2137662274541982,1
1,down,0.975,0.9197065251417684,4.059846211158344e-07,1.068,0.251745903640953,1
1,down,0.95,0.9145304645337746,6.456767872059895e-07,1.064,0.2447529366524537,1
1,down,0.925,0.9087884530522076,1.039737250432333e-06,1.134,0.3406523154185217,1
1,down,0.9,0.9023862866288768,1.6976517217629452e-06,1.344,0.4750410508577127,2
1,down,0.875,0.8952071219731067,2.8148852272245516e-06,1.418,0.4932301693935601,1
1,down,0.85,0.8871038472662157,4.748000013885304e-06,1.394,0.48863483297857513,1
1,down,0.825,0.8778879262318128,8.164145628306182e-06,1.324,0.46799999999999997,2
1,down,0.8,0.8673125238012597,1.4352632925726592e-05,1.284,0.45093680266751346,1
1,down,0.775,0.8550459166358283,2.5917574185394587e-05,1.188,0.39071217027371946,1
1,down,0.75,0.8406274330817275,4.845733854255953e-05,1.052,0.2220270253820467,1
1,down,0.725,0.8233897727414287,9.521907375231567e-05,1.0,0.0,1
1,down,0.7,0.8023133392155173,0.0002061268439642477,1.0,0.0,1
1,down,0.675,0.7757996258343172,0.0006571921064501672,1.0,0.0,1
1,down,0.65,0.7411099309519175,0.0012756309246365726,1.0,0.0,1
1,down,0.625,0.6915138630217393,0.0036612244338856655,1.5,0.5,2
1,down,0.6,0.6139551242989434,0.01097269831204792,1.868,0.8065829157625395,2
1,down,0.575,0.467912158856382,0.03540513435162219,1.77,1.1717934971657764,1
1,down,0.55,0.38831719280692956,0.1123026875370897,0.56,1.1019981851164729,4
1,down,0.525,0.35790142090771987,0.014435495681822692,0.134,0.34647366422283815,0
1,down,0.5,0.31298947563275603,0.023856726563224833,0.018,0.132951118836962,0
1,down,0.475,0.25013678559600544,0.06229499889606179,0.064,0.2605839595984373,0
1,down,0.45,0.25130529892191755,0.02978232951839673,0.0,0.0,0
1,down,0.425,0.11491364733668717,0.029647406752492677,0.0,0.0,0
1,down,0.4,0.021775485190642548,0.019691891091855374,0.0,0.0,0
2,up,0.4,0.12445104889059486,0.03487771928665006,0.0,0.0,0
2,up,0.425,0.12265485177696378,0.04066852849985515,0.0,0.0,0
2,up,0.45,0.11096347967982188,0.03986118341385927,0.004,0.063118935352238,0
2,up,0.475,0.1420451703454934,0.03362008619509316,0.0,0.0,0
2,up,0.5,0.09214412351184695,0.01503037598297048,0.0,0.0,0
2,up,0.525,0.08996165269217622,0.03896174896823882,0.004,0.063118935352238,0
2,up,0.55,0.20758377375039727,0.032614984539009316,0.0,0.0,0
2,up,0.575,0.2045483839546793,0.07711406344367001,0.026,0.15913516267626085,0
2,up,0.6,0.2552767265750985,0.0878038276486034,0.012,0.10888526071052959,0
2,up,0.625,0.33974136882245237,0.062137019134748776,0.296,0.6295903430009072,0
2,up,0.65,0.44847286774476924,0.048783480375398355,1.642,1.1738125915153577,1
2,up,0.675,0.44051848974047403,0.016471992908612423,1.878,0.9225594831771012,0
2,up,0.7,0.6249458389417162,0.012779694508870098,2.786,0.9737576700596509,2
2,up,0.725,0.718437420873528,0.0025081825476284043,1.0,0.0,1
2,up,0.75,0.7597836960372895,0.0005897071760890965,1.0,0.0,1
2,up,0.775,0.7888357958460662,0.00020786201141422166,1.0,0.0,1
2,up,0.8,0.8113169854489933,9.604863009821244e-05,1.0,0.0,1
2,up,0.825,0.8295120534770645,4.663992736385478e-05,1.0,0.0,1
2,up,0.85,0.8446496011716372,2.3970848804480227e-05,1.0,0.0,1
2,up,0.875,0.8574915644952091,1.2857782155168345e-05,1.0,0.0,1
2,up,0.9,0.8685482231053531,7.134948790128321e-06,1.0,0.0,1
2,up,0.925,0.8781799596891767,4.07056633054783e-06,1.0,0.0,1
2,up,0.95,0.8866513390910992,2.3766085203206e-06,1.0,0.0,1
2,up,0.975,0.8941624368912849,1.4150572282891532e-06,1.0,0.0,1
2,up,1.0,0.9008681742460578,8.568665592933937e-07,1.0,0.0,1
2,up,1.025,0.9068908477625073,5.26534293330024e-07,1.0,0.0,1
2,up,1.05,0.9123285716415931,3.2775165699823736e-07,1.0,0.0,1
2,up,1.075,0.9172611493059962,2.0636372590689948e-07,1.0,0.0,1
2,up,1.1,0.9217542666946184,1.3126869237357287e-07,1.0,0.0,1
2,up,1.125,0.9258625547872301,8.42710403676414e-08,1.0,0.0,1
2,up,1.15,0.9296318697167405,5.455056691168852e-08,1.0,0.0,1
2,up,1.175,0.9331010189819046,3.557868879698496e-08,1.0,0.0,1
2,up,1.2,0.9363030876636123,2.336461131047576e-08,1.0,0.0,1
2,down,1.2,0.936303099327002,1.9648124732211281e-16,1.0,0.0,1
2,down,1.175,0.9331010540992275,3.3332159698853524e-08,1.0,0.0,1
2,down,1.15,0.92963192466715,5.0952670263250124e-08,1.0,0.0,1
2,down,1.125,0.9258626415190931,7.845113328653577e-08,1.0,0.0,1
2,down,1.1,0.9217544049048543,1.21750034452274e-07,1.0,0.0,1
2,down,1.075,0.9172613719005449,1.9060339394433543e-07,1.0,0.0,1
2,down,1.05,0.912328934418325,3.012960534859858e-07,1.0,0.0,1
2,down,1.025,0.9068914469349824,4.81433374873298e-07,1.0,0.0,1
2,down,1.0,0.90086917889711,7.786183012643901e-07,1.0,0.0,1
2,down,0.975,0.8941641506784481,1.2765442836148909e-06,1.0,0.0,1
2,down,0.95,0.8866543211768816,2.1256522777664486e-06,1.0,0.0,1
2,down,0.925,0.878185270234291,3.6033568240601272e-06,1.0,0.0,1
2,down,0.9,0.8685579427249082,6.236643652615293e-06,1.0,0.0,1
2,down,0.875,0.85750994929411,1.1062169947129144e-05,1.0,0.0,1
2,down,0.85,0.8446858115022967,2.020552941036955e-05,1.0,0.0,1
2,down,0.825,0.8295871124538691,3.824828322124878e-05,1.0,0.0,1
2,down,0.8,0.8114834276784145,7.5693239947265e-05,1.0,0.0,1
2,down,0.775,0.7892394209110083,0.00015860397994938103,1.0,0.0,1
2,down,0.75,0.7609394117980823,0.0003590599886885702,1.0,0.0,1
2,down,0.725,0.7229275286465215,0.000910021232917603,1.0,0.0,1
2,down,0.7,0.6666118031278409,0.002753377384745514,1.0,0.0,1
2,down,0.675,0.5621425787677947,0.011353994126101646,2.208,0.8250672699846965,1
2,down,0.65,0.23720701878374853,0.06828266659949535,0.502,0.902217268732981,0
2,down,0.625,0.34498329475250417,0.07107441923928051,0.766,0.9503914982784727,0
2,down,0.6,0.3624367961268686,0.06150293515440633,0.364,0.5928777276977101,2
2,down,0.575,0.22733610732230897,0.02109233252943326,0.01,0.11789826122551596,0
2,down,0.55,0.3148151715573422,0.03910789650999079,0.114,0.317811264746862,0
2,down,0.525,0.09876683710813017,0.03647701338057255,0.022,0.14668333238647124,0
2,down,0.5,0.13703531768529773,0.012817969133327197,0.0,0.0,0
2,down,0.475,0.09288380206011634,0.026738426081734337,0.0,0.0,0
2,down,0.45,0.06810736573855504,0.02736639789399733,0.0,0.0,0
2,down,0.425,0.06037825647902254,0.03335064558876605,0.0,0.0,0
2,down,0.4,0.09111330955407074,0.04631948207059751,0.0,0.0,0
3,up,0.4,0.0824316130881245,0.028273536650297304,0.0,0.0,0
3,up,0.425,0.07490334060177936,0.03502695974686968,0.0,0.0,0
3,up,0.45,0.09915134920319883,0.018421808409130314,0.0,0.0,0
3,up,0.475,0.19516921857483865,0.015833171438259356,0.002,0.044676615807377355,0
3,up,0.5,0.18538374199473914,0.06790131191453794,0.01,0.09949874371066199,0
3,up,0.525,0.3083280944115584,0.03924070140710619,0.048,0.2137662274541982,0
3,up,0.55,0.2257951009151188,0.07350949634451166,0.032,0.176,0
3,up,0.575,0.5524230733687394,0.04603294274073919,2.286,1.1799169462296912,0
3,up,0.6,0.3336912092663864,0.08555081424725024,0.71,0.7911384202527394,0
3,up,0.625,0.586212014559103,0.03161472439880786,2.658,0.9924897984362357,1
3,up,0.65,0.600273969871263,0.00508357643753598,2.712,0.8837737266970546,5
3,up,0.675,0.6707828876321109,0.005902013472032283,1.67,0.6333245613427605,2
3,up,0.7,0.7213387344393036,0.0021352915076993865,1.158,0.3647410040014694,1
3,up,0.725,0.7568610025230288,0.0013540312834778433,1.042,0.20058913230780978,1
3,up,0.75,0.7843672833361893,0.0005609075941259559,1.0,0.0,1
3,up,0.775,0.8064343061859701,0.00015431810105064886,1.0,0.0,1
3,up,0.8,0.8246090646530216,4.5164944603430655e-05,1.0,0.0,1
3,up,0.825,0.839890863548882,2.4564564666441735e-05,1.0,0.0,1
3,up,0.85,0.8529548530013087,1.3507938334777367e-05,1.0,0.0,1
3,up,0.875,0.8642665151835299,7.6119009932839945e-06,1.0,0.0,1
3,up,0.9,0.8741626013191088,4.388767021327394e-06,1.0,0.0,1
3,up,0.925,0.8828948681706865,2.5812583160714355e-06,1.0,0.0,1
3,up,0.95,0.8906565392853559,1.54491847644739e-06,1.0,0.0,1
3,up,0.975,0.8975990709518368,9.390883171545937e-07,1.0,0.0,1
3,up,1.0,0.9038432593142672,5.787782055007868e-07,1.0,0.0,1
3,up,1.025,0.9094868653753047,3.611602052252385e-07,1.0,0.0,1
3,up,1.05,0.9146100036651955,2.2788957772602409e-07,1.0,0.0,1
3,up,1.075,0.9192790439810729,1.4524658299821776e-07,1.0,0.0,1
3,up,1.1,0.9235494955472049,9.341594295761319e-08,1.0,0.0,1
3,up,1.125,0.9274681775037648,6.057540581696812e-08,1.0,0.0,1
3,up,1.15,0.9310748781237123,3.957331266729109e-08,1.0,0.0,1
3,up,1.175,0.9344036408673325,2.602843047263029e-08,1.0,0.0,1
3,up,1.2,0.9374837735437374,1.722562247358625e-08,1.0,0.0,1
3,down,1.2,0.9374837820430013,9.85537918881547e-17,1.0,0.0,1
3,down,1.175,0.9344036662650919,2.4453151398671918e-08,1.0,0.0,1
3,down,1.15,0.9310749174813653,3.7080165132978e-08,1.0,0.0,1
3,down,1.125,0.9274682389608431,5.659522473634989e-08,1.0,0.0,1
3,down,1.1,0.9235495923180644,8.700127257337708e-08,1.0,0.0,1
3,down,1.075,0.9192791977648465,1.34800443186541e-07,1.0,0.0,1
3,down,1.05,0.9146102505435088,2.1068322881542164e-07,1.0,0.0,1
3,down,1.025,0.9094872661823034,3.3246077985832127e-07,1.0,0.0,1
3,down,1.0,0.9038439182072429,5.30239821411689e-07,1.0,0.0,1
3,down,0.975,0.8976001693574731,8.557191901913134e-07,1.0,0.0,1
3,down,0.95,0.8906583994183684,1.3992173210721345e-06,1.0,0.0,1
3,down,0.925,0.8828980751440111,2.3215373760944677e-06,1.0,0.0,1
3,down,0.9,0.8741682455044135,3.91508038835399e-06,1.0,0.0,1
3,down,0.875,0.8642766920580148,6.724486135367137e-06,1.0,0.0,1
3,down,0.85,0.8529737432752519,1.1793216941373447e-05,1.0,0.0,1
3,down,0.825,0.8399271908631527,2.1189171368033967e-05,1.0,0.0,1
3,down,0.8,0.8246815340293053,3.9180657604065976e-05,1.0,0.0,1
3,down,0.775,0.8065876636684006,7.49928965192033e-05,1.0,0.0,1
3,down,0.75,0.7846718830893108,0.0001493456896685239,1.0,0.0,1
3,down,0.725,0.7573698422964706,0.0003087198192013636,1.0,0.0,1
3,down,0.7,0.7220420294458408,0.0007801464437735372,1.0,0.0,1
3,down,0.675,0.6738371058447492,0.0026788461293285673,1.046,0.2094850830011531,1
3,down,0.65,0.6005685800104836,0.007555209619531991,2.75,1.00772019926168,4
3,down,0.625,0.47304694462910324,0.027406785209442452,1.878,0.9731988491567384,2
3,down,0.6,0.49388264774251606,0.06429543849704489,1.544,1.232908755747967,2
3,down,0.575,0.3109307727098746,0.014780033791287894,0.074,0.26177089219391836,0
3,down,0.55,0.32192913279252183,0.053039095185607885,0.094,0.2918287168871494,0
3,down,0.525,0.1310453816841262,0.09203701695166965,0.002,0.044676615807377355,0
3,down,0.5,0.285320384568962,0.060790853238251334,0.08,0.27856776554368234,0
3,down,0.475,0.25263214794945504,0.02226347805158892,0.014,0.1174904251417961,0
3,down,0.45,0.050665300534894056,0.014229523041005627,0.0,0.0,0
3,down,0.425,0.06689684939674767,0.038355982809735206,0.0,0.0,0
3,down,0.4,0.08043031008490359,0.019638542967903204,0.0,0.0,0
4,up,0.4,0.11865036980624058,0.0216350818839458,0.0,0.0,0
4,up,0.425,0.2468160103043403,0.04279215677800864,0.01,0.09949874371066199,0
4,up,0.45,0.28428302318874876,0.019251866915984253,0.02,0.13999999999999999,0
4,up,0.475,0.24654137589220107,0.027293473765127946,0.004,0.063118935352238,0
4,up,0.5,0.33269122578073573,0.031219086054755533,0.062,0.24115555146004827,0
4,up,0.525,0.3153313000717949,0.03436599054755413,0.06,0.23748684174075835,0
4,up,0.55,0.3904602999543132,0.023582787534265105,0.246,0.45769422106904517,0
4,up,0.575,0.2956628625734511,0.006806016566362744,0.022,0.14668333238647124,0
4,up,0.6,0.4410323872351856,0.07474848097064093,1.574,1.3610745754733646,0
4,up,0.625,0.48548608979310826,0.042281339309959795,1.694,0.8856432690423386,3
4,up,0.65,0.5167892146689914,0.01654146763189727,2.692,1.1632437405806233,2
4,up,0.675,0.633979542503754,0.008882376346962179,1.728,0.8820521526531182,3
4,up,0.7,0.7040764556770628,0.002625487654754113,1.304,0.4599826083668816,1
4,up,0.725,0.7459695218346397,0.0008416504305324388,1.048,0.21376622745419815,1
4,up,0.75,0.7766870117118495,0.0005903953333131361,1.0,0.0,1
4,up,0.775,0.8006597563775085,0.0001681706457442033,1.0,0.0,1
4,up,0.8,0.8200701515515711,6.306199224871845e-05,1.0,0.0,1
4,up,0.825,0.8361993919126808,3.176705362323658e-05,1.0,0.0,1
4,up,0.85,0.8498747529272784,1.6884486711802147e-05,1.0,0.0,1
4,up,0.875,0.8616452928131375,9.275671703396526e-06,1.16,0.36660605559646714,1
4,up,0.9,0.8718965779899334,5.2384360540677595e-06,1.148,0.355099985919459,1
4,up,0.925,0.8809107218962915,3.0294626801467426e-06,1.226,0.4182391660282428,1
4,up,0.95,0.8889007019690432,1.7885205719453867e-06,1.162,0.368450810828257,1
4,up,0.975,0.8960313250780164,1.0751427563784573e-06,1.212,0.40872484632084705,2
4,up,1.0,0.9024327079706373,6.566378400570354e-07,1.236,0.42462218500685994,2
4,up,1.025,0.9082093038283418,4.066791708307908e-07,1.25,0.4330127018922193,1
4,up,1.05,0.9134461502866774,2.54999553947232e-07,1.24,0.4270831300812525,1
4,up,1.075,0.9182133158844878,1.6165347254115515e-07,1.232,0.4221089906647334,1
4,up,1.1,0.922569139994526,1.034839066005117e-07,1.218,0.4128873938497033,1
4,up,1.125,0.9265626420779477,6.682838483526786e-08,1.204,0.4029689814365369,1
4,up,1.15,0.9302353451332085,4.349806101295383e-08,1.188,0.3907121702737195,1
4,up,1.175,0.9336226772482513,2.8514891972094585e-08,1.172,0.3773804446443933,1
4,up,1.2,0.9367550636180378,1.8814009198582846e-08,1.154,0.3609487498246808,1
4,down,1.2,0.9367550729310993,2.2725698534629936e-16,1.146,0.3531062163145815,1
4,down,1.175,0.9336227051645332,2.676617422580745e-08,1.09,0.28618176042508375,2
4,down,1.15,0.9302353885599033,4.071641543309299e-08,1.188,0.3907121702737195,1
4,down,1.125,0.9265627101789625,6.236204274155828e-08,1.204,0.4029689814365369,1
4,down,1.1,0.9225692477423681,9.623798732321901e-08,1.218,0.4128873938497033,1
4,down,1.075,0.918213488045732,1.4976276949932904e-07,1.178,0.38251274488570974,2
4,down,1.05,0.913446428393141,2.3523706493991037e-07,1.242,0.4282942913464992,1
4,down,1.025,0.9082097585952315,3.733657575126854e-07,1.248,0.43185182644050485,1
4,down,1.0,0.9024334618707271,5.99588423120082e-07,1.254,0.4352975993501458,1
4,down,0.975,0.8960325943178443,9.757040721320344e-07,1.208,0.4058768286069063,2
4,down,0.95,0.8889028765600676,1.6117183295193786e-06,1.162,0.368450810828257,1
4,down,0.925,0.8809145229066371,2.7079460800373645e-06,1.226,0.4182391660282428,1
4,down,0.9,0.871903376996754,4.638415899430306e-06,1.148,0.355099985919459,1
4,down,0.875,0.8616577874689704,8.121323620306115e-06,1.172,0.37738044464439324,2
4,down,0.85,0.8498984672356726,1.4580470926259988e-05,1.0,0.0,1
4,down,0.825,0.8362462156506759,2.6947382487997426e-05,1.0,0.0,1
4,down,0.8,0.8201673367218608,5.154692023558986e-05,1.0,0.0,1
4,down,0.775,0.8008748578011816,0.00010286863479556964,1.0,0.0,1
4,down,0.75,0.7771336553573115,0.00021690349692335853,1.0,0.0,1
4,down,0.725,0.7468353661573963,0.0004947184674070003,1.0,0.0,1
4,down,0.7,0.7060645907448679,0.001283671820763694,1.0,0.0,1
4,down,0.675,0.6470299914039507,0.003963423460442954,1.01,0.099498743710662,1
4,down,0.65,0.5432834566395149,0.012970129181690144,1.818,0.9235128586002471,3
4,down,0.625,0.34166778904089956,0.055598064417166825,1.082,1.0541707641554094,0
4,down,0.6,0.4344731407742267,0.08002638230030333,1.288,1.4646009695476783,0
4,down,0.575,0.34708245251375636,0.008280683037701167,0.214,0.4606560539057312,1
4,down,0.55,0.4223464949596479,0.05058323947675236,0.51,0.8086408349817612,2
4,down,0.525,0.2425651485122622,0.0102512872040539,0.004,0.063118935352238,0
4,down,0.5,0.3339882455538374,0.08314494282541027,0.126,0.3378224385679554,0
4,down,0.475,0.3012594362833719,0.01784684377928717,0.012,0.10888526071052962,0
4,down,0.45,0.289718355628779,0.0154953277511724,0.002,0.044676615807377355,0
4,down,0.425,0.23851721445101934,0.02435380384874123,0.0,0.0,0
4,down,0.4,0.16444561020320042,0.04776065164794666,0.0,0.0,0
5,up,0.4,0.05155923384969442,0.024782977522182954,0.0,0.0,0
5,up,0.425,0.09413293015902477,0.022037040710032624,0.0,0.0,0
5,up,0.45,0.2074192833367357,0.03211659148585389,0.002,0.044676615807377355,0
5,up,0.475,0.14114496403379795,0.0691845827171069,0.0,0.0,0
5,up,0.5,0.2588686545382908,0.03715577143398889,0.01,0.09949874371066199,0
5,up,0.525,0.23877066793021506,0.010614554994319004,0.012,0.1088852607105296,0
5,up,0.55,0.37718190855813216,0.04249492149927442,0.164,0.38092518950576104,0
5,up,0.575,0.43789583241334024,0.026916039534453616,0.858,0.8011466782056829,1
5,up,0.6,0.5069676555792033,0.03392833520195176,1.822,1.0928476563547183,1
5,up,0.625,0.4156817436972765,0.022561498720481268,1.732,0.827149321464994,2
5,up,0.65,0.5766856306608826,0.0064169495691415,2.548,1.0656903865569962,1
5,up,0.675,0.6878085488791239,0.007121229600985011,1.398,0.5509954627762373,1
5,up,0.7,0.7418004763921409,0.0015420705153212438,1.006,0.07722693830523131,1
5,up,0.725,0.776028626041309,0.0003677616266513495,1.0,0.0,1
5,up,0.75,0.8019104058116929,0.00017920271625154416,1.0,0.0,1
5,up,0.775,0.8224120790579431,8.046308131557861e-05,1.0,0.0,1
5,up,0.8,0.8392170579888963,4.016103177184038e-05,1.0,0.0,1
5,up,0.825,0.8533165900661197,2.1062605635816013e-05,1.0,0.0,1
5,up,0.85,0.8653486963169384,1.1497355207754376e-05,1.026,0.15913516267626085,1
5,up,0.875,0.8757521299265245,6.480793549293901e-06,1.044,0.20509509989270833,1
5,up,0.9,0.884842916324503,3.749971299193362e-06,1.088,0.2832948993540124,2
5,up,0.925,0.8928566562701058,2.217470136600816e-06,1.112,0.31536645351083237,2
5,up,0.95,0.8999737452790028,1.3355040114226678e-06,1.092,0.289025950392002,2
5,up,0.975,0.9063352923132219,8.170649907650307e-07,1.058,0.23374344910606584,2
5,up,1.0,0.9120536295019391,5.067606539014398e-07,1.042,0.20058913230780978,1
5,up,1.025,0.9172195070417484,3.1810616897599493e-07,1.0,0.0,1
5,up,1.05,0.9219071678227575,2.0182844387546397e-07,1.0,0.0,1
5,up,1.075,0.9261780167155191,1.29285360691286e-07,1.0,0.0,1
5,up,1.1,0.930083330066166,8.353399927821734e-08,1.0,0.0,1
5,up,1.125,0.9336662928001808,5.439672668496154e-08,1.0,0.0,1
5,up,1.15,0.9369635540890148,3.567574428070698e-08,1.0,0.0,1
5,up,1.175,0.9400064317357515,2.355033674661221e-08,1.0,0.0,1
5,up,1.2,0.9428218559856866,1.5639005968896587e-08,1.0,0.0,1
5,down,1.2,0.9428218636753061,1.317381490490217e-16,1.0,0.0,1
5,down,1.175,0.9400064546428633,2.213652857459301e-08,1.0,0.0,1
5,down,1.15,0.9369635894661763,3.344589276079754e-08,1.0,0.0,1
5,down,1.125,0.933666347847116,5.084946446050755e-08,1.0,0.0,1
5,down,1.1,0.9300834164276438,7.783741821789026e-08,1.0,0.0,1
5,down,1.075,0.9261781534413015,1.200411661015199e-07,1.0,0.0,1
5,down,1.05,0.9219073864726343,1.8665231603614774e-07,1.0,0.0,1
5,down,1.025,0.9172198606434172,2.928663649825465e-07,1.0,0.0,1
5,down,1.0,0.9120542085775578,4.641656146287201e-07,1.084,0.2773878151613729,1
5,down,0.975,0.9063362541900619,7.439765104274446e-07,1.05,0.21794494717703367,1
5,down,0.95,0.8999753690579573,1.207676530075233e-06,1.09,0.28618176042508375,1
5,down,0.925,0.8928594489324109,1.988904178746059e-06,1.056,0.22992172581119863,1
5,down,0.9,0.8848478245198639,3.33053379191878e-06,1.056,0.22992172581119863,1
5,down,0.875,0.8757609795381106,5.687080358204972e-06,1.088,0.28329489935401236,1
5,down,0.85,0.8653651477490978,9.939243880425424e-06,1.026,0.15913516267626082,1
5,down,0.825,0.8533483317438888,1.7865463168803057e-05,1.0,0.0,1
5,down,0.8,0.8392811935548226,3.323622109823888e-05,1.0,0.0,1
5,down,0.775,0.8225495397247714,6.451943040693165e-05,1.0,0.0,1
5,down,0.75,0.8022290145652883,0.00013212051568896882,1.0,0.0,1
5,down,0.725,0.7768285140023747,0.0002898280162163454,1.0,0.0,1
5,down,0.7,0.7436837210382635,0.0006937964120256676,1.0,0.0,1
5,down,0.675,0.6972020541362977,0.0017888925407852062,1.0,0.0,1
5,down,0.65,0.6234709698958355,0.004694167124053486,1.518,0.8727405112632276,2
5,down,0.625,0.4687916632316053,0.024429664872140457,2.1,0.8520563361656317,2
5,down,0.6,0.5636449479403672,0.052780012154891844,2.672,1.3358203472024222,3
5,down,0.575,0.3631711916933924,0.00928063773381197,0.18,0.4044749683231337,1
5,down,0.55,0.3176599113388712,0.08625087295377501,0.112,0.33978816930552486,1
5,down,0.525,0.21071977482306448,0.021192786098068742,0.008,0.08908422980528033,0
5,down,0.5,0.2591002310734148,0.028325910598736775,0.03,0.1705872210923198,0
5,down,0.475,0.19452926530596826,0.04172945673655,0.0,0.0,0
5,down,0.45,0.1708220372387897,0.04351727978039672,0.016,0.125475097130865,0
5,down,0.425,0.16942046498116656,0.02038757973624178,0.014,0.11749042514179611,0
5,down,0.4,0.05396950369792167,0.01693602460947202,0.0,0.0,0
6,up,0.4,0.047794923569707264,0.019859251795731538,0.0,0.0,0
6,up,0.425,0.12636931497247914,0.024970600317374615,0.0,0.0,0
6,up,0.45,0.11077002488473574,0.02065936512194582,0.0,0.0,0
6,up,0.475,0.1507716805288,0.03663997911822935,0.0,0.0,0
6,up,0.5,0.15196199600885393,0.05606348574687039,0.0,0.0,0
6,up,0.525,0.2174278155178449,0.0330078994890344,0.008,0.08908422980528033,0
6,up,0.55,0.2754863276332984,0.026746066068855295,0.026,0.15913516267626085,0
6,up,0.575,0.2262789340894379,0.03376435753128989,0.022,0.14668333238647127,0
6,up,0.6,0.47007796494360615,0.07709928182254212,1.216,1.0204626401784633,1
6,up,0.625,0.5318858921444332,0.0675959061864516,2.35,1.2130539971493437,0
6,up,0.65,0.3569469439166513,0.06390831094851145,0.684,0.7772670068901677,0
6,up,0.675,0.5922417321333239,0.032270487769612693,2.89,0.9989494481704267,3
6,up,0.7,0.6135497489113609,0.008142150765595518,2.41,1.3014991356124674,3
6,up,0.725,0.7058137531080753,0.0036980274638850974,1.102,0.3026483107502832,1
6,up,0.75,0.75357056633165,0.0008038172280346423,1.024,0.1530490117576719,1
6,up,0.775,0.7844318062895732,0.0002658685408864509,1.0,0.0,1
6,up,0.8,0.8077865355923787,0.00012029568397088298,1.0,0.0,1
6,up,0.825,0.8264577769388288,5.702273081617781e-05,1.0,0.0,1
6,up,0.85,0.8418979558631697,2.8642144066171615e-05,1.0,0.0,1
6,up,0.875,0.8549580178572503,1.508475884751754e-05,1.0,0.0,1
6,up,0.9,0.8661871224771047,8.241358025274717e-06,1.074,0.2617708921939183,1
6,up,0.925,0.8759640657526206,4.638974497668569e-06,1.0,0.0,1
6,up,0.95,0.8845627271178823,2.677415086579977e-06,1.0,0.0,1
6,up,0.975,0.892188181058085,1.5786458461183713e-06,1.112,0.3153664535108324,2
6,up,1.0,0.8989982004517363,9.481033342025843e-07,1.0,0.0,1
6,up,1.025,0.9051168244497827,5.786109459739758e-07,1.0,0.0,1
6,up,1.05,0.9106433174823222,3.581077311935191e-07,1.0,0.0,1
6,up,1.075,0.9156583057346173,2.243958415861525e-07,1.164,0.37027557305336795,1
6,up,1.1,0.9202281090594141,1.42161746917434e-07,1.0,0.0,1
6,up,1.125,0.9244078772905291,9.095020653431332e-08,1.0,0.0,1
6,up,1.15,0.9282439102774861,5.87002351879294e-08,1.0,0.0,1
6,up,1.175,0.9317754061359573,3.81869971707616e-08,1.0,0.0,1
6,up,1.2,0.9350357999980583,2.5021064494076724e-08,1.0,0.0,1
6,down,1.2,0.9350358125189987,1.623357157714821e-16,1.0,0.0,1
6,down,1.175,0.9317754439146306,3.5753054699313174e-08,1.0,0.0,1
6,down,1.15,0.9282439695474041,5.478815049280975e-08,1.0,0.0,1
6,down,1.125,0.9244079711175197,8.459597289092944e-08,1.0,0.0,1
6,down,1.1,0.9202282590805597,1.3171992932241057e-07,1.0,0.0,1
6,down,1.075,0.9156585482856303,2.07012757313796e-07,1.0,0.0,1
6,down,1.05,0.9106437145455563,3.287454182670416e-07,1.118,0.3226081214104815,2
6,down,1.025,0.9051174836365937,5.281962176394069e-07,1.0,0.0,1
6,down,1.0,0.8989993123629546,8.599244009572136e-07,1.0,0.0,1
6,down,0.975,0.8921900910795032,1.421124756911053e-06,1.344,0.4750410508577127,1
6,down,0.95,0.8845660778291378,2.389099923295487e-06,1.0,0.0,1
6,down,0.925,0.8759700900908941,4.096064767390228e-06,1.0,0.0,1
6,down,0.9,0.8661982747030762,7.183789696106884e-06,1.0,0.0,1
6,down,0.875,0.854979407866022,1.2936806137563488e-05,1.0,0.0,1
6,down,0.85,0.8419408432767685,2.4038246902064768e-05,1.0,0.0,1
6,down,0.825,0.8265488857551068,4.640362205151266e-05,1.0,0.0,1
6,down,0.8,0.8079957785405254,9.405476044352417e-05,1.0,0.0,1
6,down,0.775,0.7849623401626395,0.00020381375377451252,1.0,0.0,1
6,down,0.75,0.755045519986425,0.0004882499763694403,1.0,0.0,1
6,down,0.725,0.7130781097366872,0.0013890992327787682,1.0,0.0,1
6,down,0.7,0.6448711726986244,0.005307409094380607,1.442,0.7089682644519429,1
6,down,0.675,0.48187637407716005,0.031394743170934464,2.55,1.0523782589924593,2
6,down,0.65,0.5557326260563484,0.06829419500709427,2.262,1.5090911171960426,4
6,down,0.625,0.3936231246060484,0.024713412587205236,0.764,0.8833481759759285,1
6,down,0.6,0.4509165567158659,0.1378271206157682,0.978,1.130272533506853,1
6,down,0.575,0.34836573795979003,0.03721625489601531,0.14,0.37469987990390385,0
6,down,0.55,0.17390511641900808,0.03534358751625221,0.004,0.063118935352238,0
6,down,0.525,0.1743977480856486,0.01755176761633481,0.0,0.0,0
6,down,0.5,0.05671403139462939,0.04484131701551695,0.0,0.0,0
6,down,0.475,0.21049366839966296,0.03743020371490421,0.016,0.125475097130865,0
6,down,0.45,0.05097907700385222,0.028746962118513058,0.0,0.0,0
6,down,0.425,0.09773014101394295,0.05366789287217124,0.0,0.0,0
6,down,0.4,0.052388072830487936,0.02431602901751531,0.0,0.0,0
7,up,0.4,0.08655592415339473,0.018890356300807924,0.0,0.0,0
7,up,0.425,0.17325095667873167,0.01388231875079064,0.036,0.18629009635512025,0
7,up,0.45,0.3267491380392174,0.009088760508667275,0.038,0.19119623427254,0
7,up,0.475,0.3912932153669653,0.03135065335501998,0.246,0.5074288127412554,1
7,up,0.5,0.37442231488906713,0.014079282442944187,0.062,0.24115555146004825,0
7,up,0.525,0.40331887304453734,0.051445537791413885,0.404,0.6846780265204951,0
7,up,0.55,0.46392647347016536,0.051625158141817847,1.256,1.1791793756676716,0
7,up,0.575,0.4573349423309212,0.052120446854341494,1.608,1.267413113392788,1
7,up,0.6,0.5126299397093825,0.026423359775629908,2.338,0.8624128941522152,2
7,up,0.625,0.5806160703766964,0.005909719528417097,2.004,0.6033108651433354,2
7,up,0.65,0.675828438960249,0.0050769769312759274,1.33,0.5376802023508026,2
7,up,0.675,0.7367658928173928,0.0021418523978547544,1.094,0.2918287168871494,1
7,up,0.7,0.7751648557559154,0.001252987089541279,1.0,0.0,1
7,up,0.725,0.8029718730080305,0.0005223339308744583,1.0,0.0,1
7,up,0.75,0.8246073023530578,0.00012995136890222957,1.0,0.0,1
7,up,0.775,0.8420796771327087,5.076595632484914e-05,1.0,0.0,1
7,up,0.8,0.8565526558067347,2.6428226010038245e-05,1.0,0.0,1
7,up,0.825,0.8687833689029854,1.4400013451518454e-05,1.0,0.0,1
7,up,0.85,0.8792765949007948,8.076071946576215e-06,1.0,0.0,1
7,up,0.875,0.8883881645237931,4.638732046568736e-06,1.0,0.0,1
7,up,0.9,0.8963786351908273,2.7199896075868624e-06,1.0,0.0,1
7,up,0.925,0.9034444141743977,1.624290667255817e-06,1.0,0.0,1
7,up,0.95,0.9097370537761693,9.858863948255085e-07,1.0,0.0,1
7,up,0.975,0.9153757809425946,6.071625581207818e-07,1.0,0.0,1
7,up,1.0,0.9204559385884997,3.7881902452323216e-07,1.0,0.0,1
7,up,1.025,0.925054846941357,2.3912044118358703e-07,1.0,0.0,1
7,up,1.05,0.9292359781869794,1.525243232223623e-07,1.0,0.0,1
7,up,1.075,0.9330519953717651,9.820699143022792e-08,1.0,0.0,1
7,up,1.1,0.9365470070158698,6.377162053515155e-08,1.0,0.0,1
7,up,1.125,0.9397582681184883,4.1729726120568684e-08,1.0,0.0,1
7,up,1.15,0.9427174827460815,2.7497393821950486e-08,1.0,0.0,1
7,up,1.175,0.9454518148973968,1.823465763523285e-08,1.0,0.0,1
7,up,1.2,0.9479846824293441,1.2162633317595812e-08,1.0,0.0,1
7,down,1.2,0.9479846883442354,2.682056184997641e-16,1.0,0.0,1
7,down,1.175,0.9454518324404851,1.7168106605682588e-08,1.0,0.0,1
7,down,1.15,0.9427175096922766,2.5824487828377374e-08,1.0,0.0,1
7,down,1.125,0.9397583098063838,3.908387507622903e-08,1.0,0.0,1
7,down,1.1,0.9365470720202891,5.9548785479271875e-08,1.0,0.0,1
7,down,1.075,0.9330520976153323,9.139977193292313e-08,1.0,0.0,1
7,down,1.05,0.9292361405461402,1.4143027129437594e-07,1.0,0.0,1
7,down,1.025,0.9250551075021345,2.2082072931683396e-07,1.0,0.0,1
7,down,1.0,0.9204563616886547,3.4822983659815416e-07,1.0,0.0,1
7,down,0.975,0.9153764770395763,5.552748742674677e-07,1.0,0.0,1
7,down,0.95,0.9097382159673061,8.964278631963506e-07,1.0,0.0,1
7,down,0.925,0.9034463869642141,1.4672355893354387e-06,1.0,0.0,1
7,down,0.9,0.8963820476125165,2.438563171375414e-06,1.0,0.0,1
7,down,0.875,0.8883941963565253,4.1224185801760174e-06,1.0,0.0,1
7,down,0.85,0.8792875303884925,7.101835701402333e-06,1.0,0.0,1
7,down,0.825,0.8688038060595064,1.2495797524425899e-05,1.0,0.0,1
7,down,0.8,0.8565923188926418,2.2525064473300866e-05,1.0,0.0,1
7,down,0.775,0.8421608523608731,4.180626560768977e-05,1.0,0.0,1
7,down,0.75,0.8247891902246733,8.06455295274253e-05,1.0,0.0,1
7,down,0.725,0.8033649127501048,0.0001651683370860774,1.0,0.0,1
7,down,0.7,0.7760458187958229,0.0003892375772734469,1.0,0.0,1
7,down,0.675,0.7396533201581068,0.0014680019940291641,1.0,0.0,1
7,down,0.65,0.686939099980031,0.0027184059768116616,1.034,0.18122913673027302,1
7,down,0.625,0.6007346885261461,0.007746271680939682,1.272,0.44498988752554813,2
7,down,0.6,0.45302034028036947,0.03393765493719018,1.902,0.946781917867045,3
7,down,0.575,0.5148090751221934,0.122050519461057,2.008,1.7787456254338336,4
7,down,0.55,0.4518279844035947,0.02568176355815875,1.366,0.8989126765153554,2
7,down,0.525,0.5536402058426898,0.06852416891462974,1.976,1.275705295121095,0
7,down,0.5,0.37826706498493984,0.02477340934587806,0.176,0.3911828217087248,1
7,down,0.475,0.4010260578838071,0.06583284032915104,0.202,0.4660429164787295,1
7,down,0.45,0.2728259807930392,0.04086238790374827,0.02,0.13999999999999996,0
7,down,0.425,0.22291427626209537,0.01945566071321122,0.002,0.044676615807377355,0
7,down,0.4,0.24207666695918456,0.06573072930599577,0.008,0.08908422980528033,0
8,up,0.4,0.11031218087611303,0.0511005641256941,0.0,0.0,0
8,up,0.425,0.07286072918009041,0.03993795914212417,0.002,0.044676615807377355,0
8,up,0.45,0.05515491265345144,0.037757729823113526,0.0,0.0,0
8,up,0.475,0.06312821322816636,0.04589978485922314,0.0,0.0,0
8,up,0.5,0.1456093123115342,0.03638769258188208,0.002,0.044676615807377355,0
8,up,0.525,0.08349089622511392,0.04460942939146392,0.0,0.0,0
8,up,0.55,0.31535185498636037,0.0558074633591291,0.1,0.3,0
8,up,0.575,0.24407238190321498,0.035216615569100794,0.014,0.11749042514179613,0
8,up,0.6,0.43366582377249907,0.12231684235840481,1.334,1.2784537535632645,0
8,up,0.625,0.40975557789951167,0.0860357283216284,1.238,1.1425217722214311,0
8,up,0.65,0.42837543156685887,0.027039073995151437,1.636,0.9505282741717891,1
8,up,0.675,0.48245380335940546,0.014937585190643981,2.346,0.875376490431403,4
8,up,0.7,0.6168007011170545,0.007074336215270975,1.908,0.8506091934607808,3
8,up,0.725,0.699786089630222,0.003951402033805612,1.01,0.09949874371066199,1
8,up,0.75,0.7459117384265044,0.0012432786322107863,1.0,0.0,1
8,up,0.775,0.7775981781328847,0.00032015645059879416,1.0,0.0,1
8,up,0.8,0.8018180989449466,0.00011143310574752634,1.0,0.0,1
8,up,0.825,0.8212263839905928,5.470964070401072e-05,1.0,0.0,1
8,up,0.85,0.8372769251214183,2.822667861082214e-05,1.0,0.0,1
8,up,0.875,0.8508391650051113,1.5077896331452521e-05,1.0,0.0,1
8,up,0.9,0.8624840260009623,8.31559458860728e-06,1.0,0.0,1
8,up,0.925,0.8726086429589213,4.708396462348293e-06,1.0,0.0,1
8,up,0.95,0.8815012577343438,2.7261788949785968e-06,1.0,0.0,1
8,up,0.975,0.8893779551729337,1.609388781367007e-06,1.0,0.0,1
8,up,1.0,0.8964049140616601,9.664605517963274e-07,1.0,0.0,1
8,up,1.025,0.9027126150993463,5.892323566205378e-07,1.0,0.0,1
8,up,1.05,0.9084052972142672,3.6412717839541684e-07,1.0,0.0,1
8,up,1.075,0.9135674659009321,2.277528940994126e-07,1.0,0.0,1
8,up,1.1,0.9182684989034506,1.4400539022272846e-07,1.0,0.0,1
8,up,1.125,0.9225659831706592,9.194444157620375e-08,1.0,0.0,1
8,up,1.15,0.9265081821611759,5.922305544747801e-08,1.0,0.0,1
8,up,1.175,0.9301358927483365,3.8451407626764556e-08,1.0,0.0,1
8,up,1.2,0.9334838647297213,2.5146115463982747e-08,1.0,0.0,1
8,down,1.2,0.9334838772912806,1.8079940199042606e-16,1.0,0.0,1
8,down,1.175,0.9301359307165751,3.600600746113644e-08,1.0,0.0,1
8,down,1.15,0.9265082418293539,5.5287445628749596e-08,1.0,0.0,1
8,down,1.125,0.9225660777849958,8.554515994092506e-08,1.0,0.0,1
8,down,1.1,0.9182686504239339,1.334819626185289e-07,1.0,0.0,1
8,down,1.075,0.9135677112333495,2.1023025623319222e-07,1.0,0.0,1
8,down,1.05,0.9084056993294034,3.3454432775028204e-07,1.0,0.0,1
8,down,1.025,0.9027132832770165,5.385154269804029e-07,1.0,0.0,1
8,down,1.0,0.8964060415974369,8.780026372986884e-07,1.0,0.0,1
8,down,0.975,0.889379891463588,1.4520744542148157e-06,1.0,0.0,1
8,down,0.95,0.8815046503184883,2.440094012562354e-06,1.0,0.0,1
8,down,0.925,0.8726147276193306,4.1743444407746195e-06,1.0,0.0,1
8,down,0.9,0.8624952455762854,7.2867484963350555e-06,1.0,0.0,1
8,down,0.875,0.8508605622205687,1.301695284608614e-05,1.0,0.0,1
8,down,0.85,0.8373194956904001,2.389238896197554e-05,1.0,0.0,1
8,down,0.825,0.8213157516757094,4.533146741108398e-05,1.0,0.0,1
8,down,0.8,0.8020183768595034,8.976105049431927e-05,1.0,0.0,1
8,down,0.775,0.7781012737434814,0.00018839811707709264,1.0,0.0,1
8,down,0.75,0.7472446962203966,0.00042980865113762754,1.0,0.0,1
8,down,0.725,0.7048504987747295,0.0011082296161037616,1.0,0.0,1
8,down,0.7,0.6403584385943063,0.003379079630961462,1.0,0.0,1
8,down,0.675,0.517541899596356,0.015274980948883762,2.338,1.1982303618253043,1
8,down,0.65,0.3749836570166252,0.044509094598100714,1.27,1.2981140165640306,0
8,down,0.625,0.4629958352208275,0.06071112890324396,1.9,1.2288205727444508,0
8,down,0.6,0.4587700680638983,0.05904450335590367,1.026,0.951485154902587,0
8,down,0.575,0.4232796119529719,0.07817532006320262,0.468,0.7162234288265081,1
8,down,0.55,0.2985711572489902,0.07231607000186076,0.022,0.14668333238647124,0
8,down,0.525,0.13052259379913653,0.07386344496150177,0.008,0.08908422980528033,0
8,down,0.5,0.09881316321332352,0.03230792826554096,0.0,0.0,0
8,down,0.475,0.23946135925372966,0.026366747532435352,0.028,0.16497272501841023,0
8,down,0.45,0.11194835210829186,0.035105003598340026,0.0,0.0,0
8,down,0.425,0.20015853997649605,0.005593661497520353,0.0,0.0,0
8,down,0.4,0.0545073281190742,0.022611958269373494,0.0,0.0,0
9,up,0.4,0.08254919509120476,0.029331042389643666,0.0,0.0,0
9,up,0.425,0.09275023321449412,0.031710321574256246,0.0,0.0,0
9,up,0.45,0.09614426405337108,0.019461295396571338,0.0,0.0,0
9,up,0.475,0.227751346188801,0.023645005678074555,0.01,0.099498743710662,0
9,up,0.5,0.1375230612656482,0.03578277498088948,0.0,0.0,0
9,up,0.525,0.36551108261582577,0.01903594357059296,0.086,0.30757763247674563,1
9,up,0.55,0.21251749982976115,0.06803632787681187,0.022,0.14668333238647124,0
9,up,0.575,0.41769475199918077,0.0854537831165239,0.746,0.7081553501880785,0
9,up,0.6,0.46692888082552586,0.0666831576502701,1.278,1.06241046681591,1
9,up,0.625,0.47208512721645834,0.048388185847679295,1.706,1.2031475387499242,0
9,up,0.65,0.43784781776916837,0.01395157122337958,1.772,0.9423460086401385,1
9,up,0.675,0.583005304823562,0.014440250128388607,2.578,1.033400212889469,1
9,up,0.7,0.6942923521759076,0.003840418152688335,1.302,0.4677563468302701,1
9,up,0.725,0.744204253805387,0.0018541310842384077,1.058,0.23374344910606581,1
9,up,0.75,0.7769804901487598,0.0004017092345841319,1.0,0.0,1
9,up,0.775,0.8019381563898441,0.0001360952888762711,1.0,0.0,1
9,up,0.8,0.8218128085905759,6.839929489313408e-05,1.0,0.0,1
9,up,0.825,0.8381907062603345,3.430552872704605e-05,1.0,0.0,1
9,up,0.85,0.8519914199983377,1.804261411441971e-05,1.0,0.0,1
9,up,0.875,0.8638130385189023,9.84876946740299e-06,1.0,0.0,1
9,up,0.9,0.8740690083433664,5.54325260187558e-06,1.0,0.0,1
9,up,0.925,0.8830583701607172,3.2010233519341236e-06,1.0,0.0,1
9,up,0.95,0.8910048665728679,1.889053411354633e-06,1.0,0.0,1
9,up,0.975,0.8980803744317905,1.1356814969575335e-06,1.0,0.0,1
9,up,1.0,0.9044197519322353,6.937706114691729e-07,1.0,0.0,1
9,up,1.025,0.9101306701756393,4.297558103160819e-07,1.0,0.0,1
9,up,1.05,0.9153003600811725,2.6948727981206435e-07,1.0,0.0,1
9,up,1.075,0.9200003808293732,1.7082774318462385e-07,1.0,0.0,1
9,up,1.1,0.9242900742242521,1.0933918499054194e-07,1.0,0.0,1
9,up,1.125,0.928219120132907,7.059327286145854e-08,1.0,0.0,1
9,up,1.15,0.9318294613177045,4.593632076955892e-08,1.0,0.0,1
9,up,1.175,0.9351567761746098,3.0105086704550635e-08,1.0,0.0,1
9,up,1.2,0.9382316211734724,1.9858211650731625e-08,1.0,0.0,1
9,down,1.2,0.9382316310260034,1.2716779685529959e-16,1.0,0.0,1
9,down,1.175,0.935156805715733,2.8244620627063607e-08,1.0,0.0,1
9,down,1.15,0.9318295073010641,4.2974759521985694e-08,1.0,0.0,1
9,down,1.125,0.9282191922978036,6.583410538069164e-08,1.0,0.0,1
9,down,1.1,0.9242901885044487,1.016107662040741e-07,1.0,0.0,1
9,down,1.075,0.9200005636233568,1.5813049360408875e-07,1.0,0.0,1
9,down,1.05,0.9153006557440504,2.4835306224630285e-07,1.0,0.0,1
9,down,1.025,0.9101311544183516,3.9405923529722317e-07,1.0,0.0,1
9,down,1.0,0.9044205563104072,6.324693460979896e-07,1.0,0.0,1
9,down,0.975,0.8980817322123007,1.0284025287558715e-06,1.0,0.0,1
9,down,0.95,0.8910072010683829,1.6972052192520256e-06,1.0,0.0,1
9,down,0.925,0.8830624703751347,2.849271369875263e-06,1.0,0.0,1
9,down,0.9,0.8740763913773023,4.879351762492754e-06,1.0,0.0,1
9,down,0.875,0.863826730485762,8.552304393304777e-06,1.0,0.0,1
9,down,0.85,0.8520177288207696,1.5405378846038093e-05,1.0,0.0,1
9,down,0.825,0.8382435153982978,2.866161832064884e-05,1.0,0.0,1
9,down,0.8,0.8219248889379749,5.543195546180177e-05,1.0,0.0,1
9,down,0.775,0.8021918374222575,0.00011248691713707277,1.0,0.0,1
9,down,0.75,0.777643828232226,0.00024334928721868492,1.0,0.0,1
9,down,0.725,0.7457955199388753,0.0005786938542371238,1.0,0.0,1
9,down,0.7,0.7015465730737483,0.0016208491127960546,1.0,0.0,1
9,down,0.675,0.6329681527796412,0.004986276524068998,1.104,0.3117434842943794,1
9,down,0.65,0.49366210187382026,0.020351800493640593,3.076,1.0441379219241105,3
9,down,0.625,0.5047620071900372,0.05085441249311328,2.17,1.3315780112332884,5
9,down,0.6,0.49479008597185015,0.06942852777956814,1.466,1.142297684493845,1
9,down,0.575,0.4059359889390475,0.04779551861432884,0.264,0.5350738266818889,1
9,down,0.55,0.24458450650184807,0.0639487498325044,0.096,0.3267782122480016,0
9,down,0.525,0.28276814760259833,0.05681816738505999,0.074,0.26177089219391836,0
9,down,0.5,0.2244459837564231,0.010077940244175342,0.024,0.1530490117576719,0
9,down,0.475,0.1698031291236221,0.04248029943923908,0.0,0.0,0
9,down,0.45,0.18462998539822073,0.03492451269048113,0.0,0.0,0
9,down,0.425,0.10373346063096776,0.03524154671385357,0.0,0.0,0
9,down,0.4,0.16559709931643274,0.02409444440204778,0.0,0.0,0
10,up,0.4,0.14336136594702625,0.020989617758668963,0.002,0.044676615807377355,0
10,up,0.425,0.21367104165278078,0.04726640120314419,0.012,0.10888526071052962,0
10,up,0.45,0.22874290354870022,0.02003246513418607,0.0,0.0,0
10,up,0.475,0.17420195806297892,0.025412844766793397,0.0,0.0,0
10,up,0.5,0.24998012076454282,0.019629069118882046,0.018,0.132951118836962,0
10,up,0.525,0.29832925386519216,0.048896487803755544,0.024,0.1530490117576719,0
10,up,0.55,0.44658598581836445,0.019717120223650086,0.57,0.6819824044651005,0
10,up,0.575,0.4151764863109862,0.027759696677173984,0.582,0.6093242158325894,0
10,up,0.6,0.5066629871188032,0.028184868282182526,1.618,0.8967028493319289,1
10,up,0.625,0.54049163892558,0.015028795352836851,2.178,0.9520063025001463,4
10,up,0.65,0.6313945288917835,0.011029658255452471,1.44,0.5782732917920383,2
10,up,0.675,0.699661355969646,0.004169119110091467,1.362,0.5281628536729935,2
10,up,0.7,0.7461628998936672,0.003372886009261788,1.368,0.6757040772409176,1
10,up,0.725,0.7785651596022977,0.0010679777969435456,1.0,0.0,1
10,up,0.75,0.8034641518582771,0.00028089911919408514,1.0,0.0,1
10,up,0.775,0.8233853562182766,6.508574281709774e-05,1.0,0.0,1
10,up,0.8,0.8398071641326599,3.458566635995516e-05,1.0,0.0,1
10,up,0.825,0.8536293591919546,1.863446835598118e-05,1.0,0.0,1
10,up,0.85,0.8654552836302695,1.0326486642870943e-05,1.0,0.0,1
10,up,0.875,0.8757046790812005,5.8904164698484355e-06,1.032,0.25095019426173,1
10,up,0.9,0.8846804240561446,3.4390305173428528e-06,1.0,0.0,1
10,up,0.925,0.8926086121733084,2.0466051467941644e-06,1.0,0.0,1
10,up,0.95,0.8996625968877866,1.2379087598677911e-06,1.29,0.4537620521815371,1
10,up,0.975,0.9059781991127411,7.594600515085405e-07,1.382,0.4858765275252551,2
10,up,1.0,0.9116637456318937,4.7184914926803094e-07,1.314,0.5398184880124058,1
10,up,1.025,0.9168069343722131,2.9650548236577505e-07,1.34,0.4737087712930805,1
10,up,1.05,0.9214796712782091,1.8824589510726377e-07,1.274,0.44600896851969246,2
10,up,1.075,0.9257415649456205,1.2063463221431517e-07,1.24,0.4270831300812524,1
10,up,1.1,0.9296425063190368,7.796661785788733e-08,1.274,0.44600896851969246,1
10,up,1.125,0.9332246085646436,5.078213500151505e-08,1.222,0.4155911452377204,2
10,up,1.15,0.936523689469967,3.3311038111004374e-08,1.192,0.48901533718279216,1
10,up,1.175,0.9395704203572348,2.1992764426834088e-08,1.2,0.4,1
10,up,1.2,0.9423912277212637,1.4606698242322997e-08,1.212,0.40872484632084705,1
10,down,1.2,0.9423912348721423,2.422729488182717e-16,1.194,0.39542888108988705,2
10,down,1.175,0.9395704416546358,2.068810740394367e-08,1.206,0.4044304637388237,2
10,down,1.15,0.9365237223385703,3.1255930125614116e-08,1.208,0.48655523838511905,2
10,down,1.125,0.933224659665778,4.7517957267549046e-08,1.226,0.4182391660282428,2
10,down,1.1,0.9296425864086217,7.273495990334925e-08,1.254,0.4352975993501457,2
10,down,1.075,0.9257416915821597,1.1216629725089576e-07,1.286,0.4518893669915237,2
10,down,1.05,0.9214798734725052,1.7438888717340726e-07,1.272,0.44498988752554813,2
10,down,1.025,0.9168072607006066,2.735574511800343e-07,1.314,0.4641163647190218,2
10,down,1.0,0.9116642786514533,4.333348260600176e-07,1.372,0.5741219382674729,3
10,down,0.975,0.9059790815080173,6.938373133817824e-07,1.358,0.47941214002150584,2
10,down,0.95,0.8996640800488342,1.124136127724132e-06,1.306,0.46082968654373824,2
10,down,0.925,0.8926111490479746,1.845265397687984e-06,1.0,0.0,1
10,down,0.9,0.8846848527746687,3.073785836682268e-06,1.0,0.0,1
10,down,0.875,0.8757126012929711,5.2074201562949896e-06,1.044,0.2933666647729425,1
10,down,0.85,0.8654698831358251,9.001802966694221e-06,1.0,0.0,1
10,down,0.825,0.8536572796100641,1.5957248379856718e-05,1.0,0.0,1
10,down,0.8,0.839863130103671,2.9217345232496113e-05,1.0,0.0,1
10,down,0.775,0.8234998029326821,5.575980022458134e-05,1.0,0.0,1
10,down,0.75,0.8036882896114339,0.00011193386231514182,1.0,0.0,1
10,down,0.725,0.779034343445674,0.00024102041291460658,1.0,0.0,1
10,down,0.7,0.7471906185299372,0.0007282474209415311,1.0,0.0,1
10,down,0.675,0.7037784221661231,0.002205455978064458,1.0,0.0,1
10,down,0.65,0.6382845969323655,0.0036867321190408434,1.334,0.4800458311453189,1
10,down,0.625,0.535540574068708,0.008314423210231339,2.562,0.9623699912195932,3
10,down,0.6,0.42929265812195266,0.050655215461013973,1.248,1.3793099724137428,0
10,down,0.575,0.3291543071190643,0.06848622178039275,0.292,0.5610133688246653,1
10,down,0.55,0.4039387361363502,0.021952099811987712,0.196,0.4069201395851525,0
10,down,0.525,0.31208333861899584,0.05949877086458155,0.058,0.23374344910606584,1
10,down,0.5,0.1734879201006588,0.017352554834502838,0.0,0.0,0
10,down,0.475,0.2291549810795559,0.017734755900443485,0.0,0.0,0
10,down,0.45,0.21057250219855558,0.02537096530780491,0.0,0.0,0
10,down,0.425,0.09741259980823377,0.01708744049618102,0.0,0.0,0
10,down,0.4,0.04693677393908846,0.01027964856543081,0.0,0.0,0
11,up,0.4,0.10462803537749095,0.04004181271143016,0.0,0.0,0
11,up,0.425,0.24361044286169162,0.005575413809535016,0.02,0.13999999999999999,0
11,up,0.45,0.23474519778476893,0.02354626930750886,0.002,0.044676615807377355,0
11,up,0.475,0.24696998930539885,0.015811418338443493,0.0,0.0,0
11,up,0.5,0.3399519914719476,0.03260778180518091,0.066,0.24828209762284514,0
11,up,0.525,0.42435539262575217,0.045138974339675876,0.536,0.6990736727985113,0
11,up,0.55,0.4136231131902102,0.058730197357593536,0.372,0.7054190244103147,1
11,up,0.575,0.46925997684880383,0.0324657699640651,1.31,0.8354040938372279,1
11,up,0.6,0.5234901566247894,0.011238963092627941,2.322,0.9624531157412292,4
11,up,0.625,0.5968608717877862,0.009405156901473059,2.464,0.9427109843424971,1
11,up,0.65,0.6723120433592384,0.0035996554369290713,1.31,0.49183330509431744,1
11,up,0.675,0.724274989023831,0.0036841111520241063,1.494,0.6371530428397874,1
11,up,0.7,0.7626148956975013,0.0017574396462336583,1.042,0.20058913230780975,1
11,up,0.725,0.7901713877463363,0.001445177185737623,1.0,0.0,1
11,up,0.75,0.8127064545303788,0.0006276331322324107,1.0,0.0,1
11,up,0.775,0.8307691236599754,0.00019034980379942148,1.032,0.176,1
11,up,0.8,0.8459907808993629,2.785129101405283e-05,1.13,0.3363034344160047,1
11,up,0.825,0.8588896536084546,1.3705815402476649e-05,1.13,0.33630343441600474,1
11,up,0.85,0.8700019479966697,7.409790471870971e-06,1.148,0.35509998591945907,1
11,up,0.875,0.8796829064425972,4.258758725042992e-06,1.064,0.24475293665245368,1
11,up,0.9,0.8881965412699512,2.5328854899759544e-06,1.278,0.44801339265696066,1
11,up,0.925,0.89574279317054,1.543599578558198e-06,1.248,0.4318518264405049,1
11,up,0.95,0.9024767752254093,9.572297718889035e-07,1.208,0.4058768286069063,1
11,up,0.975,0.908521175095186,6.013505309186707e-07,1.188,0.3907121702737195,1
11,up,1.0,0.9139746100608694,3.816620662763038e-07,1.166,0.37208063642173045,1
11,up,1.025,0.9189174385127791,2.4431197009262903e-07,1.146,0.3531062163145815,1
11,up,1.05,0.9234159130042763,1.5757010549580574e-07,1.124,0.3295815528818323,1
11,up,1.075,0.9275252171013567,1.0232204842903881e-07,1.1,0.3,1
11,up,1.1,0.9312917301319289,6.68677715550257e-08,1.078,0.2681715868618449,1
11,up,1.125,0.934754745078912,4.3958765540182455e-08,1.068,0.25174590364095306,2
11,up,1.15,0.9379477911284251,2.906066203602572e-08,1.07,0.2551470164434615,2
11,up,1.175,0.9408996652512891,1.9313377859504895e-08,1.036,0.18629009635512025,1
11,up,1.2,0.9436352462473099,1.2899451268762828e-08,1.0,0.0,1
11,down,1.2,0.9436352525387094,1.5271116694792219e-16,1.0,0.0,1
11,down,1.175,0.9408996838998198,1.819874097561315e-08,1.016,0.12547509713086502,1
11,down,1.15,0.9379478197356923,2.7321091962597156e-08,1.038,0.19119623427254004,1
11,down,1.125,0.934754789251197,4.122452125443907e-08,1.11,0.31288975694324034,1
11,down,1.1,0.9312917988254603,6.253634954727476e-08,1.078,0.2681715868618449,1
11,down,1.075,0.9275253247645044,9.540024646837574e-08,1.1,0.29999999999999993,1
11,down,1.05,0.9234160832020939,1.4639819194902357e-07,1.2,0.4,2
11,down,1.025,0.918917710161046,2.2607051779358438e-07,1.144,0.35108973211986705,1
11,down,1.0,0.9139750483562022,3.5146524910906336e-07,1.166,0.37208063642173045,1
11,down,0.975,0.9085218911152373,5.505247822983344e-07,1.234,0.42337217669563504,1
11,down,0.95,0.9024779620106712,8.699292732092974e-07,1.208,0.4058768286069064,1
11,down,0.925,0.8957447941727835,1.389905481775303e-06,1.37,0.4828043081829324,2
11,down,0.9,0.8881999846406213,2.2542088185825155e-06,1.276,0.4470167782086037,1
11,down,0.875,0.8796889783861053,3.735722985016773e-06,1.064,0.2447529366524537,1
11,down,0.85,0.8700129711730608,6.390900786030794e-06,1.152,0.35902089075707005,1
11,down,0.825,0.8589104823081127,1.1445749505424124e-05,1.12,0.32496153618543844,1
11,down,0.8,0.8460281550851014,2.1800400606527505e-05,1.148,0.355099985919459,1
11,down,0.775,0.8308723354520889,4.4613748950828616e-05,1.068,0.251745903640953,1
11,down,0.75,0.8127246632999369,9.653124427212919e-05,1.0,0.0,1
11,down,0.725,0.7904876566047023,0.0002056758448062061,1.0,0.0,1
11,down,0.7,0.7623690206177351,0.0004536405247814686,1.0,0.0,1
11,down,0.675,0.7252433088875535,0.00177161930968559,1.0,0.0,1
11,down,0.65,0.6748879753078019,0.00362887901951685,1.16,0.3773592452822641,1
11,down,0.625,0.6019186500288577,0.008853685468220546,1.558,0.7229356817864229,2
11,down,0.6,0.4965391332636197,0.0253056189453196,2.258,1.0234432079993496,2
11,down,0.575,0.5443354921894825,0.060886810741403286,2.18,1.2710625476348518,1
11,down,0.55,0.44844259567461486,0.0332141281080044,1.166,0.9931988723312164,0
11,down,0.525,0.4453757472652079,0.048246856294385465,0.828,0.9002310814452033,0
11,down,0.5,0.2183261324154576,0.023959672126123613,0.008,0.08908422980528033,0
11,down,0.475,0.28267219550284906,0.03480875302506746,0.018,0.132951118836962,0
11,down,0.45,0.19259741569651442,0.039214357359080555,0.002,0.044676615807377355,0
11,down,0.425,0.27318826214201214,0.028445856277926316,0.052,0.22202702538204672,0
11,down,0.4,0.15267941570764337,0.027744848201736238,0.0,0.0,0
12,up,0.4,0.13916520247166075,0.024063136852917465,0.0,0.0,0
12,up,0.425,0.10576504772672846,0.00870578650121771,0.0,0.0,0
12,up,0.45,0.07955796872725597,0.020147278049454185,0.0,0.0,0
12,up,0.475,0.07303143055217791,0.030601679756879035,0.0,0.0,0
12,up,0.5,0.07188070803377636,0.019400995844312756,0.0,0.0,0
12,up,0.525,0.18019705464342473,0.09290087914267334,0.006,0.07722693830523131,0
12,up,0.55,0.3646911524061441,0.07277731263586973,0.352,0.609996721302664,0
12,up,0.575,0.4285189233796808,0.03267841229560703,0.644,0.721986149451636,0
12,up,0.6,0.3445876083131816,0.022937377953770616,0.25,0.48528342234203714,0
12,up,0.625,0.5606361396882598,0.02410932796127613,2.706,0.9937625470906015,2
12,up,0.65,0.598743850288495,0.006364129243024727,2.928,0.8092070192478561,3
12,up,0.675,0.6690596140728439,0.0025178684233483728,1.904,0.8756620352624636,3
12,up,0.7,0.7194297744602173,0.0025213335027177443,1.202,0.4014922166119787,1
12,up,0.725,0.7567410482929183,0.0007932313719544189,1.0,0.0,1
12,up,0.75,0.7851648872560855,0.00030032736997636115,1.0,0.0,1
12,up,0.775,0.8077470163510031,9.914037808748506e-05,1.0,0.0,1
12,up,0.8,0.8262411510045053,4.723275364007752e-05,1.0,0.0,1
12,up,0.825,0.8417271113853257,2.4869528476562508e-05,1.026,0.15913516267626082,1
12,up,0.85,0.8549143417428877,1.3561290314509458e-05,1.086,0.2803640490505157,1
12,up,0.875,0.8662919046466473,7.611773172089021e-06,1.05,0.21794494717703367,1
12,up,0.9,0.876213091697858,4.37829948007134e-06,1.048,0.2137662274541982,1
12,up,0.925,0.8849416104849119,2.5720997371656133e-06,1.042,0.20058913230780978,1
12,up,0.95,0.8926793579710376,1.5389704358008792e-06,1.032,0.176,1
12,up,0.975,0.8995841010584701,9.356848669367945e-07,1.014,0.11749042514179613,1
12,up,1.0,0.905781231578963,5.769578433287088e-07,1.002,0.044676615807377355,1
12,up,1.025,0.911371854610645,3.6021857936386673e-07,1.0,0.0,1
12,up,1.05,0.9164385115284498,2.2740452488983078e-07,1.0,0.0,1
12,up,1.075,0.921049324908017,1.449898442450117e-07,1.0,0.0,1
12,up,1.1,0.9252610605489674,9.327180669974287e-08,1.0,0.0,1
12,up,1.125,0.9291214286260935,6.048766941693915e-08,1.0,0.0,1
12,up,1.15,0.9326708392012797,3.951533259995901e-08,1.0,0.0,1
12,up,1.175,0.9359437594140287,2.598758105069084e-08,1.0,0.0,1
12,up,1.2,0.938969775286982,1.71957021038608e-08,1.0,0.0,1
12,down,1.2,0.9389697837690555,3.260730882514218e-16,1.0,0.0,1
12,down,1.175,0.9359437847717818,2.441343797446009e-08,1.0,0.0,1
12,down,1.15,0.9326708785186362,3.70223866886911e-08,1.0,0.0,1
12,down,1.125,0.9291214900579239,5.65048201288522e-08,1.0,0.0,1
12,down,1.1,0.9252611573471548,8.68469132149929e-08,1.0,0.0,1
12,down,1.075,0.9210494788588804,1.3451464286956676e-07,1.0,0.0,1
12,down,1.05,0.9164387589127926,2.101230145354994e-07,1.0,0.0,1
12,down,1.025,0.9113722567176021,3.3133175796218444e-07,1.0,0.0,1
12,down,1.0,0.9057818936129145,5.27959191472876e-07,1.002,0.044676615807377355,1
12,down,0.975,0.8995852068779029,8.511937568755447e-07,1.028,0.16497272501841023,1
12,down,0.95,0.8926812354778693,1.3905523275057882e-06,1.032,0.17599999999999996,1
12,down,0.925,0.8849448581218449,2.3058552490843687e-06,1.086,0.2803640490505157,1
12,down,0.9,0.8762188309390184,3.889107006033077e-06,1.048,0.2137662274541982,1
12,down,0.875,0.8663023026093947,6.687709558828862e-06,1.052,0.2220270253820467,1
12,down,0.85,0.8549337404863611,1.1757699234036436e-05,1.068,0.251745903640953,1
12,down,0.825,0.8417646000168892,2.1203851552382435e-05,1.056,0.22992172581119863,1
12,down,0.8,0.8263168380552559,3.9386565476762365e-05,1.0,0.0,1
12,down,0.775,0.8079103616639224,7.579762915863602e-05,1.0,0.0,1
12,down,0.75,0.7855299794200746,0.0001526326961416819,1.0,0.0,1
12,down,0.725,0.7575581154418216,0.00032884948346267884,1.0,0.0,1
12,down,0.7,0.721169021335183,0.0008218729167310481,1.0,0.0,1
12,down,0.675,0.6712993312019688,0.0025420879254574934,1.192,0.43259218670706484,1
12,down,0.65,0.5996229605626557,0.004781238177257286,2.426,0.9739219681268104,2
12,down,0.625,0.4918671749318618,0.021718450180170722,2.564,1.1687189568069818,5
12,down,0.6,0.4903225359843342,0.035766866199603266,1.796,1.0150783221013047,0
12,down,0.575,0.3466703341245415,0.03066768402948125,0.088,0.28329489935401236,0
12,down,0.55,0.06724056181124753,0.04335847821543087,0.0,0.0,0
12,down,0.525,0.2176550837506909,0.06990613438246722,0.002,0.044676615807377355,0
12,down,0.5,0.11490780414793568,0.012592135835111025,0.0,0.0,0
12,down,0.475,0.10974700268055614,0.016553442876568493,0.002,0.044676615807377355,0
12,down,0.45,0.08644078786990607,0.020905884111972122,0.0,0.0,0
12,down,0.425,0.11683002093285275,0.02139855073266801,0.0,0.0,0
12,down,0.4,0.04458183938946028,0.027698242810410938,0.0,0.0,0
13,up,0.4,0.08308530113178701,0.02748961645230552,0.0,0.0,0
13,up,0.425,0.07081989799495175,0.016704694580433357,0.0,0.0,0
13,up,0.45,0.11689381728941971,0.019485207894568285,0.006,0.07722693830523131,0
13,up,0.475,0.12116830105051746,0.03813806527948233,0.0,0.0,0
13,up,0.5,0.21046829216599333,0.031346947721874824,0.0,0.0,0
13,up,0.525,0.2676346081345266,0.015087325330942104,0.016,0.125475097130865,0
13,up,0.55,0.33442252017436686,0.016921471835591305,0.056,0.22992172581119863,0
13,up,0.575,0.3881935465288867,0.0338479077890828,0.254,0.4443917190947644,0
13,up,0.6,0.41558031405423707,0.010514898448249066,0.532,0.6549625943517692,2
13,up,0.625,0.4816122326279564,0.07196323469046216,1.126,0.9581878730186476,2
13,up,0.65,0.5101385440119914,0.010699092771111869,2.404,0.9781533622086058,3
13,up,0.675,0.5990856022982641,0.011695080238684303,2.552,1.1778353025784207,2
13,up,0.7,0.6714962896029361,0.005525040891127216,1.604,0.6412363058966639,2
13,up,0.725,0.715838638840363,0.002355887533837502,1.09,0.28618176042508364,1
13,up,0.75,0.7508603540783929,0.0006667082457593574,1.0,0.0,1
13,up,0.775,0.7780449040463179,0.000203296674494981,1.0,0.0,1
13,up,0.8,0.7999872004548295,7.715737314848397e-05,1.0,0.0,1
13,up,0.825,0.8181896955221781,3.895294773071519e-05,1.0,0.0,1
13,up,0.85,0.8336122746030812,2.0564313957337008e-05,1.0,0.0,1
13,up,0.875,0.8468772185966389,1.1265952749467785e-05,1.0,0.0,1
13,up,0.9,0.858418782973168,6.356682563553445e-06,1.0,0.0,1
13,up,0.925,0.8685548582585113,3.6744700510988746e-06,1.0,0.0,1
13,up,0.95,0.8775262284810021,2.1677778467600902e-06,1.0,0.0,1
13,up,0.975,0.8855199778803734,1.3014974627394518e-06,1.0,0.0,1
13,up,1.0,0.8926843622235615,7.93401418263505e-07,1.0,0.0,1
13,up,1.025,0.8991387405238294,4.901846425762687e-07,1.0,0.0,1
13,up,1.05,0.9049804732320865,3.064621848624241e-07,1.0,0.0,1
13,up,1.075,0.9102898645241824,1.936354634135893e-07,1.0,0.0,1
13,up,1.1,0.915133792437925,1.2351199080558283e-07,1.0,0.0,1
13,up,1.125,0.9195684298387087,7.945905024309309e-08,1.0,0.0,1
13,up,1.15,0.9236413185816291,5.151537335111246e-08,1.0,0.0,1
13,up,1.175,0.927392973384837,3.363441646596169e-08,1.0,0.0,1
13,up,1.2,0.930858137460272,2.2101196282634655e-08,1.0,0.0,1
13,down,1.2,0.9308581484728734,1.34515787227771e-16,1.0,0.0,1
13,down,1.175,0.9273930065367915,3.154724130530828e-08,1.0,0.0,1
13,down,1.15,0.9236413703975245,4.8182991320454914e-08,1.0,0.0,1
13,down,1.125,0.9195685114859354,7.40894042107187e-08,1.0,0.0,1
13,down,1.1,0.9151339222467855,1.1477138478957401e-07,1.0,0.0,1
13,down,1.075,0.9102900729566825,1.7924699863663754e-07,1.0,0.0,1
13,down,1.05,0.9049808116120773,2.8247869346266443e-07,1.0,0.0,1
13,down,1.025,0.899139296664036,4.496451757110769e-07,1.0,0.0,1
13,down,1.0,0.8926852889902691,7.237908911300953e-07,1.0,0.0,1
13,down,0.975,0.8855215466636293,1.1798151998074594e-06,1.0,0.0,1
13,down,0.95,0.8775289320565901,1.950666086830661e-06,1.0,0.0,1
13,down,0.925,0.8685596150599391,3.2777173246101565e-06,1.0,0.0,1
13,down,0.9,0.8584273583092662,5.610724024367333e-06,1.0,0.0,1
13,down,0.875,0.8468931334723926,9.813739298528369e-06,1.0,0.0,1
13,down,0.85,0.8336428784058919,1.760964976764182e-05,1.0,0.0,1
13,down,0.825,0.8182512281961599,3.2598358776574024e-05,1.0,0.0,1
13,down,0.8,0.8001184952851311,6.276731358728878e-05,1.0,0.0,1
13,down,0.775,0.7783526207239493,0.00012725750934962143,1.0,0.0,1
13,down,0.75,0.7515273783334822,0.0002765461888755801,1.0,0.0,1
13,down,0.725,0.7171337302368139,0.0006583789273055952,1.0,0.0,1
13,down,0.7,0.6703950172383938,0.0018611627635944036,1.0,0.0,1
13,down,0.675,0.6012135315133018,0.005034799639879169,1.894,0.6802675944067893,2
13,down,0.65,0.49958798142011734,0.01052055092636441,2.796,0.8014886150158342,3
13,down,0.625,0.3525064592170665,0.06495817135806459,0.99,1.110810514894417,0
13,down,0.6,0.4422143971528966,0.08646070722393577,1.334,1.2768884054607121,0
13,down,0.575,0.3147519673938808,0.02771844175228155,0.096,0.2945912422323515,0
13,down,0.55,0.39080119778492006,0.0585847452665685,0.436,0.6081973363966666,0
13,down,0.525,0.3118011416840512,0.0286882935244102,0.026,0.15913516267626085,0
13,down,0.5,0.19995879944325418,0.025217990617972016,0.0,0.0,0
13,down,0.475,0.14124021869126577,0.04933964613730592,0.008,0.08908422980528034,0
13,down,0.45,0.19183879163281164,0.014635974503596131,0.0,0.0,0
13,down,0.425,0.03900989152769172,0.016752781735016306,0.0,0.0,0
13,down,0.4,0.11135190627821602,0.03172103771570686,0.0,0.0,0
14,up,0.4,0.08471207341443864,0.06912940128950473,0.0,0.0,0
14,up,0.425,0.16427703583486686,0.019092370305757857,0.0,0.0,0
14,up,0.45,0.047055874909109556,0.03583604802191962,0.0,0.0,0
14,up,0.475,0.10687472834071339,0.028690807781852175,0.0,0.0,0
14,up,0.5,0.15122552391437302,0.016216034132136896,0.0,0.0,0
14,up,0.525,0.2347669086658691,0.06394678704893164,0.03,0.1705872210923198,0
14,up,0.55,0.3363016070360076,0.02907783959716168,0.044,0.20509509989270833,0
14,up,0.575,0.361699797896772,0.04727766645858206,0.256,0.6086575391794634,0
14,up,0.6,0.4446719811545818,0.03645018736953984,1.208,0.8489617188071558,1
14,up,0.625,0.467186833389128,0.021128931471432456,2.132,0.906959756549319,3
14,up,0.65,0.5731091990170294,0.01335496298710451,3.014,0.8377374290313165,3
14,up,0.675,0.6841671590904986,0.004629697441254902,1.19,0.3923009049186606,1
14,up,0.7,0.7414465987030651,0.001875009201717362,1.0,0.0,1
14,up,0.725,0.7771540930684087,0.0006871243083845532,1.0,0.0,1
14,up,0.75,0.803583409551671,0.00016359700983029375,1.0,0.0,1
14,up,0.775,0.8242979595247937,8.417249275784246e-05,1.0,0.0,1
14,up,0.8,0.8411679386515898,4.2214851027047463e-05,1.0,0.0,1
14,up,0.825,0.8552547140556757,2.2035859011709985e-05,1.0,0.0,1
14,up,0.85,0.867232683078518,1.1959214787040174e-05,1.0,0.0,1
14,up,0.875,0.8775609626297673,6.6972285947254085e-06,1.0,0.0,1
14,up,0.9,0.8865672284946867,3.84993112712177e-06,1.0,0.0,1
14,up,0.925,0.8944937935076687,2.2628595856923624e-06,1.0,0.0,1
14,up,0.95,0.9015248693776827,1.3556364909642335e-06,1.0,0.0,1
14,up,0.975,0.9078036563798132,8.256605481914419e-07,1.0,0.0,1
14,up,1.0,0.9134435463756315,5.101791602982274e-07,1.0,0.0,1
14,up,1.025,0.91853573540896,3.192670430447039e-07,1.0,0.0,1
14,up,1.05,0.9231545522176866,2.020543513446943e-07,1.0,0.0,1
14,up,1.075,0.9273612823436811,1.2916291645637393e-07,1.0,0.0,1
14,up,1.1,0.9312069719271997,8.331365719582937e-08,1.0,0.0,1
14,up,1.125,0.9347345219057515,5.4177791223925104e-08,1.0,0.0,1
14,up,1.15,0.9379802778292907,3.5491445402682715e-08,1.0,0.0,1
14,up,1.175,0.9409752542270428,2.340651779739957e-08,1.0,0.0,1
14,up,1.2,0.9437460896655068,1.553135534528505e-08,1.0,0.0,1
14,down,1.2,0.9437460972946352,1.9255249296071852e-16,1.0,0.0,1
14,down,1.175,0.940975276969767,2.1998615672813613e-08,1.0,0.0,1
14,down,1.15,0.9379803129830987,3.326746102406381e-08,1.0,0.0,1
14,down,1.125,0.934734576661893,5.063336339080665e-08,1.0,0.0,1
14,down,1.1,0.9312070579386635,7.760929596403202e-08,1.0,0.0,1
14,down,1.075,0.9273614187156277,1.198825575124339e-07,1.0,0.0,1
14,down,1.05,0.9231547706825493,1.867737322322202e-07,1.0,0.0,1
14,down,1.025,0.9185360894412367,2.937668753957295e-07,1.0,0.0,1
14,down,1.0,0.91344412756468,4.6697927001874777e-07,1.0,0.0,1
14,down,0.975,0.9078046244980934,7.512219221441232e-07,1.0,0.0,1
14,down,0.95,0.9015265089996346,1.2248732187693877e-06,1.0,0.0,1
14,down,0.925,0.8944966237082124,2.028036549817273e-06,1.0,0.0,1
14,down,0.9,0.8865722224840556,3.417390371989999e-06,1.0,0.0,1
14,down,0.875,0.8775700046824384,5.876511590097445e-06,1.0,0.0,1
14,down,0.85,0.8672495634533366,1.0346027559437013e-05,1.0,0.0,1
14,down,0.825,0.8552874190891689,1.872480503633881e-05,1.0,0.0,1
14,down,0.8,0.8412343065058867,3.502015792776989e-05,1.0,0.0,1
14,down,0.775,0.8244405927439329,6.816893149447067e-05,1.0,0.0,1
14,down,0.75,0.803915510000974,0.00013959138432225612,1.0,0.0,1
14,down,0.725,0.7780321786893146,0.00030626119889016936,1.0,0.0,1
14,down,0.7,0.7438116985439612,0.0007533684408096535,1.0,0.0,1
14,down,0.675,0.6949153519061915,0.0024620330816077876,1.0,0.0,1
14,down,0.65,0.6140760770555174,0.006900244138991278,1.664,0.7092982447461715,3
14,down,0.625,0.43740822054041845,0.022905368735925073,2.42,1.0989085494252924,2
14,down,0.6,0.6035497346801355,0.09975467944874734,2.39,1.499966666296288,3
14,down,0.575,0.44203927243456986,0.03465662065556017,1.08,1.0146920715172656,2
14,down,0.55,0.49039430382152305,0.07759548937653939,1.168,1.2048966760681181,1
14,down,0.525,0.36609814473521124,0.02467976431756485,0.136,0.35426543720775244,0
14,down,0.5,0.23445868748767162,0.018571016865861194,0.02,0.13999999999999999,0
14,down,0.475,0.07965953852388556,0.0296045449997001,0.0,0.0,0
14,down,0.45,0.17685943206931934,0.03272514833774038,0.0,0.0,0
14,down,0.425,0.032392954097100884,0.019393442776706064,0.0,0.0,0
14,down,0.4,0.07778140316562514,0.04526827405984069,0.0,0.0,0
15,up,0.4,0.04599226915592889,0.015645919457576186,0.0,0.0,0
15,up,0.425,0.05376397874261019,0.02647291895609178,0.0,0.0,0
15,up,0.45,0.19596630557189426,0.02598402009165033,0.006,0.0772269383052313,0
15,up,0.475,0.18679865748360375,0.02434315739550067,0.002,0.044676615807377355,0
15,up,0.5,0.16219855393337138,0.017059540221898952,0.0,0.0,0
15,up,0.525,0.21341066043400594,0.02011785271024003,0.012,0.1088852607105296,0
15,up,0.55,0.2721214990712187,0.034373800417014475,0.03,0.17058722109231983,0
15,up,0.575,0.2604918118233056,0.1000675364550346,0.08,0.29933259094191533,0
15,up,0.6,0.5001997040945801,0.08554404551666714,1.706,1.3459435352198101,1
15,up,0.625,0.29107888982933344,0.07295678925423618,0.416,0.6774540574828674,0
15,up,0.65,0.6120229908425486,0.06659526762192088,1.772,0.6663452558546509,1
15,up,0.675,0.5170862362715705,0.0068532356081744805,3.21,0.9929249719893242,4
15,up,0.7,0.6358572389500823,0.009660318038579885,1.224,0.5672953375447395,3
15,up,0.725,0.7196575105500607,0.0026706259037840288,1.008,0.08908422980528036,1
15,up,0.75,0.7630156242911202,0.000644794054396119,1.0,0.0,1
15,up,0.775,0.792718767579409,0.00021814554666351723,1.0,0.0,1
15,up,0.8,0.8153467795776018,0.00010321723726438803,1.0,0.0,1
15,up,0.825,0.8334794923654091,4.944765123564505e-05,1.0,0.0,1
15,up,0.85,0.8484618964567189,2.512415915561889e-05,1.0,0.0,1
15,up,0.875,0.8611108354388876,1.3341936428333657e-05,1.0,0.0,1
15,up,0.9,0.8719635875973998,7.338821590908815e-06,1.0,0.0,1
15,up,0.925,0.8813939986119044,4.155332249541475e-06,1.0,0.0,1
15,up,0.95,0.8896731626219816,2.410662011041888e-06,1.0,0.0,1
15,up,0.975,0.897004026924854,1.427735813406068e-06,1.0,0.0,1
15,up,1.0,0.9035424386374851,8.607763749110527e-07,1.0,0.0,1
15,up,1.025,0.9094105980169964,5.270509165843447e-07,1.0,0.0,1
15,up,1.05,0.9147060078053576,3.271194191495858e-07,1.0,0.0,1
15,up,1.075,0.9195076252478587,2.0547820672633527e-07,1.0,0.0,1
15,up,1.1,0.923880209565082,1.3045389765214163e-07,1.0,0.0,1
15,up,1.125,0.927877467506562,8.36171290464651e-08,1.0,0.0,1
15,up,1.15,0.9315443761481628,5.405881879045392e-08,1.0,0.0,1
15,up,1.175,0.9349189289476053,3.522205027872953e-08,1.0,0.0,1
15,up,1.2,0.9380334690088087,2.311159830046969e-08,1.0,0.0,1
15,down,1.2,0.9380334805274652,2.0507595424523858e-16,1.0,0.0,1
15,down,1.175,0.9349189636547084,3.299468885152797e-08,1.0,0.0,1
15,down,1.15,0.9315444305079912,5.0485369543201184e-08,1.0,0.0,1
15,down,1.125,0.9278775534064743,7.782459340003604e-08,1.0,0.0,1
15,down,1.1,0.9238803466455953,1.2095613414519786e-07,1.0,0.0,1
15,down,1.075,0.919507846408472,1.8970528123655465e-07,1.0,0.0,1
15,down,1.05,0.914706369009571,3.005485728437298e-07,1.0,0.0,1
15,down,1.025,0.9094111961236738,4.815641777237551e-07,1.0,0.0,1
15,down,1.0,0.9035434446066233,7.814743446253983e-07,1.0,0.0,1
15,down,0.975,0.8970057493441627,1.2865706804156175e-06,1.0,0.0,1
15,down,0.95,0.8896761730618619,2.153276442877022e-06,1.0,0.0,1
15,down,0.925,0.8813993880323162,3.672765504128344e-06,1.0,0.0,1
15,down,0.9,0.8719735134718328,6.403793607537252e-06,1.0,0.0,1
15,down,0.875,0.8611297499837621,1.145704311705211e-05,1.0,0.0,1
15,down,0.85,0.8484994814410052,2.1133621590511555e-05,1.0,0.0,1
15,down,0.825,0.8335582516420035,4.04452943343138e-05,1.0,0.0,1
15,down,0.8,0.8155238221906276,8.101534723818104e-05,1.0,0.0,1
15,down,0.775,0.7931540326810321,0.0001721292256824001,1.0,0.0,1
15,down,0.75,0.7642967842025853,0.00039654140868498975,1.0,0.0,1
15,down,0.725,0.7247105219277133,0.0010318493306954708,1.0,0.0,1
15,down,0.7,0.6641536592633013,0.003376159758015507,1.018,0.132951118836962,1
15,down,0.675,0.5497205147678362,0.013334619291038513,1.802,1.0013970241617458,3
15,down,0.65,0.29243864532518676,0.09349177514803261,1.156,1.3782829898101479,0
15,down,0.625,0.4576452192767814,0.07556504258981109,1.68,1.3585286158193355,1
15,down,0.6,0.27953075610973277,0.15066548033960292,0.272,0.7470046853936058,4
15,down,0.575,0.2613680413854818,0.019115244492646826,0.064,0.24475293665245365,0
15,down,0.55,0.2660256755552997,0.026429398826580547,0.016,0.125475097130865,0
15,down,0.525,0.2400134295448617,0.03098969870457625,0.012,0.10888526071052959,0
15,down,0.5,0.21678033989635498,0.01289994987318288,0.006,0.0772269383052313,0
15,down,0.475,0.18709344132221525,0.014077738943876907,0.0,0.0,0
15,down,0.45,0.12399365514149156,0.07165945406845024,0.0,0.0,0
15,down,0.425,0.08061800461608531,0.027746648781536383,0.0,0.0,0
15,down,0.4,0.16474138008697725,0.010330355888916367,0.0,0.0,0
16,up,0.4,0.06578463539945192,0.02983369640107076,0.0,0.0,0
16,up,0.425,0.0686638701711485,0.03700238708681075,0.004,0.063118935352238,0
16,up,0.45,0.09630264220723748,0.03138521983131768,0.0,0.0,0
16,up,0.475,0.16909410610830272,0.02162802962584549,0.0,0.0,0
16,up,0.5,0.21504628840873768,0.040013473483962884,0.008,0.08908422980528033,0
16,up,0.525,0.23020558349738116,0.024567474457595766,0.016,0.125475097130865,0
16,up,0.55,0.30335102300887307,0.027830635758004384,0.008,0.08908422980528034,0
16,up,0.575,0.2648888168429727,0.005040670283106047,0.002,0.044676615807377355,0
16,up,0.6,0.4269302594983581,0.06937665644106461,1.132,0.9222667726856476,0
16,up,0.625,0.6013472336979453,0.049217329672821566,2.41,0.9109884741312592,4
16,up,0.65,0.5435439324011779,0.0057172031150311145,3.046,0.8624871013528259,3
16,up,0.675,0.6406354384651484,0.009276326991618997,1.964,0.6947690263677563,2
16,up,0.7,0.7110696864772206,0.002603430895924439,1.0,0.0,1
16,up,0.725,0.7532647606596429,0.0013637060367261652,1.0,0.0,1
16,up,0.75,0.7834936944642088,0.0005019173548742407,1.0,0.0,1
16,up,0.775,0.8069893011074646,0.00010892607928718209,1.0,0.0,1
16,up,0.8,0.8260200463389371,5.025233232212466e-05,1.0,0.0,1
16,up,0.825,0.8418376927427015,2.7624472764351394e-05,1.0,0.0,1
16,up,0.85,0.8552284981225375,1.5105946704635763e-05,1.0,0.0,1
16,up,0.875,0.8667292858281092,8.477824552411953e-06,1.0,0.0,1
16,up,0.9,0.8767223834389851,4.868441165019612e-06,1.0,0.0,1
16,up,0.925,0.8854896770601415,2.8516887730374367e-06,1.0,0.0,1
16,up,0.95,0.8932447234827277,1.699759332656349e-06,1.0,0.0,1
16,up,0.975,0.9001528805996742,1.0290201445005228e-06,1.0,0.0,1
16,up,1.0,0.9063445296798219,6.3171676174558e-07,1.0,0.0,1
16,up,1.025,0.9119240757279481,3.92721421898395e-07,1.0,0.0,1
16,up,1.05,0.9169762507734128,2.469343146623902e-07,1.0,0.0,1
16,up,1.075,0.9215706336551281,1.568708776989671e-07,1.0,0.0,1
16,up,1.1,0.9257649569625285,1.0058846382978438e-07,1.0,0.0,1
16,up,1.125,0.9296075696133393,6.504683834859449e-08,1.0,0.0,1
16,up,1.15,0.9331392995655149,4.238819902488272e-08,1.0,0.0,1
16,up,1.175,0.9363948826781012,2.7816967867493438e-08,1.0,0.0,1
16,up,1.2,0.9394040727297494,1.8372074554577955e-08,1.0,0.0,1
16,down,1.2,0.9394040818078823,2.4079301595715843e-16,1.0,0.0,1
16,down,1.175,0.9363949098560245,2.6112407042140918e-08,1.0,0.0,1
16,down,1.15,0.9331393417870754,3.96814012422332e-08,1.0,0.0,1
16,down,1.125,0.9296076357280503,6.070963287894713e-08,1.0,0.0,1
16,down,1.1,0.9257650613968731,9.357009096271911e-08,1.0,0.0,1
16,down,1.075,0.921570800207395,1.4539097858777724e-07,1.0,0.0,1
16,down,1.05,0.9169765192174313,2.279337443004005e-07,1.0,0.0,1
16,down,1.025,0.9119245135035808,3.608623037775373e-07,1.0,0.0,1
16,down,1.0,0.9063452529871593,5.775255107858775e-07,1.0,0.0,1
16,down,0.975,0.9001540932871757,9.353606111022327e-07,1.0,0.0,1
16,down,0.95,0.8932467905183189,1.5349571090009513e-06,1.0,0.0,1
16,down,0.925,0.8854932673529311,2.555703842048634e-06,1.0,0.0,1
16,down,0.9,0.8767287570300138,4.324002182043296e-06,1.0,0.0,1
16,down,0.875,0.8667408955794965,7.447454069975901e-06,1.0,0.0,1
16,down,0.85,0.8552503157673063,1.3088096564658693e-05,1.0,0.0,1
16,down,0.825,0.8418803151112036,2.354388698562367e-05,1.0,0.0,1
16,down,0.8,0.8261069935844277,4.3558954240435156e-05,1.0,0.0,1
16,down,0.775,0.8071715722871524,8.35079618835414e-05,1.0,0.0,1
16,down,0.75,0.7839115052817378,0.0001681245443779921,1.0,0.0,1
16,down,0.725,0.7543953773466285,0.000371827985461844,1.0,0.0,1
16,down,0.7,0.7150977029217283,0.0012398511826913743,1.0,0.0,1
16,down,0.675,0.657186989868894,0.003089659500604315,1.038,0.19119623427254,1
16,down,0.65,0.5516049845906816,0.014237194889098902,2.426,1.3071051985207618,3
16,down,0.625,0.3250896501962234,0.033448823884045915,0.968,0.8336522056589306,0
16,down,0.6,0.48451460319770423,0.036238693916008084,1.398,0.9141094026428127,0
16,down,0.575,0.46116860627801776,0.04629179027610083,0.822,0.8912440743141017,2
16,down,0.55,0.26701768494327693,0.022879639557207013,0.05,0.21794494717703364,0
16,down,0.525,0.25001024154356144,0.052461054023782615,0.0,0.0,0
16,down,0.5,0.21749337346491154,0.05650176358149466,0.034,0.18122913673027305,0
16,down,0.475,0.10132370704726193,0.05627327563290516,0.0,0.0,0
16,down,0.45,0.11390331114533996,0.0326651728148967,0.0,0.0,0
16,down,0.425,0.07441324804754046,0.03844750686257848,0.0,0.0,0
16,down,0.4,0.07142467073391849,0.031345481115889605,0.0,0.0,0
17,up,0.4,0.07800654036071214,0.04631795447867303,0.016,0.125475097130865,0
17,up,0.425,0.08651085767949995,0.017089727858124883,0.0,0.0,0
17,up,0.45,0.0874682742994371,0.024057422058776493,0.006,0.0772269383052313,0
17,up,0.475,0.06192498222309822,0.03423510248248623,0.0,0.0,0
17,up,0.5,0.27539826808221873,0.010449047023013582,0.014,0.11749042514179611,0
17,up,0.525,0.41341611621035007,0.020234278243240776,0.28,0.5035871324805669,0
17,up,0.55,0.4352599326001828,0.014840613032770126,0.334,0.5004438030388627,0
17,up,0.575,0.3985453957345305,0.015586876054101053,0.152,0.3645490364820623,0
17,up,0.6,0.4885162570385797,0.00976198764977517,1.408,0.9346314781773616,2
17,up,0.625,0.5400329074762373,0.01029033317657563,2.38,0.9754998718605759,2
17,up,0.65,0.6140162830347179,0.005222282286843722,2.19,0.7522632517942107,1
17,up,0.675,0.6737392351568093,0.004825863553205397,1.646,0.6668463091297724,1
17,up,0.7,0.7196899288593646,0.001622665321150135,1.276,0.5097293399442492,1
17,up,0.725,0.7542295893573568,0.0019118837822882952,1.036,0.18629009635512025,1
17,up,0.75,0.7816365228518775,0.0007833620422117311,1.0,0.0,1
17,up,0.775,0.8038500150909694,0.0002947725879834815,1.0,0.0,1
17,up,0.8,0.8222008108869092,5.6376011547246175e-05,1.0,0.0,1
17,up,0.825,0.8376987181683136,1.970202530515222e-05,1.0,0.0,1
17,up,0.85,0.8509607023937099,1.104745333637936e-05,1.0,0.0,1
17,up,0.875,0.86245054192315,6.318437656862523e-06,1.0,0.0,1
17,up,0.9,0.8725039585324649,3.7230030055746186e-06,1.0,0.0,1
17,up,0.925,0.881374075988901,2.2395283199048622e-06,1.0,0.0,1
17,up,0.95,0.8892562859152942,1.3683554680220994e-06,1.0,0.0,1
17,up,0.975,0.8963043676019381,8.465816506800568e-07,1.0,0.0,1
17,up,1.0,0.9026413017260914,5.29326341082357e-07,1.0,0.0,1
17,up,1.025,0.9083667806840876,3.340555437371651e-07,1.0,0.0,1
17,up,1.05,0.9135625709232079,2.126081737412563e-07,1.0,0.0,1
17,up,1.075,0.9182964294708007,1.3637230830943639e-07,1.0,0.0,1
17,up,1.1,0.9226250194214589,8.81102034917715e-08,1.0,0.0,1
17,up,1.125,0.9265961158806103,5.7315965928440404e-08,1.0,0.0,1
17,up,1.15,0.930250298925021,3.75219476796865e-08,1.0,0.0,1
17,up,1.175,0.9336222693241893,2.4710220221253686e-08,1.0,0.0,1
17,up,1.2,0.9367418826868557,1.6363594951109526e-08,1.0,0.0,1
17,down,1.2,0.9367418907241165,1.002894637614934e-16,1.0,0.0,1
17,down,1.175,0.9336222933387658,2.324470629386761e-08,1.0,0.0,1
17,down,1.15,0.9302503361035231,3.5211713710882085e-08,1.0,0.0,1
17,down,1.125,0.9265961738479359,5.3646529521856776e-08,1.0,0.0,1
17,down,1.1,0.9226251105008976,8.22338572393317e-08,1.0,0.0,1
17,down,1.075,0.9182965737863423,1.2687657176531948e-07,1.0,0.0,1
17,down,1.05,0.9135628017165535,1.9710918524305706e-07,1.0,0.0,1
17,down,1.025,0.9083671535765689,3.0846932042539247e-07,1.0,0.0,1
17,down,1.0,0.9026419111585114,4.865302706442568e-07,1.0,0.0,1
17,down,0.975,0.896305376663759,7.738832942360659e-07,1.0,0.0,1
17,down,0.95,0.8892579818839175,1.242541175858107e-06,1.0,0.0,1
17,down,0.925,0.8813769769165579,2.0167973992403307e-06,1.0,0.0,1
17,down,0.9,0.872509025137238,3.317568715453745e-06,1.0,0.0,1
17,down,0.875,0.8624596163881035,5.55436946538515e-06,1.0,0.0,1
17,down,0.85,0.8509774652806109,9.532074449741309e-06,1.0,0.0,1
17,down,0.825,0.8377306538262631,1.6958559774809895e-05,1.0,0.0,1
17,down,0.8,0.8222684672185501,3.179749238268396e-05,1.0,0.0,1
17,down,0.775,0.8039569276142082,6.39800326677262e-05,1.0,0.0,1
17,down,0.75,0.78186266883879,0.00013815138535722254,1.0,0.0,1
17,down,0.725,0.7545290128313105,0.00030972407992591646,1.0,0.0,1
17,down,0.7,0.719560354101812,0.0006419376959332089,1.0,0.0,1
17,down,0.675,0.6728791576227016,0.0033697264802866446,1.006,0.07722693830523131,1
17,down,0.65,0.6086921697627268,0.00798788725665884,1.538,0.7953338921484485,1
17,down,0.625,0.5276744019350508,0.017295008896347632,2.804,0.9173788748385261,3
17,down,0.6,0.475692339620104,0.037335080980948766,1.374,1.2288710265931082,0
17,down,0.575,0.41292250243764467,0.11195531994676393,0.782,1.2159259845895225,3
17,down,0.55,0.4378354553603243,0.02764753856494227,0.428,0.6699373105000198,0
17,down,0.525,0.3825757590071706,0.05802767627075779,0.068,0.28173746644704534,0
17,down,0.5,0.22951398819304927,0.033640226480411255,0.008,0.08908422980528033,0
17,down,0.475,0.266139832337441,0.06813010724459452,0.014,0.11749042514179614,0
17,down,0.45,0.21314823629488328,0.03553261434488358,0.014,0.11749042514179611,0
17,down,0.425,0.1624079680891488,0.02168323398814642,0.0,0.0,0
17,down,0.4,0.189421751658159,0.011790772431893038,0.0,0.0,0
18,up,0.4,0.09816131056871823,0.022856743369577416,0.0,0.0,0
18,up,0.425,0.19861753984674585,0.01777010541352533,0.01,0.09949874371066199,0
18,up,0.45,0.19149983236033105,0.03305415385609118,0.0,0.0,0
18,up,0.475,0.1591217268067174,0.04431274386370965,0.012,0.1088852607105296,0
18,up,0.5,0.2721901548539326,0.025261845956134028,0.028,0.16497272501841023,0
18,up,0.525,0.25908231505754403,0.013514034792902621,0.01,0.09949874371066199,0
18,up,0.55,0.42612606708752027,0.03793603165819008,0.688,0.9500821017154254,0
18,up,0.575,0.2912281495625174,0.018446789158314107,0.05,0.21794494717703364,0
18,up,0.6,0.4113398477376641,0.05401270374902498,1.284,1.2678107114234365,0
18,up,0.625,0.4391042736299959,0.031803778571586644,1.568,1.2511498711185642,0
18,up,0.65,0.5084464499239157,0.010327736929498883,2.99,1.1268983982595768,2
18,up,0.675,0.6017513915652493,0.007700493410767977,1.994,0.7784368953229285,1
18,up,0.7,0.6700654653968665,0.003522690566818043,1.68,0.6910861017268398,1
18,up,0.725,0.7159517900481303,0.001169529388289426,1.34,0.5219195340279955,1
18,up,0.75,0.7502782057254838,0.0005733844510508928,1.018,0.132951118836962,1
18,up,0.775,0.7777111233302922,0.00016345519735134532,1.0,0.0,1
18,up,0.8,0.799837192318948,8.971555557275149e-05,1.0,0.0,1
18,up,0.825,0.8181634991582899,4.414479428248373e-05,1.0,0.0,1
18,up,0.85,0.8336495582442671,2.2741500608745224e-05,1.0,0.0,1
18,up,0.875,0.8469393889657973,1.2179859082541509e-05,1.0,0.0,1
18,up,0.9,0.858483870664407,6.7400849204180374e-06,1.0,0.0,1
18,up,0.925,0.8686116382021818,3.836300935379237e-06,1.0,0.0,1
18,up,0.95,0.8775698651629609,2.2370350882108262e-06,1.0,0.0,1
18,up,0.975,0.8855491922394678,1.3318042439694382e-06,1.0,0.0,1
18,up,1.0,0.8926997129908999,8.070879658484744e-07,1.0,0.0,1
18,up,1.025,0.899141631647682,4.966242908292308e-07,1.0,0.0,1
18,up,1.05,0.9049726059558544,3.096460245053093e-07,1.0,0.0,1
18,up,1.075,0.9102729509622459,1.9529895053118882e-07,1.0,0.0,1
18,up,1.1,0.9151094180142059,1.244315102160285e-07,1.0,0.0,1
18,up,1.125,0.9195379977281961,7.999478952593345e-08,1.0,0.0,1
18,up,1.15,0.9236060374812064,5.1841964274428144e-08,1.0,0.0,1
18,up,1.175,0.9273538667483833,3.384088624790453e-08,1.0,0.0,1
18,up,1.2,0.93081606213954,2.2235408500086768e-08,1.0,0.0,1
18,down,1.2,0.9308160732352398,2.3640191360107697e-16,1.0,0.0,1
18,down,1.175,0.9273539001551121,3.173239795302518e-08,1.0,0.0,1
18,down,1.15,0.9236060897145609,4.847046222710511e-08,1.0,0.0,1
18,down,1.125,0.9195380800792081,7.455074026465375e-08,1.0,0.0,1
18,down,1.1,0.9151095490489275,1.1554443018465864e-07,1.0,0.0,1
18,down,1.075,0.9102731616080914,1.8061273454027024e-07,1.0,0.0,1
18,down,1.05,0.9049729484856548,2.850396943465135e-07,1.0,0.0,1
18,down,1.025,0.8991421958651162,4.54749661161922e-07,1.0,0.0,1
18,down,1.0,0.8927006560387792,7.345577883073436e-07,1.0,0.0,1
18,down,0.975,0.8855507948566371,1.2036419800401638e-06,1.0,0.0,1
18,down,0.95,0.8775726407769245,2.0054084911124228e-06,1.0,0.0,1
18,down,0.925,0.8686165509321329,3.406953313007071e-06,1.0,0.0,1
18,down,0.9,0.8584927857589957,5.921360933415305e-06,1.0,0.0,1
18,down,0.875,0.8469560392124851,1.0568008386329003e-05,1.0,0.0,1
18,down,0.85,0.8336817104953481,1.9447790317654258e-05,1.0,0.0,1
18,down,0.825,0.818228083911,3.707268495582547e-05,1.0,0.0,1
18,down,0.8,0.7999731877460475,7.363402250930735e-05,1.0,0.0,1
18,down,0.775,0.7780029391250819,0.00015389284242686268,1.0,0.0,1
18,down,0.75,0.7508962029028176,0.0003469964058187697,1.0,0.0,1
18,down,0.725,0.7162576524702872,0.0009308781306268338,1.0,0.0,1
18,down,0.7,0.6698172255194844,0.003921982835454269,1.118,0.3226081214104815,1
18,down,0.675,0.60498799464154,0.004368288224074179,1.396,0.6657206621399099,1
18,down,0.65,0.5104416981105772,0.01554175374346633,2.008,0.7898961957118164,3
18,down,0.625,0.3830054610711802,0.03858286381812959,1.14,1.2523577763562614,1
18,down,0.6,0.3066091231649723,0.0730074502873261,0.226,0.6024317388717164,4
18,down,0.575,0.36505714605912226,0.014071966658102852,0.188,0.4434591300221476,0
18,down,0.55,0.35750488310717843,0.044712732517649886,0.112,0.321645767887594,0
18,down,0.525,0.17274213854241433,0.027935041897792032,0.01,0.099498743710662,0
18,down,0.5,0.2483319985677871,0.01254656418206236,0.032,0.176,1
18,down,0.475,0.14276845328812132,0.046080661928823465,0.0,0.0,0
18,down,0.45,0.227389920597153,0.007330058139039054,0.014,0.11749042514179613,0
18,down,0.425,0.13520041710523334,0.02309594064043739,0.0,0.0,0
18,down,0.4,0.1935109843983554,0.0032978817695850375,0.0,0.0,0
19,up,0.4,0.06434789177120258,0.037049835948824404,0.0,0.0,0
19,up,0.425,0.10515938424861405,0.01860113057524954,0.0,0.0,0
19,up,0.45,0.11801980480080296,0.05247178844086835,0.0,0.0,0
19,up,0.475,0.11132106757629974,0.017045541055552407,0.0,0.0,0
19,up,0.5,0.22366188310344473,0.027945623379076166,0.0,0.0,0
19,up,0.525,0.14986244427864584,0.06264946967098613,0.0,0.0,0
19,up,0.55,0.2930496755005417,0.025217711092552227,0.06,0.2537715508089904,0
19,up,0.575,0.2239290691916404,0.09340613626590909,0.146,0.36425815021767183,0
19,up,0.6,0.48346909280699,0.036901759370830706,1.334,0.913479063799494,2
19,up,0.625,0.5319569431588805,0.0732761747089561,2.236,1.3008858520254574,2
19,up,0.65,0.29852672320936835,0.060017374573333046,0.73,0.762299153875957,0
19,up,0.675,0.6278614346357638,0.007983614812018388,2.694,1.0316801830024651,1
19,up,0.7,0.7080837963054277,0.0035126186828797097,1.516,0.6338327855199666,2
19,up,0.725,0.7569084168567324,0.0011646692506323889,1.0,0.0,1
19,up,0.75,0.7884524926157375,0.0003642955380666244,1.0,0.0,1
19,up,0.775,0.8119474494875174,0.00014450940873707933,1.01,0.09949874371066199,1
19,up,0.8,0.8305952173640738,6.666273781306831e-05,1.0,0.0,1
19,up,0.825,0.8459561739896043,3.2801753899396266e-05,1.0,0.0,1
19,up,0.85,0.858914500578767,1.7053793979645903e-05,1.026,0.15913516267626082,1
19,up,0.875,0.870033230873086,9.26025650794245e-06,1.056,0.22992172581119863,2
19,up,0.9,0.8796973512998663,5.205932319180353e-06,1.0,0.0,1
19,up,0.925,0.8881836282612227,3.0098112555182747e-06,1.0,0.0,1
19,up,0.95,0.8956985408092268,1.7804934744702024e-06,1.0,0.0,1
19,up,0.975,0.9024005802264249,1.0735814580323417e-06,1.14,0.34698703145794946,1
19,up,1.0,0.9084141729693453,6.578914601025095e-07,1.0,0.0,1
19,up,1.025,0.9138387996317056,4.08806611998312e-07,1.0,0.0,1
19,up,1.05,0.9187552047695875,2.5713079781610455e-07,1.06,0.23748684174075838,1
19,up,1.075,0.9232297639800349,1.6347161757477796e-07,1.0,0.0,1
19,up,1.1,0.9273176386641012,1.049238041321678e-07,1.0,0.0,1
19,up,1.125,0.9310651071382385,6.792420046285614e-08,1.096,0.2945912422323515,1
19,up,1.15,0.9345113205539276,4.4313282261118756e-08,1.0,0.0,1
19,up,1.175,0.9376896475462875,2.9113394505073333e-08,1.0,0.0,1
19,up,1.2,0.9406287187724254,1.9250072834158143e-08,1.0,0.0,1
19,down,1.2,0.9406287283198721,1.1494964185438747e-16,1.0,0.0,1
19,down,1.175,0.9376896761053676,2.7319164043285396e-08,1.0,0.0,1
19,down,1.15,0.9345113648978427,4.1464240432075024e-08,1.022,0.14668333238647124,1
19,down,1.125,0.9310651765518296,6.335734176898706e-08,1.0,0.0,1
19,down,1.1,0.9273177482977438,9.752633165044762e-08,1.0,0.0,1
19,down,1.075,0.9232299388685455,1.5134815593338956e-07,1.118,0.32260812141048156,1
19,down,1.05,0.9187554868694303,2.3699901991417622e-07,1.0,0.0,1
19,down,1.025,0.9138392603891401,3.748738794857143e-07,1.0,0.0,1
19,down,1.0,0.9084149362772186,5.997106898488172e-07,1.1,0.3,1
19,down,0.975,0.9024018654524678,9.718323360077043e-07,1.0,0.0,1
19,down,0.95,0.895700745881946,1.5983875465643348e-06,1.0,0.0,1
19,down,0.925,0.8881874957460077,2.6748724619683225e-06,1.174,0.3791094828674165,1
19,down,0.9,0.8797043140146533,4.569595929104806e-06,1.0,0.0,1
19,down,0.875,0.8700461660044241,8.003580374991085e-06,1.0,0.0,1
19,down,0.85,0.8589394704122933,1.4454013274709344e-05,1.026,0.15913516267626085,1
19,down,0.825,0.846006729715322,2.711160409806231e-05,1.028,0.16497272501841023,1
19,down,0.8,0.830704018085715,5.329808430527455e-05,1.048,0.2137662274541982,1
19,down,0.775,0.8122012171127599,0.00011104393492944907,1.018,0.132951118836962,1
19,down,0.75,0.7891263742686155,0.00024898102809140665,1.0,0.0,1
19,down,0.725,0.7589301861115517,0.0006173399525391916,1.0,0.0,1
19,down,0.7,0.7158967025061201,0.0017801566875227004,1.0,0.0,1
19,down,0.675,0.6419733766456546,0.006259547402169983,1.136,0.34278856457005674,1
19,down,0.65,0.42793801676838816,0.05386892154193489,2.418,0.8574823613346224,1
19,down,0.625,0.5472668262645105,0.0361417740138337,2.204,0.92432894577634,3
19,down,0.6,0.3739597011949027,0.020871291812261283,0.538,0.5971231028858288,2
19,down,0.575,0.10862325445531394,0.049700391014054816,0.012,0.1088852607105296,0
19,down,0.55,0.2751421047937072,0.03640528657890008,0.012,0.1088852607105296,0
19,down,0.525,0.0872606211471933,0.0220660767958921,0.0,0.0,0
19,down,0.5,0.062394547766926024,0.03797777635766507,0.0,0.0,0
19,down,0.475,0.15125435256590627,0.01914079085626448,0.0,0.0,0
19,down,0.45,0.12982639442837807,0.043394875436511895,0.0,0.0,0
19,down,0.425,0.05188664776979236,0.020235514008558095,0.0,0.0,0
19,down,0.4,0.14341008315053266,0.029422984648787114,0.0,0.0,0
