topology,K,R_mean_mean,R_mean_std,R_std_mean,R_std_std,cluster_mean_mean,cluster_mean_std,cluster_std_mean,cluster_std_std,dominant_fraction_mean,dominant_fraction_std,switching_rate_mean,switching_rate_std,memory_score_mean,memory_score_std,reorganization_score_mean,reorganization_score_std
all_to_all,0.2,0.055076105780747994,0.007059456017341969,0.02818767348087951,0.005432682401694064,0.030434782608695605,0.009378243311897638,0.17090075443199623,0.02790253725550461,0.9698260869565217,0.008973146686451262,0.020913043478260826,0.00452037472814121,0.7516086956521739,0.12748168083049585,0.00012154776393186776,7.480892422855421e-05
all_to_all,0.3,0.06568112336662281,0.01118132668586443,0.03287171139945199,0.007478718761621013,0.03465217391304344,0.009122367581364138,0.18385637011221834,0.026280585915657097,0.9658913043478261,0.00880421363290105,0.023717391304347774,0.005558052810980363,0.6959782608695652,0.10746913262059143,0.00016433708071489085,8.711811850475645e-05
all_to_all,0.4,0.08157002152241813,0.023505854541142394,0.038377587540795746,0.011030609622065786,0.038999999999999965,0.013938834790322666,0.19447395396653808,0.03509321186403797,0.9618260869565217,0.012879673190511438,0.027108695652173876,0.007687917094170633,0.7009130434782609,0.12051657294246147,0.00024221398756042208,0.00022264937815402367
all_to_all,0.5,0.1256480031855419,0.05371944422947986,0.04734645973429153,0.012336697079445206,0.08134782608695647,0.05821387154548644,0.26629203941816443,0.08866887034289078,0.9219782608695652,0.05339391219713585,0.0501739130434782,0.030549115093431806,0.47436956521739126,0.2491684499013193,0.0020244562103026295,0.0033670550295352773
all_to_all,0.6,0.2355157957348648,0.106804236210715,0.05395813650154994,0.015746704441754293,0.3704782608695652,0.39151003747266383,0.5111236834823748,0.26473022337671337,0.7420434782608696,0.2149938788049318,0.14815217391304342,0.11749710250726282,0.26513043478260867,0.22024920537069204,0.05156341189836798,0.0785912305313897
all_to_all,0.7,0.5020970040209773,0.12868461901253703,0.04345354564135751,0.03172824671820753,2.9574347826086957,1.8788228294215998,1.2511403731876096,0.262209292559918,0.3465869565217391,0.12131384320176677,0.4621304347826086,0.1389740897868247,0.09041304347826079,0.01547797482573219,0.42555110783846556,0.20542701149504702
all_to_all,0.8,0.7270513992815194,0.040864269793667765,0.015148168288919786,0.004072457385133092,7.025978260869566,0.5593857383222995,1.5547912567610704,0.10152100890810085,0.2559565217391304,0.01789493875239434,0.5341086956521739,0.05504540414748015,0.0865217391304347,0.0,0.6158228537151372,0.05806379227910579
all_to_all,0.9,0.8206298621521126,0.023400069885602424,0.008555973813967745,0.0018804127812398234,7.076217391304349,0.5031762629604116,1.6413584636147303,0.12870490089714307,0.24552173913043474,0.025096411450142804,0.353695652173913,0.07616811624391177,0.0865217391304347,0.0,0.4414658789128345,0.10968216502150567
all_to_all,1.0,0.8731747103524594,0.01581319595750532,0.005228403651566185,0.0011786119509396443,5.8125217391304345,1.0925046741494993,1.428913648003261,0.2446591625714846,0.28528260869565214,0.06482970582332297,0.18319565217391304,0.08336702101560077,0.0865217391304347,0.0,0.2032512126404852,0.12079700801995381
all_to_all,1.1,0.9053965248516697,0.011154349230807402,0.003469853551140865,0.0011351862919435885,4.692934782608695,0.9294314172798996,1.0848070288652227,0.275410485531285,0.37915217391304346,0.09127257538064358,0.07665217391304344,0.042690366784293325,0.08734782608695645,0.003694373180217047,0.061837465768370944,0.04920815021524174
all_to_all,1.2,0.9265637365931733,0.008090047584300052,0.001999926325399305,0.0006321755078902807,3.8323913043478255,1.0839752203718778,0.6982849086547891,0.19480988580098202,0.5493913043478261,0.13700634014554078,0.027760869565217332,0.02387755844373762,0.21758695652173907,0.18016836635437014,0.012540797410747184,0.014142723765269516
all_to_all,1.3,0.9411787151860865,0.005908791275430604,0.0008882373272625459,0.0007248252430728692,3.0465652173913043,1.0701781550070917,0.3459676878629476,0.27544670311014036,0.7751521739130435,0.19762525450908122,0.008543478260869534,0.010219241275629372,0.5929565217391304,0.35451614258549097,0.00203390300151642,0.003105712609567779
all_to_all,1.4,0.9517167453285131,0.004432740759554406,0.00021143806717006637,0.0005174745319653344,2.521152173913044,1.0075385167822228,0.07279266040962115,0.17798295534553565,0.9604565217391304,0.09915988512311864,0.0022173913043478147,0.005769595308759769,0.8936739130434782,0.2627890281690566,0.000308595531238065,0.0008765944816090938
all_to_all,1.5,0.9592900773926972,0.003564547093014177,5.847860592309641e-05,0.00026150870599688376,1.8880434782608695,0.8840688342607003,0.029014206806276015,0.12975547746414048,0.9919130434782609,0.036165969027387876,0.00060869565217391,0.0027221697117388605,0.975,0.11180339887498947,5.7128923047015e-05,0.0002554883108289599
all_to_all,1.6,0.9650960981750438,0.002967102759045144,8.454354420411784e-12,3.737022183423595e-11,1.65,0.670820393249937,0.0,0.0,1.0,0.0,0.0,0.0,1.0,0.0,0.0,0.0
all_to_all,1.7,0.9696501594081713,0.0025250544407647607,5.831447850993058e-16,1.1982487508901218e-15,1.6,0.6805570473787206,0.0,0.0,1.0,0.0,0.0,0.0,1.0,0.0,0.0,0.0
all_to_all,1.8,0.9733184250722641,0.0021843109911364174,1.9233408755733615e-16,8.477147465315133e-17,1.55,0.6048053188292994,0.0,0.0,1.0,0.0,0.0,0.0,1.0,0.0,0.0,0.0
all_to_all,1.9,0.976331328465523,0.0019132923357199532,1.545531541945656e-16,5.2208757684299827e-17,1.4,0.5026246899500346,0.0,0.0,1.0,0.0,0.0,0.0,1.0,0.0,0.0,0.0
all_to_all,2.0,0.9788433420648401,0.0016928968576774483,1.4894116849862464e-16,5.932343307026376e-17,1.35,0.4893604849295929,0.0,0.0,1.0,0.0,0.0,0.0,1.0,0.0,0.0,0.0
all_to_all,2.1,0.9809637235563737,0.0015105416747853604,1.778765781140592e-16,7.727957512709964e-17,1.25,0.44426165831931924,0.0,0.0,1.0,0.0,0.0,0.0,1.0,0.0,0.0,0.0
all_to_all,2.2,0.9827723471171739,0.0013575210642720117,1.8511364183037998e-16,5.3483823696041727e-17,1.25,0.44426165831931924,0.0,0.0,1.0,0.0,0.0,0.0,1.0,0.0,0.0,0.0
modular,0.2,0.05690004249017937,0.008060680812527626,0.02549582660477928,0.004586425709239489,0.026521739130434784,0.006126059428294271,0.16098819626402722,0.019022032744305768,0.9737173913043478,0.006151140843635505,0.019282608695652174,0.00440528395381726,0.7957391304347826,0.09605393056174519,8.858203504970405e-05,4.9818516189511514e-05
modular,0.3,0.0689273721932547,0.010229604660236287,0.03336026456912037,0.004802236511435034,0.03156521739130434,0.00758515482203635,0.17501636106236337,0.02065274515401187,0.9686956521739131,0.007557032843548296,0.022,0.004881238052674029,0.7403695652173913,0.10794544539799225,0.0001316117074225134,6.85672926541358e-05
modular,0.4,0.08556736540647747,0.018937832533589515,0.03960796533586847,0.008641041761093027,0.042543478260869565,0.011734701257832941,0.20371112404071673,0.027399313469079836,0.9582391304347826,0.011182653358915183,0.02817391304347826,0.006076486582323352,0.6286086956521739,0.11976086343835929,0.0002670765577374331,0.00019030109748950885
modular,0.5,0.10891363435049257,0.028666212829404566,0.047520477173036375,0.01304210767630993,0.05839130434782609,0.023235930513306798,0.23765803188737436,0.04817619050149972,0.9435869565217392,0.02121138593407918,0.035304347826086956,0.01172988872596115,0.533304347826087,0.14274818762472002,0.0005969032174417417,0.0005630741871220626
modular,0.6,0.14169027768135706,0.030743977505618313,0.06525716633811654,0.015468476479932176,0.09945652173913043,0.04102407014073991,0.31039752384083774,0.06973237262105934,0.9068695652173913,0.035043245452378365,0.05510869565217391,0.01921806174213894,0.4134130434782609,0.127336917577158,0.002046626721266783,0.0017750850770131754
modular,0.7,0.21570978562845303,0.06583074265199894,0.07226918568938069,0.021203666818149714,0.2806521739130435,0.1985409168712395,0.5066155336483295,0.2029453840338962,0.7750217391304348,0.13165179567309307,0.11932608695652173,0.06142918218111367,0.22743478260869568,0.1494076054753347,0.02359290654778826,0.029406687664502787
modular,0.8,0.4067068795594372,0.13895838927842982,0.06827596981754161,0.0341645359258805,1.9754782608695654,1.7779141644750933,1.1717321968984022,0.4324263739159111,0.43754347826086953,0.1933924050373662,0.33639130434782605,0.15880361206614044,0.1108695652173913,0.046445434546464624,0.30965460448949184,0.2609702253692037
modular,0.9,0.6579977108399998,0.07774559131253969,0.03601021996289112,0.030816712249154863,5.708913043478261,1.2276263807419026,1.6313247436774945,0.28346495234894103,0.24736956521739129,0.026894249693946437,0.49723913043478263,0.05737002500589656,0.08652173913043479,0.0,0.6107427329593818,0.1299818576559548
modular,1.0,0.7855890101734638,0.03495485592587912,0.014002028831342318,0.009971878427085051,6.5656304347826095,0.6189652878469414,1.6182286659995921,0.12683970692549992,0.2513913043478261,0.025771008152725438,0.33943478260869564,0.09523584243868727,0.08652173913043479,0.0,0.41201877242957174,0.11736148691452537
modular,1.1,0.845858253806832,0.023967191698860902,0.006323027622839541,0.001985653863705754,5.613043478260869,1.023597530909027,1.441840235859865,0.23030501255610725,0.28147826086956523,0.04590231134536779,0.17639130434782607,0.08993415604009698,0.08678260869565217,0.0011666441621738049,0.1986079723955159,0.13037975752935227
modular,1.2,0.8838196029476691,0.016676345740179944,0.004129725293986275,0.0028167692554944583,4.4905,1.1166117651833407,1.0538464716027882,0.27214230213781265,0.3756521739130435,0.08462856392176082,0.07123913043478261,0.05002124212984436,0.10271739130434783,0.05662934221550889,0.05636460171781129,0.05631318088923211
modular,1.3,0.908988672999962,0.01258319235781284,0.0018288184473042317,0.0010389835893836118,3.537239130434783,1.0241581887202942,0.6305716896678486,0.371364279206123,0.6260869565217392,0.22522291326734675,0.023456521739130435,0.026816078747555264,0.33408695652173914,0.34198640182750234,0.01221570832278948,0.019188011459422723
modular,1.4,0.9260403428763094,0.009935026419327442,0.0006223143129620137,0.0010731868313993967,2.593804347826087,1.059062702149345,0.21208400655859436,0.35339633855731173,0.8555869565217391,0.23530682535680209,0.006956521739130435,0.015588479606687581,0.7611304347826087,0.38025308246705763,0.0035209321088816537,0.009913973762827991
modular,1.5,0.9382375575662584,0.007784603591316075,0.00014937282402015996,0.0004571668566345644,2.1654347826086955,0.621061567719673,0.046814653839460506,0.14716028113631135,0.9670434782608697,0.1138209140604855,0.0011521739130434783,0.003743531548535435,0.9379130434782608,0.1911004530239414,0.0001559024392908927,0.0005158874073745024
modular,1.6,0.9473766874309394,0.006267585574177593,5.947122584074277e-07,1.2794155020225274e-06,2.2,0.8335087534664907,0.0,0.0,1.0,0.0,0.0,0.0,1.0,0.0,0.0,0.0
modular,1.7,0.9544285082912319,0.0052760852660162574,1.3682559230368507e-07,2.469586299628177e-07,1.9,0.7880689256524124,0.0,0.0,1.0,0.0,0.0,0.0,1.0,0.0,0.0,0.0
modular,1.8,0.9600419509064444,0.004538418356706661,3.983900012133112e-08,6.109362119943769e-08,1.8,0.6958523739384594,0.0,0.0,1.0,0.0,0.0,0.0,1.0,0.0,0.0,0.0
modular,1.9,0.9646208518151861,0.003962624529497771,1.3451506105106475e-08,1.7906723291497406e-08,1.7,0.7326950970650465,0.0,0.0,1.0,0.0,0.0,0.0,1.0,0.0,0.0,0.0
modular,2.0,0.9684205762249659,0.0034994415058932963,5.083919918682333e-09,7.153058934789115e-09,1.5,0.7608859102526822,0.0,0.0,1.0,0.0,0.0,0.0,1.0,0.0,0.0,0.0
modular,2.1,0.971616912335206,0.003118777009535193,1.8040856888459006e-09,2.735464005090959e-09,1.4,0.7539370349250519,0.0,0.0,1.0,0.0,0.0,0.0,1.0,0.0,0.0,0.0
modular,2.2,0.9743361874461522,0.0028007424115440707,6.941214550884669e-10,9.346851652481936e-10,1.2,0.5231483637805969,0.0,0.0,1.0,0.0,0.0,0.0,1.0,0.0,0.0,0.0
scale_free,0.2,0.056837282957598254,0.009040960119886221,0.02762290917541287,0.0052309544297910885,0.028630434782608693,0.006843002550931028,0.16705601608158852,0.02000721602543129,0.9716304347826087,0.006801585551423463,0.020608695652173915,0.004008249378257379,0.7617173913043478,0.1158464735427682,0.00010601377062491187,5.43707938267972e-05
scale_free,0.3,0.07093344708231514,0.010664698455554433,0.03328374031608283,0.006210023375293125,0.02984782608695652,0.008645478821288521,0.1706878393068812,0.024659251392198853,0.9705652173913043,0.008439122241120678,0.020978260869565217,0.00457066254757106,0.7824565217391305,0.11933564605040205,0.00011751393797532653,7.574713417781273e-05
scale_free,0.4,0.08692632782323872,0.01519602980477011,0.04119607608654911,0.008938804865767948,0.043673913043478264,0.018211481103296453,0.20342022534727494,0.039820938019715965,0.9570434782608694,0.01729412206629685,0.028891304347826087,0.010002959466564995,0.651804347826087,0.14979601923405814,0.0003262688571148473,0.00039464747202122303
scale_free,0.5,0.11215806620688695,0.026281533756084434,0.051085979743481905,0.010168896764189337,0.06321739130434782,0.02735637597229717,0.24460324587887908,0.05267351121616069,0.9387391304347826,0.025371540221841814,0.03697826086956522,0.012862570769226261,0.5040869565217391,0.1707784677477347,0.0007223839387121339,0.0007216485361440618
scale_free,0.6,0.16651620289469946,0.05286758570037336,0.06779360263432059,0.014510316471789696,0.15871739130434784,0.14566836038342146,0.38653493272555817,0.1409429246447498,0.8642608695652173,0.09816104364007448,0.0768695652173913,0.04281684552219599,0.3010869565217391,0.10989892336090006,0.008753327226596202,0.023335793410919667
scale_free,0.7,0.2529414567696624,0.1027505360541533,0.07565413542609938,0.023947815131119935,0.5808478260869565,0.8071416687086812,0.682085228731268,0.32538309345544303,0.6878478260869565,0.20325294469309738,0.1627608695652174,0.11483991314512122,0.2217608695652174,0.1684790935241844,0.07632400132586063,0.1365425657650493
scale_free,0.8,0.4408174490529923,0.12925589671875304,0.05864064829489711,0.02817929112063782,2.2322391304347824,1.741386255954897,1.2162270488419744,0.3138813762080123,0.38458695652173913,0.1461636550184532,0.37432608695652175,0.13625712049388483,0.0925217391304348,0.021344053039179075,0.3385379633916685,0.22921633641047284
scale_free,0.9,0.6243201351425605,0.10675074988582746,0.03260675903183301,0.018291102742601394,5.037173913043478,1.8347220293229969,1.5607591252429474,0.19257981363998053,0.25630434782608696,0.028740863073815955,0.4803260869565218,0.06778248833440317,0.08652173913043479,0.0,0.5619017341508282,0.12319454543032195
scale_free,1.0,0.7523399579604988,0.06022108070693348,0.017797490701731387,0.009732621923436316,6.573217391304349,0.5484031757564712,1.5931071256456486,0.10963297466123287,0.2530434782608696,0.015075177247973075,0.397304347826087,0.12071781462190183,0.08652173913043479,0.0,0.4721114030711055,0.1436938497096571
scale_free,1.1,0.8253530456607143,0.03503115122772206,0.009231522678283057,0.0036444892291022167,6.1437608695652175,1.0528981307250056,1.5472683251423807,0.21494102485678923,0.2682608695652174,0.03735190303361814,0.23580434782608695,0.12279140475490707,0.08695652173913045,0.001944406936956337,0.2792933033295222,0.15993474124585796
scale_free,1.2,0.8689764698316542,0.0239945791869585,0.0052033892077849074,0.0030081081190471873,4.475521739130435,1.431106441603588,1.2015038857880167,0.37865943435329236,0.3497826086956522,0.09570120440893554,0.09810869565217392,0.07664051980962085,0.10600000000000001,0.06553949443513317,0.10124742935991482,0.09899247900422982
scale_free,1.3,0.8980239287160867,0.016344039936316397,0.0024345287808512626,0.001998867140813482,3.400521739130435,1.2374085881102337,0.7408640645181348,0.45153592479244564,0.5570652173913043,0.25331446776712396,0.0325,0.03495121463180334,0.31484782608695655,0.3567881260480326,0.02446142086153043,0.0366167141820261
scale_free,1.4,0.918104321245802,0.01119167984491096,0.001073067539656247,0.0012348558430104596,2.6895869565217394,0.937180060885177,0.3650538684621308,0.4028065309115311,0.7660652173913044,0.2544772685935284,0.006804347826086956,0.00932214021986251,0.6253913043478261,0.41404879223109087,0.0030137145991286944,0.005093369449671542
scale_free,1.5,0.9319785636791927,0.008487319975494371,0.00020100964100870267,0.00047574249078609755,2.162413043478261,0.9167226349957119,0.0767535594131061,0.18833232482212728,0.9443260869565216,0.1389842248771422,0.0007608695652173913,0.0019128094302429152,0.9038043478260869,0.24395763837286513,0.0001502248441347154,0.00039749690763931045
scale_free,1.6,0.9422502059733027,0.0067390337868393595,4.451344175209976e-09,6.695136220747023e-09,1.95,0.7591546545162482,0.0,0.0,1.0,0.0,0.0,0.0,1.0,0.0,0.0,0.0
scale_free,1.7,0.9500462049080742,0.005626119442992088,2.292105190989759e-10,5.584808983791069e-10,1.7,0.7326950970650467,0.0,0.0,1.0,0.0,0.0,0.0,1.0,0.0,0.0,0.0
scale_free,1.8,0.9562318162204843,0.0048094007744768396,2.2858690454566364e-11,3.927400751175804e-11,1.7,0.7326950970650467,0.0,0.0,1.0,0.0,0.0,0.0,1.0,0.0,0.0,0.0
scale_free,1.9,0.9612660175093426,0.004178978524035076,6.5061201928644685e-12,1.5910755467251354e-11,1.5,0.6882472016116853,0.0,0.0,1.0,0.0,0.0,0.0,1.0,0.0,0.0,0.0
scale_free,2.0,0.9654374543936315,0.0036764309977219433,1.3623494908716995e-12,4.888695091259141e-12,1.45,0.6863327411532597,0.0,0.0,1.0,0.0,0.0,0.0,1.0,0.0,0.0,0.0
scale_free,2.1,0.9689430000927214,0.003266434782755896,3.7710264643306214e-13,1.324765447541454e-12,1.35,0.670820393249937,0.0,0.0,1.0,0.0,0.0,0.0,1.0,0.0,0.0,0.0
scale_free,2.2,0.9719232550302571,0.002925939402368068,6.392805654981951e-14,2.2510612842243057e-13,1.25,0.44426165831931935,0.0,0.0,1.0,0.0,0.0,0.0,1.0,0.0,0.0,0.0
small_world,0.2,0.05691795289009549,0.007148887252657495,0.02869358526168504,0.004927555740256097,0.030565217391304345,0.00911800396025806,0.1723071587599092,0.025160061408769367,0.9698043478260869,0.009063693082035841,0.022021739130434783,0.004831814689195695,0.7407826086956522,0.14594649725733538,0.00012799383820568915,8.065667744245219e-05
small_world,0.3,0.0642322025306186,0.011275067282746508,0.033521608798988516,0.007747111162686231,0.02908695652173913,0.00888903950833599,0.16709891934428767,0.02495508493184115,0.9710869565217392,0.008894186672289701,0.019543478260869565,0.005086995638332658,0.7695652173913043,0.1058940550288762,0.0001077295309970767,7.282882623495962e-05
small_world,0.4,0.07658551600727095,0.012135035309350976,0.03734678186857865,0.005870949611775994,0.036282608695652176,0.01287648632622432,0.1866832780402273,0.033165891145171676,0.9642608695652173,0.012770289367056474,0.02332608695652174,0.00686622605169795,0.688304347826087,0.14477315270692293,0.00018629155965041005,0.00014985742529371993
small_world,0.5,0.09159735927662128,0.021733485546982335,0.04235740671886071,0.010374983719889702,0.05056521739130435,0.0151667021085819,0.21912203860904858,0.03504411227532428,0.9501304347826087,0.01441534629259559,0.031217391304347825,0.00689849944535422,0.5580434782608695,0.15052347883248268,0.0003851460368003876,0.00023661628409123642
small_world,0.6,0.11120735758900649,0.022704178463982,0.053525786192560175,0.010564835238901766,0.06593478260869565,0.016074443150997958,0.25379613653420224,0.033401458800115635,0.9361304347826087,0.014993050491096028,0.035869565217391305,0.006734884615123479,0.5157608695652174,0.10877926989664821,0.0006288613475420228,0.0002992125692358473
small_world,0.7,0.1285738607250541,0.032867042818253006,0.056202825746372476,0.010794665402440262,0.09160869565217392,0.050216544318097175,0.30184971981261505,0.0851103677803213,0.9161304347826087,0.03946283935528587,0.041,0.015617874954924274,0.4661304347826086,0.13774654274718517,0.0015152571781816262,0.002286300797519703
small_world,0.8,0.16346984861555633,0.05685391827356104,0.06800969077903549,0.019826403721542867,0.17058695652173914,0.1520505073336484,0.3940984525329237,0.1733809120893919,0.8558913043478261,0.10705902652593348,0.06223913043478261,0.03941777920281485,0.34591304347826085,0.13208320686208236,0.007921591865834248,0.014552557696763795
small_world,0.9,0.22497152789378552,0.09535076768139644,0.08605676761966596,0.0214478718454094,0.531695652173913,0.8659510923825707,0.6783129178670183,0.49379270761809785,0.7255,0.20087839515199718,0.10743478260869566,0.08801234299885016,0.2653695652173913,0.1372171270150851,0.06562933191781252,0.16601447511247117
small_world,1.0,0.2576475656979723,0.11475903635730401,0.08991265223620748,0.028730548226183577,0.855304347826087,1.2150996786813126,0.8614234469058217,0.43609908762270455,0.636804347826087,0.19792537931135745,0.12328260869565218,0.08615390169132874,0.2340869565217391,0.14799703401556816,0.0805775475392248,0.14865890915990296
small_world,1.1,0.31430251534249465,0.13522082739153016,0.08982230411694046,0.035498422256421094,1.169108695652174,1.0796659431975277,1.0958720753368907,0.6095035496490192,0.5189347826086956,0.21765171930935115,0.13332608695652173,0.06745339650772093,0.1661304347826087,0.11399213806898331,0.10919688248803727,0.12269736078699277
small_world,1.2,0.3600659775151097,0.15284693062645188,0.09250201519977057,0.03268758436878087,1.5474782608695652,1.2138268149791844,1.2808330935854575,0.43919156787934965,0.4341304347826087,0.1689561613533457,0.14004347826086955,0.05080349324483526,0.13817391304347826,0.07940902000693527,0.12016496074634601,0.08844140052029223
small_world,1.3,0.42149258616925556,0.17158456366483474,0.09453040574110098,0.0481323897750748,2.252630434782609,1.5002282416807795,1.4812956839010414,0.47271936929120734,0.3933695652173913,0.17350873340871809,0.14863043478260868,0.06580320799829882,0.14021739130434782,0.07248362046900594,0.1613305286886226,0.11922433350109163
small_world,1.4,0.47291842594165984,0.17936913747310357,0.08334822870665087,0.04439321194237272,2.630891304347826,1.4937168741063516,1.563389331521742,0.4456330390186542,0.35310869565217395,0.17849057450059844,0.13997826086956522,0.06256918963986853,0.15647826086956523,0.14633994521053528,0.16823802057811557,0.1134107149247909
small_world,1.5,0.5601442243344957,0.1709684173723973,0.08257514025933951,0.05135633828238228,3.2758043478260874,1.433705047652866,1.645845785368434,0.4830512294056562,0.3338043478260869,0.17335091504600958,0.12595652173913044,0.06765984732326097,0.15204347826086956,0.17182557856677214,0.1650407087926341,0.1149425603937348
small_world,1.6,0.5926807188969347,0.17994376791033073,0.08405891585244349,0.05951106977853191,3.422717391304348,1.5021034624682181,1.668415306483259,0.5574595004884554,0.3478913043478261,0.2062472353688741,0.10152173913043479,0.056749321791793025,0.2063478260869565,0.21748032044787688,0.13970598124956915,0.10038157613104003
small_world,1.7,0.6660087282928588,0.14041770579268292,0.08272293605571654,0.07132608799393306,3.6192608695652178,1.3404907805661357,1.7627735716740627,0.6856401491495809,0.333304347826087,0.22409651899547206,0.07445652173913044,0.05063812771135629,0.26084782608695656,0.2639953643207537,0.11171487352955072,0.07943075601615679
small_world,1.8,0.7258120928210704,0.1395498660050501,0.06083051376232697,0.06929256748007268,3.5190652173913044,1.404167335958361,1.610562082120968,1.0643455624578437,0.47354347826086957,0.2628487572864747,0.042869565217391305,0.0470307067179583,0.4631521739130434,0.33949912115988096,0.06202099837394427,0.07023491995571471
small_world,1.9,0.7555489995187192,0.15495659930112698,0.04856596689379665,0.06643499671533774,3.006,1.4867251121336624,1.3187431339683502,1.022785513322735,0.6155,0.29880854091702724,0.035347826086956524,0.04567975629652505,0.5776521739130435,0.35516982615700443,0.05192058392845711,0.07742658145229125
small_world,2.0,0.8053148682678117,0.10523861391325476,0.032706056670998726,0.03405240397618005,3.0013695652173915,1.5956847294330094,1.2431421583245377,1.013693834464053,0.6542391304347827,0.3306924165756733,0.029195652173913046,0.03786335915855163,0.6181304347826087,0.38277129112216945,0.04004922561998399,0.05829733783635516
small_world,2.1,0.823309296595459,0.10525533011479452,0.029937258570499958,0.04201901229033681,3.0005434782608695,1.6334106838584932,1.3559208190184997,1.0743320730037327,0.6346086956521739,0.3016236499123521,0.021478260869565217,0.032014385881860945,0.6568478260869565,0.336957861516492,0.02961649168241099,0.057283324419201316
small_world,2.2,0.8406599466992531,0.08953839175080518,0.0310503294564465,0.037924494375102216,3.0792608695652173,1.8429962675666087,1.2998676104619535,1.1824023151616856,0.6721304347826087,0.2955345000710838,0.017608695652173913,0.028289722993026758,0.6868913043478261,0.32115254447103,0.027425843788989594,0.056093873362043
spatial_lattice,0.2,0.054502052979488805,0.006923567244516558,0.025688781036743408,0.004225215838470414,0.028565217391304347,0.006612036972979398,0.16655399443304195,0.019433664541358354,0.9716304347826087,0.0064285872210262905,0.02034782608695652,0.004958488509382856,0.7778260869565218,0.1054094546001099,0.00010508656973490875,6.112609697591623e-05
spatial_lattice,0.3,0.05843799333859638,0.011808355337594426,0.029133120308574418,0.005593013513371037,0.02926086956521739,0.009376227409453533,0.16758905442281244,0.02567747947513806,0.9709347826086956,0.00928578207162559,0.02108695652173913,0.0047007769305584535,0.7678695652173914,0.11022005647642671,0.00011660364175737151,8.48723879784006e-05
spatial_lattice,0.4,0.07411775454483195,0.010835412802943322,0.03760949821803931,0.007806656488604314,0.03808695652173913,0.010839225391321664,0.19252366931586,0.027534327212550048,0.9625434782608696,0.010629640389049731,0.024065217391304346,0.00596356629650736,0.6769782608695653,0.12586127320793727,0.0001952474400555384,0.00011643458807202185
spatial_lattice,0.5,0.07841671294127012,0.01412294288800649,0.03616617794916581,0.0067712104307514065,0.034804347826086955,0.007320939802109483,0.1845697805144405,0.019074650721047737,0.9656304347826087,0.007186522445883505,0.023369565217391305,0.004851541915649863,0.7065,0.09891506523444893,0.00015784539278554974,7.865143291863443e-05
spatial_lattice,0.6,0.08903351588208759,0.010713689522042807,0.04479288081658665,0.008927331837196961,0.042673913043478263,0.012751323816714039,0.20437182970038248,0.03202001395013644,0.9583478260869566,0.012522470103251089,0.025695652173913043,0.0062369553452712445,0.6481304347826087,0.12968150909675513,0.00024734186359982944,0.00015690974329359123
spatial_lattice,0.7,0.11381453333612176,0.028693498230025868,0.046874978612351,0.012735110500804558,0.067,0.020282994372389326,0.2564223297126442,0.038542351523796245,0.9355,0.018563084352728097,0.0315,0.009285996359316285,0.4965217391304348,0.09646688609788101,0.0006047005839241428,0.0005033279924972368
spatial_lattice,0.8,0.1266321385538766,0.03409559608467745,0.05572231025493309,0.013171453890606474,0.09139130434782608,0.04773938469294101,0.2966140760978412,0.08217866556390159,0.9147391304347826,0.04056557179877605,0.03954347826086956,0.016038007662490725,0.4556086956521739,0.158105759229014,0.0014234111210730438,0.001634849677807498
spatial_lattice,0.9,0.13800328613804747,0.0342222268690795,0.06417146142217622,0.01572440226695282,0.12758695652173913,0.09950983990533936,0.34627923164295404,0.14538181119737062,0.8887826086956523,0.07036505292096278,0.042630434782608695,0.025308159455624982,0.43989130434782614,0.14502802675491186,0.0032907002612770062,0.005915888667001651
spatial_lattice,1.0,0.1550608543046321,0.030374570251637856,0.06759162849333061,0.02241618014989865,0.17923913043478262,0.11966605899358937,0.4213830928468806,0.16428613806139553,0.8503043478260869,0.07587975710657871,0.05058695652173913,0.022490128722646253,0.36393478260869566,0.10952111958095227,0.005085472111466789,0.006695158444816164
spatial_lattice,1.1,0.18650153686215584,0.052314234236626934,0.08398147123728682,0.0342069124093362,0.34958695652173916,0.3081250883047043,0.6113324914846248,0.3388264271031924,0.7644130434782609,0.1569504220497475,0.07191304347826087,0.04421985394634987,0.3183695652173913,0.1709998498883104,0.022074873851659967,0.03187681282251434
spatial_lattice,1.2,0.2070143868839674,0.06323776760026853,0.07981444377703845,0.025798782359679355,0.39856521739130435,0.3355175474906816,0.6040717949367066,0.30132362799112056,0.723304347826087,0.18015996827193467,0.07197826086956521,0.04416493787090143,0.27495652173913043,0.1749948277303216,0.02408284526525218,0.03187417657239318
spatial_lattice,1.3,0.24937169088685923,0.0941149366375415,0.08189914160393877,0.033031010110820894,0.7748260869565218,0.7646131884992974,0.8701825595549391,0.4870205163931279,0.6053913043478261,0.2154948122993857,0.0952391304347826,0.06565747398552722,0.21119565217391303,0.15335474347257003,0.06697118727002918,0.10001058263469118
spatial_lattice,1.4,0.2783558601190558,0.10300857925912991,0.0847068804127031,0.028301240370797644,0.9219782608695652,0.7278445748248591,0.9940795218398927,0.5119541014538228,0.5551956521739131,0.20584023288096595,0.0915,0.05505172990809683,0.2248913043478261,0.15930832955712632,0.0675086475946176,0.081339179707761
spatial_lattice,1.5,0.2586605568423178,0.10681434544165269,0.09228253596811904,0.04714689984482199,0.9582391304347826,0.8340434427126127,0.9826370755864788,0.5737853522642814,0.5749565217391305,0.23827216061705966,0.0768695652173913,0.051544371242121065,0.2617608695652174,0.20219950011555518,0.06256667521384776,0.07363139135226124
spatial_lattice,1.6,0.2581649485883821,0.1148392631779602,0.08365529616456222,0.043488223022945346,0.9008695652173913,0.9931582888581705,0.9264104572634662,0.6488682947240091,0.6053478260869565,0.24692090905757239,0.060847826086956526,0.04662854247172551,0.2788260869565217,0.1865013937579138,0.05232068711501938,0.08978755277710726
spatial_lattice,1.7,0.32761501335402665,0.1176219405100732,0.07734273248308635,0.03651443112295547,1.4444782608695652,1.1693804529395226,1.114109428000155,0.5709114464053147,0.4964347826086956,0.19920609516630713,0.06789130434782609,0.041706765436268306,0.19341304347826088,0.12573344865007818,0.059396638063790606,0.06804633488074634
spatial_lattice,1.8,0.3859261335172598,0.16648380724390496,0.07758598382128463,0.04439771572042417,1.8705434782608694,1.5144434058325535,1.106090058459176,0.4776089273673936,0.4880217391304348,0.16792218558576263,0.05506521739130434,0.038438653677097104,0.24439130434782608,0.16658478471474478,0.04398041842867475,0.04755404606341672
spatial_lattice,1.9,0.3743134106413506,0.16278972690358387,0.07088938712118815,0.03957843755389088,1.7908043478260869,1.3237281739389524,1.127696682644085,0.38756765702788293,0.5030217391304348,0.14268621790635513,0.0523695652173913,0.03822587202160024,0.26349999999999996,0.15986198622977638,0.03794907644747316,0.04373914680020397
spatial_lattice,2.0,0.43370946619421336,0.17838664600175966,0.085818861406826,0.05047026982242241,2.3474347826086954,1.460011045679831,1.3023948927745201,0.5757151520583835,0.43469565217391304,0.18695075293106045,0.05297826086956522,0.029606672713213628,0.26902173913043476,0.22403193284581857,0.05103730858914115,0.04726809632950465
spatial_lattice,2.1,0.45228636967867264,0.17854332287071872,0.07280881725668283,0.04472027676069517,2.3685,1.3064176976664248,1.2741924930595552,0.5773473308081186,0.46980434782608693,0.16347159506104358,0.049673913043478256,0.02859557996114256,0.2566086956521739,0.17416969620548464,0.042462286654894356,0.03705600554693201
spatial_lattice,2.2,0.4559053688268656,0.16617928178477856,0.07558503919134114,0.04495218803903192,2.250695652173913,1.2321720106763259,1.2004236000778676,0.5524394079090565,0.47813043478260864,0.18556676259707214,0.042586956521739126,0.0242378502704502,0.30532608695652175,0.21303674743021728,0.0373993899343429,0.04144470707606025
