K,kick_strength,R_pre_mean_mean,R_pre_mean_std,R_post_mean_mean,R_post_mean_std,R_change_mean,R_change_std,cluster_change_mean,cluster_change_std,kick_distance_mean,kick_distance_std,recovery_similarity_mean,recovery_similarity_std,memory_loss_mean,memory_loss_std,core_overlap_mean,core_overlap_std,new_core_fraction_mean,new_core_fraction_std,irreversibility_score_mean,irreversibility_score_std,reversible_fraction,metastable_fraction,irreversible_fraction
0.4,0.0,0.10589861955016651,0.03452822866417977,0.10269594560398669,0.041715596116087585,0.021435338825543295,0.013278528212633957,0.024833333333333332,0.021260704218337857,0.0,0.0,0.12603889779845204,0.07607331420337478,0.8739611022015479,0.07607331420337479,0.8283333333333334,0.12473363432596576,0.1716666666666667,0.12473363432596574,1.0571949369079339,0.09682619211227979,0.0,0.0,1.0
0.4,0.1,0.10589861955016651,0.03452822866417977,0.10569456156347443,0.04220405913214553,0.020833740246205875,0.016373739448654123,0.022433333333333336,0.019458487827629666,0.00500521791818454,0.0004168250027602412,0.12825561477892414,0.07565053559597312,0.8717443852210758,0.07565053559597312,0.8283333333333334,0.1291107688896432,0.1716666666666667,0.1291107688896432,1.0542278202826274,0.10731157189994728,0.0,0.0,1.0
0.4,0.2,0.10589861955016651,0.03452822866417977,0.10821162026769102,0.040314109695962046,0.01821539227770106,0.016779993755996307,0.028666666666666667,0.03017996702047113,0.01987273902897569,0.0016425761674761917,0.12791621981836107,0.0757577261266117,0.8720837801816389,0.0757577261266117,0.8241666666666667,0.13305618124845253,0.17583333333333334,0.13305618124845256,1.0596376282510642,0.1181573056725944,0.0,0.0,1.0
0.4,0.3,0.10589861955016651,0.03452822866417977,0.11093505795298889,0.037534727298207615,0.017140397700097766,0.0165572812005178,0.021966666666666666,0.021431217324813626,0.04416520534539563,0.00360505536811447,0.1273074400543241,0.07694183364910043,0.872692559945676,0.0769418336491004,0.8258333333333333,0.13294625832395277,0.17416666666666666,0.13294625832395277,1.0566359927040336,0.11445748541178817,0.0,0.0,1.0
0.4,0.4,0.10589861955016651,0.03452822866417977,0.11278466357402858,0.03525162820933194,0.016943073352902106,0.014436546461047438,0.017300000000000003,0.01828491213257276,0.07717671473485552,0.006190316533703945,0.1296727301230208,0.07411016930172935,0.8703272698769793,0.07411016930172934,0.8266666666666665,0.12959676553613098,0.17333333333333334,0.12959676553613092,1.052221371548538,0.10898113552236127,0.0,0.0,1.0
0.4,0.5,0.10589861955016651,0.03452822866417977,0.11445848795018618,0.03349887571552017,0.016746344353939322,0.015812428492794097,0.017866666666666666,0.01562963147732406,0.11796585834561298,0.009251582888256725,0.13369470995005386,0.07206959736227765,0.8663052900499462,0.07206959736227764,0.8225,0.12463689953278766,0.1775,0.1246368995327876,1.0524585428050977,0.09684007251509842,0.0,0.0,1.0
0.4,0.6,0.10589861955016651,0.03452822866417977,0.11359778669792972,0.03180770886717919,0.016456513042232397,0.01263177951986457,0.01863333333333333,0.018813302497892096,0.16539907327823802,0.01262048270267918,0.13872844792547653,0.0657502024525035,0.8612715520745235,0.06575020245250349,0.8283333333333334,0.11573563341557888,0.1716666666666667,0.1157356334155789,1.0417106803350815,0.07602111987337533,0.0,0.0,1.0
0.4,0.7,0.10589861955016651,0.03452822866417977,0.11221856828339627,0.03329525342590999,0.01858543143129861,0.01173219121716005,0.017,0.010486415606903141,0.21820165710832762,0.016119513763978185,0.13637580695644527,0.0639455135472494,0.8636241930435548,0.06394551354724941,0.8283333333333334,0.12188816655524372,0.1716666666666667,0.12188816655524372,1.044187217568046,0.07844380674310103,0.0,0.0,1.0
0.4,0.8,0.10589861955016651,0.03452822866417977,0.11231262662244232,0.03456218810008259,0.019483529105865784,0.012804413860006698,0.023633333333333333,0.008010154374256168,0.27501336509577834,0.019574552190271172,0.14425723451578581,0.06542192876932024,0.8557427654842142,0.06542192876932024,0.8216666666666667,0.11995369476964389,0.17833333333333332,0.11995369476964386,1.0448553144273474,0.07359095096650319,0.0,0.0,1.0
0.4,0.9,0.10589861955016651,0.03452822866417977,0.11626303369587976,0.037251946237159654,0.02209827654973091,0.015529237063272293,0.021866666666666666,0.01974646315210762,0.3344453021287236,0.022826270986153866,0.14308659731264975,0.06749037470245087,0.8569134026873503,0.0674903747024509,0.8175000000000001,0.11999939083666046,0.1825,0.11999939083666045,1.0504046384914498,0.09186428519070923,0.0,0.0,1.0
0.4,1.0,0.10589861955016651,0.03452822866417977,0.11847420057288967,0.03549007423047766,0.023264182203637344,0.017267733297719825,0.023433333333333334,0.020605200047702714,0.3951348454840403,0.025739536121692632,0.13578057790038872,0.07021942254408085,0.8642194220996112,0.07021942254408084,0.8233333333333333,0.10656793676429524,0.17666666666666667,0.10656793676429524,1.0525604676505207,0.08499345579227813,0.0,0.0,1.0
0.45,0.0,0.15534253368271547,0.05370770065549708,0.15023695331768197,0.059520598551375654,0.030823253292174262,0.024035884784656163,0.052533333333333335,0.04863209538724798,0.0,0.0,0.22858156601146096,0.10889713391286761,0.771418433988539,0.10889713391286761,0.6950000000000001,0.15438048235879212,0.305,0.15438048235879215,1.097257580644916,0.1398752193526967,0.0,0.0,1.0
0.45,0.1,0.15534253368271547,0.05370770065549708,0.15369663911859816,0.05820864711614744,0.030059462208394304,0.023486959913316775,0.04443333333333334,0.03443870731318917,0.0050052179181845294,0.0004168250027602328,0.23573332714927714,0.1096950864761556,0.7642666728507229,0.10969508647615558,0.7,0.1518886942421867,0.3,0.15188869424218673,1.0828898717361546,0.1375012134275631,0.0,0.0,1.0
0.45,0.2,0.15534253368271547,0.05370770065549708,0.15313683764272285,0.05652419091666352,0.028774557744540512,0.02206897020178454,0.04203333333333333,0.043355985981959125,0.01987273902897569,0.0016425761674761917,0.22681768929472673,0.11061294088034822,0.7731823107052733,0.11061294088034823,0.7025,0.15505846850453142,0.2975,0.15505846850453142,1.0883842834747417,0.14230053954546748,0.0,0.0,1.0
0.45,0.3,0.15534253368271547,0.05370770065549708,0.15525380652181114,0.05624377607541845,0.028638457806655065,0.020496435314373316,0.0501,0.04957327850284333,0.04416520534539563,0.0036050553681144684,0.22245791346868482,0.1143647782721634,0.7775420865313152,0.1143647782721634,0.7066666666666667,0.14563834081652216,0.29333333333333333,0.1456383408165222,1.0905600343163122,0.1369682661448912,0.0,0.0,1.0
0.45,0.4,0.15534253368271547,0.05370770065549708,0.15753603625004342,0.056859101776011924,0.02958890838077204,0.022072251105041595,0.04553333333333333,0.04459255438335809,0.0771767147348555,0.00619031653370394,0.2201540848935677,0.10840426746871716,0.7798459151064323,0.10840426746871715,0.7133333333333334,0.13961098835756244,0.2866666666666667,0.13961098835756244,1.0852931422016252,0.12683676037910444,0.0,0.0,1.0
0.45,0.5,0.15534253368271547,0.05370770065549708,0.15985917254345644,0.055324123444786134,0.030853212840609868,0.022327077810969733,0.057833333333333334,0.04954949088319299,0.11796585834561295,0.009251582888256737,0.22303793957082957,0.11155052657388657,0.7769620604291705,0.11155052657388657,0.7166666666666667,0.11610138743246219,0.2833333333333333,0.11610138743246219,1.0824670303059896,0.11047711973432743,0.0,0.0,1.0
0.45,0.6,0.15534253368271547,0.05370770065549708,0.15417897920974086,0.05664476320118991,0.02806669464088408,0.021412130725182457,0.0462,0.04058640339264957,0.16539907327823805,0.012620482702679195,0.21587108023073967,0.1086263831519677,0.7841289197692604,0.1086263831519677,0.7283333333333333,0.11253329591751271,0.27166666666666667,0.11253329591751267,1.074362260096148,0.10639910767475931,0.0,0.0,1.0
0.45,0.7,0.15534253368271547,0.05370770065549708,0.15120697990419377,0.05898525570126375,0.029750081604463057,0.02072235861667794,0.049666666666666665,0.05360479161614684,0.21820165710832762,0.016119513763978195,0.1974197468496252,0.11613441327071608,0.8025802531503748,0.11613441327071608,0.7391666666666666,0.11751259730903657,0.26083333333333336,0.11751259730903658,1.0832677735514906,0.11014787903826188,0.0,0.0,1.0
0.45,0.8,0.15534253368271547,0.05370770065549708,0.1503435072619746,0.05689829654977495,0.03147465152983275,0.021685838117296043,0.05343333333333333,0.050735537218424186,0.27501336509577834,0.019574552190271165,0.19683331961025569,0.10939456891439067,0.8031666803897443,0.1093945689143907,0.7358333333333333,0.11307439459687721,0.26416666666666666,0.1130743945968772,1.0885603432722024,0.11056969445999663,0.0,0.0,1.0
0.45,0.9,0.15534253368271547,0.05370770065549708,0.15007438151604438,0.0590580876475249,0.029381810640953337,0.023697206951452984,0.043133333333333336,0.04660502194158306,0.33444530212872353,0.022826270986153873,0.19536355558617613,0.11203956730191061,0.8046364444138238,0.1120395673019106,0.7308333333333333,0.11924163388457064,0.26916666666666667,0.11924163388457062,1.0919318970740624,0.12061856988153245,0.0,0.0,1.0
0.45,1.0,0.15534253368271547,0.05370770065549708,0.15254740585074064,0.06048363152823518,0.025232991270002513,0.01984729130509417,0.042633333333333336,0.042546142821715906,0.3951348454840403,0.025739536121692618,0.20625741403923836,0.11585930131943636,0.7937425859607616,0.11585930131943636,0.7091666666666667,0.16784452217969764,0.29083333333333333,0.1678445221796976,1.1015425004449289,0.13933203502528668,0.0,0.0,1.0
0.5,0.0,0.22490298502346667,0.06835337834136249,0.2205863966424768,0.07805210152760529,0.014765624115697196,0.011294949447080134,0.0731,0.08222328037883987,0.0,0.0,0.3155870969604,0.17663825826558285,0.6844129030396,0.17663825826558288,0.55,0.20555160419783663,0.45,0.20555160419783666,1.1563793090685244,0.1966905715368276,0.0,0.05,0.95
0.5,0.1,0.22490298502346667,0.06835337834136249,0.21961132332345962,0.07772697508186781,0.014873110378098126,0.017497285588367797,0.0626,0.054109224602968596,0.0050052179181845294,0.0004168250027602328,0.31859726836544733,0.16380503728739038,0.6814027316345527,0.16380503728739038,0.545,0.16508902436234907,0.45499999999999996,0.16508902436234907,1.1557710092290772,0.18967087646895078,0.0,0.05,0.95
0.5,0.2,0.22490298502346667,0.06835337834136249,0.21988386832127516,0.08159411314858524,0.01802654456785958,0.02897136694982646,0.07646666666666666,0.07091188832933974,0.019872739028975683,0.0016425761674761924,0.3125320937347412,0.16552500785979835,0.6874679062652589,0.1655250078597984,0.5766666666666667,0.17674774703478216,0.42333333333333334,0.17674774703478213,1.1344245424072237,0.21681319181866926,0.0,0.05,0.95
0.5,0.3,0.22490298502346667,0.06835337834136249,0.2244883666090351,0.07535031148542783,0.015513112018038844,0.01711194789544178,0.06810000000000001,0.05101279509258334,0.04416520534539563,0.00360505536811447,0.3165223450746701,0.15433222541148392,0.68347765492533,0.15433222541148392,0.5183333333333333,0.2094897728107048,0.48166666666666663,0.2094897728107048,1.1860475995965065,0.21974713046734834,0.0,0.05,0.95
0.5,0.4,0.22490298502346667,0.06835337834136249,0.2237535800787597,0.0735736642635092,0.01789176570310441,0.012869361978513013,0.06316666666666668,0.049868540634645006,0.07717671473485552,0.006190316533703945,0.3087244476222262,0.16484973156981345,0.6912755523777738,0.16484973156981347,0.5291666666666667,0.21253654656489318,0.4708333333333333,0.21253654656489315,1.18237349380355,0.2347785489252701,0.0,0.1,0.9
0.5,0.5,0.22490298502346667,0.06835337834136249,0.21249270973050333,0.08335797946871422,0.027649801003605035,0.0316717811598403,0.0817,0.07066483777838603,0.11796585834561295,0.009251582888256739,0.2986781484669208,0.17021746278764596,0.7013218515330792,0.17021746278764596,0.5283333333333333,0.23107301192935809,0.4716666666666667,0.23107301192935809,1.200325968450647,0.24938449393035092,0.0,0.05,0.95
0.5,0.6,0.22490298502346667,0.06835337834136249,0.2176943399578039,0.07575552968103241,0.02130478102895707,0.02001857233142856,0.07256666666666665,0.05941440351488214,0.16539907327823805,0.012620482702679174,0.3023432979962174,0.16967016544988955,0.6976567020037826,0.16967016544988958,0.48,0.2505899471994575,0.52,0.2505899471994575,1.2411245639276884,0.2239181679765418,0.0,0.05,0.95
0.5,0.7,0.22490298502346667,0.06835337834136249,0.21463680468073756,0.07944013690157842,0.019379699427806315,0.01686342405392697,0.06703333333333333,0.05700701711193107,0.21820165710832762,0.016119513763978195,0.30097207341008325,0.17245869830596858,0.6990279265899166,0.17245869830596858,0.5016666666666667,0.23238529208323017,0.49833333333333335,0.23238529208323014,1.218964518113535,0.19724591625392887,0.0,0.05,0.95
0.5,0.8,0.22490298502346667,0.06835337834136249,0.2171653999624838,0.0767113484127833,0.023254850239697235,0.020263269513709485,0.07883333333333334,0.038772918142519916,0.27501336509577834,0.01957455219027117,0.3057441961666674,0.16275378924024242,0.6942558038333326,0.16275378924024245,0.46416666666666667,0.27552581309962687,0.5358333333333334,0.2755258130996269,1.2556111830599235,0.27833172678128654,0.0,0.1,0.9
0.5,0.9,0.22490298502346667,0.06835337834136249,0.2210238407776155,0.0752052545378548,0.020042893173349847,0.016808032239620886,0.09396666666666667,0.092201273601839,0.3344453021287236,0.022826270986153877,0.32127077433923085,0.149029416258847,0.6787292256607691,0.14902941625884697,0.47333333333333333,0.2705528236950351,0.5266666666666666,0.2705528236950351,1.23389828228744,0.26141829353151436,0.0,0.05,0.95
0.5,1.0,0.22490298502346667,0.06835337834136249,0.21833613083306397,0.0764839045388956,0.019371759297702306,0.017068012065260197,0.08953333333333333,0.09990313437180004,0.3951348454840403,0.025739536121692625,0.32405640046428963,0.15486510120187272,0.6759435995357104,0.1548651012018727,0.49333333333333335,0.24793887192315434,0.5066666666666666,0.24793887192315434,1.2098365393601358,0.2052367117020338,0.0,0.05,0.95
0.55,0.0,0.3138655296089821,0.08102126567633601,0.3232084256509526,0.08570140347522655,0.014795387647199393,0.015419444584430985,0.3041333333333333,0.27638430740567915,0.0,0.0,0.4993416322813499,0.16537974711500336,0.50065836771865,0.1653797471150034,0.38083333333333336,0.33670553015222027,0.6191666666666666,0.3367055301522202,1.1995572146304498,0.3051071127648594,0.0,0.1,0.9
0.55,0.1,0.3138655296089821,0.08102126567633601,0.3249649272246576,0.07522933270983077,0.01705945009403198,0.017455088005651844,0.2924666666666667,0.27172794271808187,0.005005217918184535,0.00041682500276023476,0.5080647359254078,0.14613022898938213,0.4919352640745922,0.14613022898938213,0.36083333333333334,0.3102665803421196,0.6391666666666667,0.3102665803421196,1.2084834599314336,0.26008904213665457,0.0,0.05,0.95
0.55,0.2,0.3138655296089821,0.08102126567633601,0.3211193546081597,0.07533973448685283,0.017185430031659437,0.016554351711987162,0.2788666666666667,0.2608216526727104,0.019872739028975683,0.0016425761674761924,0.5163032374748108,0.15245371070324254,0.48369676252518923,0.15245371070324254,0.39416666666666667,0.32875251538850464,0.6058333333333333,0.32875251538850464,1.1635431200331041,0.30961585739605874,0.0,0.1,0.9
0.55,0.3,0.3138655296089821,0.08102126567633601,0.3202664533415431,0.08012886052629607,0.014760286124110284,0.014152658030729773,0.24306666666666668,0.2590319721059534,0.04416520534539563,0.0036050553681144693,0.49610980908326124,0.17657038149162754,0.5038901909167388,0.17657038149162754,0.3975,0.3209213253681085,0.6025,0.3209213253681086,1.170846929114433,0.33122730587246874,0.0,0.1,0.9
0.55,0.4,0.3138655296089821,0.08102126567633601,0.3172796628655925,0.08637278565000235,0.017243018762983914,0.01577966713042042,0.26356666666666667,0.2613275397675026,0.07717671473485552,0.0061903165337039694,0.4811045908602664,0.17772968419463275,0.5188954091397335,0.17772968419463278,0.445,0.31977239712788263,0.5549999999999999,0.3197723971278826,1.1440978304971463,0.3538426964087581,0.0,0.1,0.9
0.55,0.5,0.3138655296089821,0.08102126567633601,0.3185532833496741,0.08054733035057833,0.020360538786459836,0.019967476722793396,0.269,0.25213367845820495,0.11796585834561299,0.009251582888256752,0.47788402659035845,0.17327121411234916,0.5221159734096416,0.17327121411234914,0.4916666666666667,0.3300053162782834,0.5083333333333333,0.3300053162782834,1.1027894414395898,0.39545310564460007,0.0,0.25,0.75
0.55,0.6,0.3138655296089821,0.08102126567633601,0.3241153634881152,0.0742558752318305,0.016860761102306315,0.01546928557758243,0.22426666666666667,0.26730803572828166,0.16539907327823802,0.012620482702679172,0.5156670390274816,0.16510705976387843,0.4843329609725184,0.1651070597638784,0.4,0.2848001248439177,0.6,0.28480012484391765,1.1446148179147617,0.30238810599302485,0.05,0.15,0.8
0.55,0.7,0.3138655296089821,0.08102126567633601,0.3200812384670203,0.08061275725203215,0.020098882256675436,0.015733305682742334,0.2551333333333333,0.2481304222233714,0.21820165710832762,0.016119513763978188,0.5103630104757846,0.15870683932161755,0.4896369895242154,0.15870683932161758,0.49416666666666664,0.2952981940205745,0.5058333333333334,0.2952981940205745,1.064278376755051,0.33818997656355465,0.05,0.15,0.8
0.55,0.8,0.3138655296089821,0.08102126567633601,0.3173736287604322,0.082046357742371,0.018560248042084206,0.015025608538236337,0.20930000000000004,0.2295803927280076,0.27501336509577834,0.019574552190271172,0.5220893906741001,0.17023303194844122,0.4779106093258999,0.17023303194844122,0.49333333333333335,0.34511630381350394,0.5066666666666666,0.3451163038135039,1.0415423380030877,0.38259684453461135,0.05,0.15,0.8
0.55,0.9,0.3138655296089821,0.08102126567633601,0.3180701343003881,0.08328154772986295,0.01872250740770187,0.015853223090154227,0.24783333333333335,0.23239157064158578,0.3344453021287236,0.022826270986153887,0.5098576854953168,0.1564319452255863,0.49014231450468315,0.1564319452255863,0.5025000000000001,0.3288859006897599,0.49749999999999994,0.32888590068975987,1.054281274689942,0.3397987020123603,0.0,0.25,0.75
0.55,1.0,0.3138655296089821,0.08102126567633601,0.3191224952959821,0.08507714010537391,0.017640885887255476,0.01312180477669117,0.2615,0.27457951904812894,0.3951348454840403,0.025739536121692618,0.520319008677679,0.17386971468731321,0.47968099132232106,0.17386971468731324,0.5608333333333333,0.3136875097946515,0.43916666666666665,0.3136875097946515,0.9886328794608016,0.34096170049765273,0.0,0.2,0.8
0.6,0.0,0.41695963168685085,0.07260707124064479,0.41464984585783826,0.06992576672420903,0.015288718117917313,0.009687000973459772,0.2513333333333334,0.19740290381032524,0.0,0.0,0.7052738822098841,0.16911164369816464,0.2947261177901159,0.16911164369816464,0.49000000000000005,0.37186899535670137,0.51,0.37186899535670126,0.8713816306529285,0.4056365464738707,0.05,0.4,0.55
0.6,0.1,0.41695963168685085,0.07260707124064479,0.4192682944436522,0.06774187258105162,0.016224185267642334,0.010350556795818866,0.28986666666666683,0.20424839824863864,0.0050052179181845294,0.0004168250027602328,0.7078750157243594,0.16385235423421662,0.2921249842756406,0.16385235423421662,0.4583333333333333,0.42706327509594233,0.5416666666666667,0.4270632750959424,0.9103143639258844,0.490852586308131,0.1,0.35,0.55
0.6,0.2,0.41695963168685085,0.07260707124064479,0.418477899807458,0.06972136839705535,0.014076076107660837,0.00988160725290079,0.2850333333333334,0.23317051712958808,0.019872739028975673,0.0016425761674761842,0.7050926622930677,0.1791289296078481,0.29490733770693234,0.1791289296078481,0.4125,0.41106319856729356,0.5875,0.4110631985672937,0.957184690067181,0.4593875805657761,0.15,0.25,0.6
0.6,0.3,0.41695963168685085,0.07260707124064479,0.4200252344142149,0.0679065047251713,0.015219594957970586,0.010375221364001905,0.3419333333333334,0.2363711918802229,0.044165205345395635,0.0036050553681144775,0.7109187121003138,0.14590063305299217,0.28908128789968623,0.14590063305299217,0.43,0.41880503915152867,0.5700000000000001,0.41880503915152867,0.9483695199725123,0.5065490438523975,0.2,0.25,0.55
0.6,0.4,0.41695963168685085,0.07260707124064479,0.41955261660533233,0.06888288565351436,0.0167802932328857,0.01280075028938436,0.37986666666666674,0.27291003594462826,0.07717671473485552,0.006190316533703938,0.7019651385299605,0.1644359748099002,0.29803486147003955,0.1644359748099002,0.4175,0.4352345270853996,0.5825,0.4352345270853996,0.9796966014449277,0.5358804053033348,0.15,0.3,0.55
0.6,0.5,0.41695963168685085,0.07260707124064479,0.42058647402160326,0.06747722027799764,0.016269993317941277,0.013833626344994339,0.33163333333333345,0.2293180813981758,0.11796585834561298,0.009251582888256747,0.6947745106114581,0.16484964088787182,0.3052254893885418,0.16484964088787182,0.3383333333333333,0.4085382586391755,0.6616666666666667,0.4085382586391755,1.0538679877180273,0.4890824787583775,0.1,0.25,0.65
0.6,0.6,0.41695963168685085,0.07260707124064479,0.4224035157025733,0.06675944772743571,0.016667108169224915,0.01442674836475457,0.35280000000000006,0.22081980163771914,0.16539907327823802,0.012620482702679186,0.6947682771204782,0.16373400797014673,0.3052317228795217,0.16373400797014673,0.39,0.4115439478994091,0.61,0.4115439478994091,1.007598499921828,0.47657381725305276,0.1,0.3,0.6
0.6,0.7,0.41695963168685085,0.07260707124064479,0.4193513639899947,0.06838912311685318,0.017313940990805854,0.013959846271660564,0.37186666666666673,0.21182963473519656,0.21820165710832762,0.016119513763978178,0.6775636790233339,0.17270957320779418,0.3224363209766661,0.17270957320779415,0.38,0.466998628796965,0.62,0.466998628796965,1.039731472891034,0.5290796972131088,0.1,0.25,0.65
0.6,0.8,0.41695963168685085,0.07260707124064479,0.4192535731103983,0.068395359870516,0.017059212709591636,0.012920500945694574,0.3544000000000001,0.20503206424464693,0.27501336509577834,0.019574552190271183,0.6817931624473036,0.18657999525181007,0.31820683755269646,0.18657999525181007,0.38,0.41873521620058385,0.62,0.4187352162005839,1.0310716407300944,0.4918744366110726,0.1,0.3,0.6
0.6,0.9,0.41695963168685085,0.07260707124064479,0.41975343936209136,0.06830100018523985,0.01510928988558396,0.011984756005540623,0.3302333333333333,0.22212490822463188,0.3344453021287236,0.022826270986153873,0.7010412838025579,0.1864089070402012,0.298958716197442,0.1864089070402012,0.41916666666666663,0.4410008221604568,0.5808333333333333,0.4410008221604568,0.9661277053355046,0.5272532693694725,0.1,0.35,0.55
0.6,1.0,0.41695963168685085,0.07260707124064479,0.4205651272217385,0.06869730020124412,0.013988457498368115,0.011237081247645305,0.3023,0.2306367970722424,0.3951348454840403,0.02573953612169263,0.7175846558869172,0.16358267446591276,0.28241534411308283,0.1635826744659128,0.37583333333333335,0.43264030276772336,0.6241666666666666,0.43264030276772336,0.9856541251543416,0.4733995400633601,0.1,0.3,0.6
0.65,0.0,0.5401718301629187,0.10959081723356434,0.5427674512702645,0.1051538853246219,0.00862484973303688,0.012495505151178157,0.2001666666666666,0.1463915881327318,0.0,0.0,0.9020535426714684,0.09972617054208155,0.09794645732853155,0.09972617054208155,0.24916666666666668,0.3596406182135242,0.7508333333333334,0.3596406182135241,0.9009776697617908,0.39685122268216133,0.15,0.15,0.7
0.65,0.1,0.5401718301629187,0.10959081723356434,0.5448005190724876,0.10271325149607737,0.010706566872781292,0.015508353421840733,0.24926666666666675,0.20129730129530277,0.0050052179181845294,0.0004168250027602328,0.9039508729512061,0.10910474650455904,0.0960491270487939,0.10910474650455904,0.33333333333333337,0.40007309273701935,0.6666666666666667,0.40007309273701935,0.8277091021003227,0.4466655334584445,0.25,0.1,0.65
0.65,0.2,0.5401718301629187,0.10959081723356434,0.5439234461799662,0.10407503572732071,0.008835371201237698,0.011938696707578224,0.21953333333333336,0.16452790516793017,0.019872739028975683,0.0016425761674761924,0.8966349775742032,0.1569169596834031,0.10336502242579688,0.15691695968340308,0.425,0.39249166564697796,0.575,0.392491665646978,0.7354571985594397,0.4727875800496765,0.35,0.1,0.55
0.65,0.3,0.5401718301629187,0.10959081723356434,0.5426827564448138,0.10585640956656307,0.012402100112401952,0.019165794463830058,0.1996333333333334,0.14108559469074,0.04416520534539563,0.0036050553681144684,0.8930214374336266,0.150552101385428,0.10697856256637346,0.150552101385428,0.6316666666666666,0.34547619479436015,0.36833333333333335,0.3454761947943601,0.5283207542611407,0.43035233881060153,0.5,0.25,0.25
0.65,0.4,0.5401718301629187,0.10959081723356434,0.5425089100763675,0.10609634607097239,0.010274416886533373,0.01396289061813945,0.2251666666666668,0.1576781643372725,0.07717671473485552,0.006190316533703947,0.9215319490273423,0.07217043666754328,0.07846805097265769,0.07217043666754328,0.6258333333333332,0.3905115478521063,0.37416666666666665,0.39051154785210634,0.5114949885276243,0.43940352531282556,0.55,0.2,0.25
0.65,0.5,0.5401718301629187,0.10959081723356434,0.5394461387269202,0.10883864749435941,0.008249294139514637,0.015176407964645144,0.19593333333333335,0.15858392358216342,0.11796585834561298,0.009251582888256739,0.9116604528654962,0.07878276658717313,0.08833954713450383,0.07878276658717312,0.6333333333333333,0.3890308846862497,0.3666666666666667,0.38903088468624963,0.5060518706693825,0.4606281428994932,0.55,0.15,0.3
0.65,0.6,0.5401718301629187,0.10959081723356434,0.5375821368352616,0.11072963581223959,0.008371722119572673,0.014409858864725216,0.17990000000000003,0.14608229275757534,0.16539907327823805,0.012620482702679178,0.9089902449623052,0.08749697961614726,0.09100975503769476,0.08749697961614727,0.635,0.3965826241500978,0.365,0.3965826241500978,0.503077685567588,0.4612277273616383,0.6,0.1,0.3
0.65,0.7,0.5401718301629187,0.10959081723356434,0.5375688811160269,0.11061859420581367,0.0071139103864148205,0.012353401287374275,0.20613333333333345,0.14791741017851195,0.21820165710832767,0.01611951376397818,0.9088875557636337,0.08786512086094878,0.09111244423636623,0.08786512086094878,0.6783333333333333,0.3846126630582973,0.32166666666666666,0.3846126630582973,0.46609092183296996,0.45275932491572296,0.55,0.2,0.25
0.65,0.8,0.5401718301629187,0.10959081723356434,0.5315812172440714,0.11851573582519853,0.009921048644385016,0.015084317880512049,0.24690000000000017,0.2035762454691073,0.27501336509577834,0.019574552190271176,0.8773661854839876,0.15090551961710463,0.12263381451601243,0.1509055196171046,0.7066666666666667,0.3774878488420413,0.29333333333333333,0.3774878488420413,0.4801724100104421,0.5254211624891723,0.55,0.25,0.2
0.65,0.9,0.5401718301629187,0.10959081723356434,0.5323130067337614,0.11797498825632044,0.009696987074469834,0.01654105711984185,0.28870000000000007,0.21087813891839108,0.3344453021287236,0.02282627098615389,0.8932188657263804,0.13574375286492432,0.10678113427361964,0.13574375286492432,0.7008333333333333,0.3717933070375188,0.2991666666666667,0.3717933070375188,0.48054704770890383,0.5192429302434841,0.65,0.1,0.25
0.65,1.0,0.5401718301629187,0.10959081723356434,0.5386279984965385,0.10946108226748087,0.007999162034162255,0.01112511876387768,0.19100000000000011,0.13246180073881972,0.3951348454840403,0.02573953612169263,0.9313360716408889,0.06418467229730344,0.06866392835911103,0.06418467229730344,0.7366666666666667,0.3538262037443529,0.2633333333333333,0.353826203744353,0.381747052200985,0.3865376449693047,0.7,0.1,0.2
0.7,0.0,0.7114909300727184,0.04496367111277284,0.7112152136024357,0.04526125525509218,0.0003067411819917598,0.00042241951132054536,0.1401333333333333,0.14366995966429977,0.0,0.0,0.9959607662875035,0.004437702278039354,0.004039233712496465,0.0044377022780393485,0.2758333333333333,0.33797102716753447,0.7241666666666666,0.3379710271675345,0.7633159190079943,0.34082349011600144,0.1,0.2,0.7
0.7,0.1,0.7114909300727184,0.04496367111277284,0.711232648599054,0.04525082542519034,0.00030189155653287945,0.00041277423879550125,0.12773333333333337,0.1175443477339959,0.0050052179181845294,0.0004168250027602328,0.9959934782973946,0.004408748566841099,0.004006521702605381,0.004408748566841092,0.4033333333333333,0.3726230712346919,0.5966666666666667,0.37262307123469185,0.6326819945917386,0.37360971627144846,0.25,0.25,0.5
0.7,0.2,0.7114909300727184,0.04496367111277284,0.7112613388003945,0.04522124609969413,0.00029928269716595344,0.000378659756065337,0.10600000000000001,0.08276762369528168,0.01987273902897569,0.0016425761674761917,0.9960610265118172,0.004355440258823058,0.003938973488182879,0.004355440258823061,0.485,0.39680375045388494,0.515,0.39680375045388494,0.5455137941624744,0.3945740236498601,0.4,0.2,0.4
0.7,0.3,0.7114909300727184,0.04496367111277284,0.711285237326948,0.04518985538096835,0.00028768446771211266,0.0003440896598472653,0.1102666666666667,0.09299573026732584,0.044165205345395635,0.0036050553681144697,0.9961488981994554,0.004279530098700175,0.0038511018005444988,0.0042795300987001905,0.6316666666666666,0.3090212808962898,0.3683333333333333,0.3090212808962898,0.3998230229174725,0.3093303939308194,0.5,0.3,0.2
0.7,0.4,0.7114909300727184,0.04496367111277284,0.7113106410315931,0.04516714018115493,0.0002618479263119922,0.0003105736080961878,0.11586666666666674,0.1029339423670738,0.07717671473485553,0.006190316533703958,0.996043254641396,0.004242402735626441,0.003956745358604003,0.004242402735626437,0.6900000000000001,0.29884768950163865,0.31,0.2988476895016387,0.34298887400684863,0.2966894691181914,0.6,0.25,0.15
0.7,0.5,0.7114909300727184,0.04496367111277284,0.711325633746392,0.045156092275801425,0.0002420867664184423,0.0002886152409898786,0.10533333333333335,0.08640825171771663,0.11796585834561298,0.009251582888256735,0.996003545879107,0.004282311625482733,0.003996454120892984,0.004282311625482727,0.7375,0.27278480475936034,0.2625,0.27278480475936034,0.2928903091458309,0.2634399559314025,0.65,0.25,0.1
0.7,0.6,0.7114909300727184,0.04496367111277284,0.7113252481214932,0.04516511602601612,0.0002384282426673323,0.00029595991690875735,0.1102666666666667,0.08285981962086529,0.16539907327823805,0.012620482702679164,0.9959963614175823,0.004361812876849212,0.004003638582417724,0.004361812876849236,0.7591666666666667,0.2352350448291867,0.24083333333333332,0.2352350448291867,0.27246324564308455,0.2296648650152999,0.65,0.25,0.1
0.7,0.7,0.7114909300727184,0.04496367111277284,0.7113219371383227,0.045175045740121766,0.00023934887071422884,0.00030842009286978674,0.11503333333333339,0.10110071985676242,0.21820165710832762,0.016119513763978195,0.9959919725198866,0.004396349489050372,0.004008027480113518,0.004396349489050392,0.7683333333333333,0.23637738683268322,0.23166666666666663,0.2363773868326832,0.2644928646977921,0.22937092962073188,0.7,0.2,0.1
0.7,0.8,0.7114909300727184,0.04496367111277284,0.7113336879851968,0.045154817577428494,0.0002261727644684741,0.0002728857038998274,0.10570000000000009,0.09847123247797301,0.27501336509577834,0.01957455219027117,0.9959380632045063,0.004384857968353233,0.004061936795493765,0.00438485796835325,0.7708333333333333,0.24482210990242698,0.22916666666666666,0.24482210990242698,0.2597101466532775,0.23726125029747946,0.7,0.2,0.1
0.7,0.9,0.7114909300727184,0.04496367111277284,0.7113365272878477,0.04514744764398188,0.00022154570712333842,0.0002618233629483908,0.10556666666666666,0.09792759588128219,0.3344453021287236,0.022826270986153887,0.9958923333998427,0.004346683246277356,0.0041076666001572445,0.00434668324627736,0.7925,0.2346750272633469,0.20750000000000002,0.2346750272633469,0.23805471969360475,0.22860143162631635,0.8,0.1,0.1
0.7,1.0,0.7114909300727184,0.04496367111277284,0.7113371591823775,0.04513924122054361,0.00021908501290094363,0.0002524960622909697,0.10276666666666665,0.10304924729672248,0.3951348454840403,0.02573953612169263,0.9958813186524246,0.004250873575293037,0.004118681347575337,0.004250873575293015,0.8108333333333333,0.2268056204631715,0.18916666666666668,0.2268056204631715,0.21903178593413392,0.2208358571439057,0.8,0.15,0.05
0.75,0.0,0.7841551083600098,0.02549533018097094,0.7841466316161505,0.02550709106422874,1.7281704519672703e-05,2.681727777105451e-05,0.058366666666666664,0.08234785013011955,0.0,0.0,0.9999758828193748,7.291055558674804e-05,2.411718062519386e-05,7.291055558676604e-05,0.35833333333333334,0.39475730941090037,0.6416666666666667,0.3947573094109003,0.6562867709400885,0.3953775841218641,0.2,0.25,0.55
0.75,0.1,0.7841551083600098,0.02549533018097094,0.7841478789963041,0.02550515850644428,1.600100677210392e-05,2.4096843059628955e-05,0.05143333333333333,0.07213284528161254,0.0050052179181845294,0.0004168250027602328,0.9999720158960834,7.947958378417163e-05,2.7984103916633973e-05,7.947958378417327e-05,0.5258333333333334,0.38705194809781773,0.4741666666666666,0.38705194809781773,0.4870569843556097,0.3876589779216155,0.45,0.2,0.35
0.75,0.2,0.7841551083600098,0.02549533018097094,0.7841491802369981,0.025503472761823413,1.466893501080313e-05,2.251745369243815e-05,0.042166666666666665,0.06069726431015523,0.01987273902897569,0.0016425761674761917,0.9999698958609053,8.176625038504667e-05,3.0104139094572213e-05,8.17662503850394e-05,0.5708333333333333,0.3795532538585592,0.4291666666666666,0.3795532538585592,0.43974210470618064,0.37691957368956663,0.5,0.2,0.3
0.75,0.3,0.7841551083600098,0.02549533018097094,0.784150277682355,0.025502429444770536,1.3547981354300464e-05,2.1793444399843486e-05,0.03380000000000001,0.04462978314824809,0.04416520534539563,0.0036050553681144684,0.9999690176507696,8.117628403629608e-05,3.0982349230340714e-05,8.117628403628714e-05,0.5733333333333334,0.3804583262483499,0.42666666666666664,0.3804583262483499,0.4351510360112356,0.37862144177052764,0.5,0.2,0.3
0.75,0.4,0.7841551083600098,0.02549533018097094,0.7841511641258154,0.02550193942283133,1.2738294012243356e-05,2.1361232705109608e-05,0.029133333333333334,0.03799667575487431,0.07717671473485552,0.006190316533703957,0.9999692594744477,7.869758218792764e-05,3.074052555223639e-05,7.869758218794352e-05,0.5708333333333333,0.3822018005900404,0.4291666666666667,0.38220180059004033,0.43648392509905526,0.38110185920530953,0.5,0.2,0.3
0.75,0.5,0.7841551083600098,0.02549533018097094,0.7841518554226411,0.025501813260444314,1.2309950647920732e-05,2.0989500431564757e-05,0.027233333333333352,0.03719351952607933,0.11796585834561298,0.009251582888256747,0.9999702528866102,7.535820265082367e-05,2.9747113389727575e-05,7.535820265081723e-05,0.5841666666666667,0.3674821473962657,0.41583333333333333,0.36748214739626567,0.4226744912677184,0.3670162786925287,0.5,0.2,0.3
0.75,0.6,0.7841551083600098,0.02549533018097094,0.7841523815844006,0.025501840470456526,1.197738019141914e-05,2.0772077225423644e-05,0.024866666666666648,0.03525088029260417,0.16539907327823805,0.012620482702679178,0.999971652370222,7.155323401167208e-05,2.8347629777947248e-05,7.155323401167746e-05,0.6258333333333334,0.34325050099416976,0.37416666666666665,0.34325050099416976,0.3804146753081591,0.34174228418971525,0.55,0.2,0.25
0.75,0.7,0.7841551083600098,0.02549533018097094,0.7841527483505023,0.025501873028688386,1.171635140287397e-05,2.0639801134498527e-05,0.022799999999999997,0.031781858814543935,0.21820165710832767,0.016119513763978195,0.9999731107540104,6.767016806156914e-05,2.688924598963083e-05,6.767016806156424e-05,0.6083333333333333,0.3546475064076577,0.39166666666666666,0.35464750640765763,0.39739648500050706,0.35226723050411934,0.55,0.2,0.25
0.75,0.8,0.7841551083600098,0.02549533018097094,0.7841530405643607,0.025501835918312784,1.1458962220534107e-05,2.0471211320580647e-05,0.021033333333333327,0.029308981119598905,0.27501336509577834,0.019574552190271162,0.9999742658190754,6.470078265158819e-05,2.5734180924497085e-05,6.470078265158621e-05,0.6591666666666667,0.32500449839441947,0.3408333333333333,0.32500449839441936,0.3461202655881463,0.3233286285064875,0.55,0.25,0.2
0.75,0.9,0.7841551083600098,0.02549533018097094,0.7841532994148329,0.025501715669060943,1.117746757244853e-05,2.0208494215310607e-05,0.019899999999999984,0.027107992822298758,0.3344453021287236,0.02282627098615389,0.999975292534446,6.209963530074174e-05,2.4707465554046905e-05,6.209963530075345e-05,0.6766666666666666,0.3235132434900468,0.32333333333333336,0.3235132434900468,0.32833583516578047,0.32241788133612215,0.65,0.15,0.2
0.75,1.0,0.7841551083600098,0.02549533018097094,0.784153549152728,0.025501507411142914,1.0861250034982505e-05,1.982300108667635e-05,0.019266666666666644,0.026134962355242475,0.3951348454840403,0.025739536121692618,0.9999762808497291,5.957770983731247e-05,2.3719150270862242e-05,5.957770983729591e-05,0.6858333333333333,0.32319109730949735,0.31416666666666665,0.3231910973094973,0.3190097677961129,0.3223493585581694,0.65,0.2,0.15
0.8,0.0,0.8264406029436291,0.018246661482092637,0.8264407361002089,0.01824666604669729,3.948759053129525e-07,6.209355947689424e-07,0.0,0.0,0.0,0.0,0.9999999997324911,1.1848170995147675e-09,2.675089150194765e-10,1.1848171165474507e-09,0.39666666666666667,0.3400894275237769,0.6033333333333333,0.3400894275237769,0.6033334323198185,0.3400893729209957,0.15,0.3,0.55
0.8,0.1,0.8264406029436291,0.018246661482092637,0.8264407478075994,0.01824666573484514,4.1777441558421555e-07,6.828884971271013e-07,0.0,0.0,0.0050052179181845294,0.0004168250027602328,0.9999999996735038,1.4457613241608492e-09,3.264961467852601e-10,1.445761309589299e-09,0.44416666666666665,0.4330051051115121,0.5558333333333334,0.43300510511151197,0.5558334381034333,0.43300507354418866,0.35,0.1,0.55
0.8,0.2,0.8264406029436291,0.018246661482092637,0.8264407569289165,0.01824666445037682,4.4006508625460403e-07,7.359346704410814e-07,0.0,0.0,0.01987273902897569,0.0016425761674761917,0.9999999996319182,1.6280804079819421e-09,3.6808167069857236e-10,1.628080369724007e-09,0.4491666666666666,0.40549857406315426,0.5508333333333333,0.40549857406315426,0.5508334437176866,0.4054985490229734,0.3,0.2,0.5
0.8,0.3,0.8264406029436291,0.018246661482092637,0.8264407637027299,0.01824666137115676,4.59829087662289e-07,7.779355694655731e-07,0.0,0.0,0.04416520534539563,0.003605055368114475,0.9999999996130977,1.7079392617990519e-09,3.869021825142482e-10,1.7079392828913098e-09,0.4616666666666667,0.4159854079761967,0.5383333333333333,0.4159854079761967,0.5383334486775074,0.4159854151943738,0.4,0.1,0.5
0.8,0.4,0.8264406029436291,0.018246661482092637,0.8264407680615493,0.018246656857017488,4.761129410224552e-07,8.083019976198048e-07,0.0,0.0,0.07717671473485552,0.0061903165337039495,0.9999999996152809,1.6938144263420209e-09,3.8471902330527995e-10,1.6938144385357291e-09,0.4408333333333333,0.40136736318978167,0.5591666666666667,0.4013673631897817,0.559166786079621,0.40136743086378707,0.35,0.1,0.55
0.8,0.5,0.8264406029436291,0.018246661482092637,0.8264407702431031,0.018246651682399154,4.882306432696381e-07,8.285979399364066e-07,0.0,0.0,0.11796585834561298,0.009251582888256745,0.999999999632666,1.6123852823211713e-09,3.673340076559839e-10,1.6123852925772137e-09,0.43833333333333335,0.3985023131266009,0.5616666666666666,0.3985023131266009,0.5616667890916615,0.3985023956381917,0.25,0.25,0.5
0.8,0.6,0.8264406029436291,0.018246661482092637,0.8264407721105561,0.018246646260947033,4.977995667676538e-07,8.450294586041607e-07,0.0,0.0,0.16539907327823802,0.012620482702679165,0.9999999996490914,1.5364889533738141e-09,3.509086854425192e-10,1.536488990493783e-09,0.4091666666666667,0.40769194166459266,0.5908333333333333,0.40769194166459266,0.5908334581341337,0.407692016839974,0.35,0.1,0.55
0.8,0.7,0.8264406029436291,0.018246661482092637,0.8264407737574999,0.01824664077944514,5.038257232081734e-07,8.560751285197504e-07,0.0,0.0,0.21820165710832767,0.016119513763978174,0.9999999996644717,1.4666009326889682e-09,3.3552829958871655e-10,1.4666009415019171e-09,0.4041666666666667,0.3994468031390559,0.5958333333333333,0.3994468031390559,0.5958334596252924,0.3994468793860429,0.3,0.15,0.55
0.8,0.8,0.8264406029436291,0.018246661482092637,0.8264407755958247,0.01824663504294177,5.070081060154496e-07,8.634146479899902e-07,0.0,0.0,0.27501336509577834,0.019574552190271176,0.9999999996747663,1.4204216717145146e-09,3.2523363446834707e-10,1.420421616653143e-09,0.38416666666666666,0.3985527546581682,0.6158333333333333,0.3985527546581682,0.6158334604105935,0.39855282504241,0.3,0.1,0.6
0.8,0.9,0.8264406029436291,0.018246661482092637,0.8264407785129331,0.018246628751869966,5.08658096926018e-07,8.689495303658834e-07,0.0,0.0,0.33444530212872353,0.022826270986153863,0.9999999996773807,1.4093372673966309e-09,3.2261925353438413e-10,1.4093372595782769e-09,0.4258333333333334,0.39774492252172483,0.5741666666666666,0.3977449225217248,0.5741667941538101,0.3977450055495881,0.3,0.15,0.55
0.8,1.0,0.8264406029436291,0.018246661482092637,0.8264407836895575,0.018246621254644622,5.099708929867663e-07,8.76237333174996e-07,0.0,0.0,0.3951348454840403,0.025739536121692618,0.9999999996679378,1.4526689681452051e-09,3.320622776747939e-10,1.452668972005736e-09,0.4425,0.40708186311214334,0.5575,0.40708186311214334,0.5575001278247855,0.4070819493029088,0.35,0.15,0.5
0.85,0.0,0.8553433286432297,0.014205062781945724,0.8553433395754888,0.014205065518974313,2.2565697788135e-08,5.4156702885412974e-08,0.0,0.0,0.0,0.0,1.0,3.593022754092908e-16,2.2204460492503132e-17,2.895107444979072e-16,0.2575,0.2077782077738929,0.7424999999999999,0.20777820777389286,0.7425000056414245,0.20777819749190105,0.05,0.1,0.85
0.85,0.1,0.8553433286432297,0.014205062781945724,0.8553433398818738,0.0142050654905818,2.313523224106717e-08,5.5637077615135455e-08,0.0,0.0,0.0050052179181845294,0.0004168250027602328,1.0,3.241835222882157e-16,2.7755575615628914e-17,2.6192298851714343e-16,0.35083333333333333,0.4082294891228139,0.6491666666666667,0.408229489122814,0.6491666724504748,0.4082294915262448,0.35,0.0,0.65
0.85,0.2,0.8553433286432297,0.014205062781945724,0.8553433401024616,0.014205065445068877,2.3677716121106585e-08,5.681291916580363e-08,0.0,0.0,0.01987273902897569,0.0016425761674761917,1.0,3.2217617467634145e-16,7.771561172376095e-17,2.721864374355952e-16,0.3408333333333333,0.42165349123025964,0.6591666666666667,0.4216534912302597,0.6591666725860958,0.42165349486469333,0.35,0.0,0.65
0.85,0.3,0.8553433286432297,0.014205062781945724,0.8553433402464663,0.014205065365231978,2.417545600374993e-08,5.765783392070551e-08,0.0,0.0,0.04416520534539563,0.003605055368114475,1.0,2.992078424671251e-16,2.2204460492503132e-17,2.9615684520549757e-16,0.34249999999999997,0.4202295042679773,0.6575,0.4202295042679773,0.657500006043864,0.4202295080348121,0.35,0.0,0.65
0.85,0.4,0.8553433286432297,0.014205062781945724,0.8553433403271695,0.014205065245181867,2.4610343790643086e-08,5.817902406433116e-08,0.0,0.0,0.07717671473485553,0.006190316533703958,1.0,3.1401849173675503e-16,1.1102230246251566e-17,3.0754749309801666e-16,0.37583333333333335,0.4222425164405622,0.6241666666666668,0.4222425164405622,0.6241666728192526,0.4222425207331531,0.35,0.05,0.6
0.85,0.5,0.8553433286432297,0.014205062781945724,0.8553433403607329,0.01420506509317239,2.497533014289566e-08,5.842567820910679e-08,0.0,0.0,0.11796585834561298,0.009251582888256745,1.0,3.3306690738754696e-16,4.9960036108132046e-17,2.8923050946514666e-16,0.36333333333333334,0.39822706502903266,0.6366666666666667,0.3982270650290327,0.6366666729104992,0.39822706923598333,0.3,0.1,0.6
0.85,0.6,0.8553433286432297,0.014205062781945724,0.8553433403999493,0.014205064919772416,2.53043127562691e-08,5.860344477763056e-08,0.0,0.0,0.16539907327823805,0.012620482702679186,1.0,3.3790122267015927e-16,2.7755575615628914e-17,2.6192298851714343e-16,0.36833333333333335,0.41442907956404806,0.6316666666666666,0.4144290795640481,0.6316666729927449,0.41442908360203906,0.35,0.05,0.6
0.85,0.7,0.8553433286432297,0.014205062781945724,0.8553433404532109,0.014205064735252026,2.5565440447961053e-08,5.868820431928172e-08,0.0,0.0,0.21820165710832762,0.01611951376397818,1.0,2.659173525349297e-16,4.9960036108132046e-17,2.634048842945395e-16,0.36583333333333334,0.41197268262358144,0.6341666666666667,0.41197268262358144,0.6341666730580269,0.41197268666269826,0.35,0.05,0.6
0.85,0.8,0.8553433286432297,0.014205062781945724,0.8553433405239149,0.01420506454273881,2.575632649381987e-08,5.8727739988799364e-08,0.0,0.0,0.27501336509577834,0.019574552190271183,1.0,3.098591227709771e-16,4.9960036108132046e-17,2.658563553205626e-16,0.38666666666666666,0.401590405514337,0.6133333333333333,0.40159040551433695,0.613333339772415,0.4015904099208407,0.35,0.1,0.55
0.85,0.9,0.8553433286432297,0.014205062781945724,0.855343340617873,0.014205064350779275,2.5883640059065625e-08,5.875488668548556e-08,0.0,0.0,0.33444530212872353,0.022826270986153897,1.0,2.429708234174724e-16,4.9960036108132046e-17,2.4021847498308324e-16,0.36833333333333335,0.4098530616742331,0.6316666666666666,0.40985306167423313,0.6316666731375767,0.40985306560029866,0.35,0.05,0.6
0.85,1.0,0.8553433286432297,0.014205062781945724,0.8553433407691852,0.01420506414785219,2.5988363033802032e-08,5.888428258903436e-08,0.0,0.0,0.3951348454840403,0.025739536121692618,1.0,2.597467360601521e-16,1.6653345369377347e-17,2.702129625568277e-16,0.4175,0.41282350419281494,0.5825,0.41282350419281494,0.5825000064970908,0.41282350867380396,0.4,0.05,0.55
0.9,0.0,0.8766413658478303,0.011560759343230347,0.8766413661865651,0.011560759595541878,1.1147047007664667e-09,2.6106491194636235e-09,0.0,0.0,0.0,0.0,1.0,1.7646315836095689e-16,-2.2204460492503132e-17,1.8225036628030617e-16,0.16833333333333333,0.11980735023190622,0.8316666666666667,0.11980735023190624,0.8316666669453427,0.11980735024835655,0.0,0.05,0.95
0.9,0.1,0.8766413658478303,0.011560759343230347,0.8766413661942718,0.011560759594661853,1.1278737221953605e-09,2.645520954952612e-09,0.0,0.0,0.0050052179181845294,0.0004168250027602328,1.0,1.2735131497718752e-16,1.6653345369377347e-17,1.261999484656919e-16,0.425,0.4319986192310617,0.575,0.4319986192310617,0.5750000002819684,0.43199861941223267,0.4,0.1,0.5
0.9,0.2,0.8766413658478303,0.011560759343230347,0.8766413661995113,0.011560759593545515,1.14048146482304e-09,2.672215677539149e-09,0.0,0.0,0.01987273902897569,0.0016425761674761917,1.0,1.5492956138548855e-16,3.8857805861880476e-17,1.4971229062208228e-16,0.4216666666666667,0.4265357529422495,0.5783333333333334,0.4265357529422495,0.5783333336184537,0.42653575312553066,0.4,0.1,0.5
0.9,0.3,0.8766413658478303,0.011560759343230347,0.8766413662025545,0.011560759591782594,1.1522246379236379e-09,2.6899893047222115e-09,0.0,0.0,0.04416520534539563,0.003605055368114475,1.0,1.194661229606476e-16,-2.2204460492503132e-17,1.1727389776759007e-16,0.4066666666666666,0.42265521042640036,0.5933333333333334,0.42265521042640036,0.5933333336213894,0.4226552106032753,0.4,0.05,0.55
0.9,0.4,0.8766413658478303,0.011560759343230347,0.8766413662038544,0.011560759589087252,1.162815266297912e-09,2.6990746842747813e-09,0.0,0.0,0.07717671473485552,0.006190316533703945,1.0,1.9229626863835638e-16,-6.106226635438361e-17,1.818048746184809e-16,0.38416666666666666,0.4208552625865377,0.6158333333333333,0.4208552625865377,0.615833333624037,0.4208552627502171,0.35,0.1,0.55
0.9,0.5,0.8766413658478303,0.011560759343230347,0.8766413662039534,0.011560759585383521,1.1720330428399706e-09,2.700720422287517e-09,0.0,0.0,0.11796585834561295,0.009251582888256737,1.0,1.4851587827545446e-16,3.8857805861880476e-17,1.45314491256713e-16,0.33999999999999997,0.4014738927373829,0.66,0.4014738927373829,0.6600000002930082,0.4014738928837964,0.25,0.15,0.6
0.9,0.6,0.8766413658478303,0.011560759343230347,0.8766413662045206,0.011560759580663214,1.1805941113607333e-09,2.7004797694711886e-09,0.0,0.0,0.16539907327823802,0.012620482702679205,1.0,1.4851587827545446e-16,-3.3306690738754695e-17,1.4453111902018695e-16,0.32416666666666666,0.3953115212467369,0.6758333333333333,0.39531152124673696,0.6758333336284819,0.3953115213847674,0.2,0.2,0.6
0.9,0.7,0.8766413658478303,0.011560759343230347,0.8766413662060655,0.011560759575051323,1.1875894878610183e-09,2.6980486527418537e-09,0.0,0.0,0.21820165710832762,0.016119513763978195,1.0,1.6701968379038557e-16,-3.3306690738754695e-17,1.65458717920196e-16,0.3466666666666667,0.37293681950838437,0.6533333333333333,0.37293681950838437,0.6533333336302307,0.37293681963815767,0.2,0.25,0.55
0.9,0.8,0.8766413658478303,0.011560759343230347,0.8766413662089494,0.011560759568454057,1.1925813059310285e-09,2.6950512883827526e-09,0.0,0.0,0.27501336509577834,0.019574552190271176,1.0,1.5492956138548855e-16,-1.6653345369377347e-17,1.53984539994846e-16,0.35333333333333333,0.38004308773876117,0.6466666666666667,0.38004308773876117,0.646666666964812,0.38004308784717955,0.2,0.2,0.6
0.9,0.9,0.8766413658478303,0.011560759343230347,0.8766413662131688,0.011560759561423726,1.1953560974387046e-09,2.6922085798809315e-09,0.0,0.0,0.3344453021287236,0.02282627098615389,1.0,1.506841079775381e-16,-5.551115123125783e-18,1.46204634290504e-16,0.35333333333333333,0.381041969415628,0.6466666666666667,0.38104196941562796,0.6466666669655057,0.3810419695168949,0.15,0.3,0.55
0.9,1.0,0.8766413658478303,0.011560759343230347,0.8766413662196543,0.011560759554094408,1.1966863666668105e-09,2.6930659230506943e-09,0.0,0.0,0.3951348454840403,0.025739536121692615,1.0,1.4408156546142918e-16,1.1102230246251566e-17,1.4363060483895744e-16,0.37,0.3886398534279708,0.63,0.38863985342797075,0.6300000002991716,0.38863985353089403,0.25,0.2,0.55
0.95,0.0,0.8930555501188395,0.009680692302740698,0.8930555501099955,0.009680692323821455,6.180093659047259e-11,9.995165432769096e-11,0.0,0.0,0.0,0.0,1.0,1.59061741425188e-16,5.551115123125783e-18,1.589597460691245e-16,0.16083333333333333,0.13989083045162198,0.8391666666666666,0.13989083045162196,0.8391666666821169,0.1398908304561195,0.0,0.1,0.9
0.95,0.1,0.8930555501188395,0.009680692302740698,0.8930555501101788,0.00968069232379961,6.209999181550074e-11,1.0072191386898583e-10,0.0,0.0,0.00500521791818454,0.0004168250027602412,1.0,2.115718943927004e-16,-5.551115123125783e-18,2.145406683502609e-16,0.4258333333333333,0.43230224833804487,0.5741666666666667,0.43230224833804487,0.5741666666821916,0.4323022483456265,0.3,0.2,0.5
0.95,0.2,0.8930555501188395,0.009680692302740698,0.8930555501102738,0.00968069232378556,6.240448158223444e-11,1.0127977048729106e-10,0.0,0.0,0.01987273902897569,0.0016425761674761917,1.0,1.59061741425188e-16,-7.216449660063518e-17,1.4971229062208228e-16,0.4125,0.43160502167704456,0.5875,0.43160502167704456,0.587500000015601,0.4316050216844497,0.3,0.2,0.5
0.95,0.3,0.8930555501188395,0.009680692302740698,0.8930555501102987,0.00968069232376307,6.269764152300184e-11,1.0160449756393626e-10,0.0,0.0,0.044165205345395635,0.0036050553681144775,1.0,1.727477283920418e-16,-3.3306690738754695e-17,1.693341546466881e-16,0.3875,0.4281018556727001,0.6125,0.4281018556727001,0.6125000000156744,0.4281018556790867,0.3,0.15,0.55
0.95,0.4,0.8930555501188395,0.009680692302740698,0.8930555501102733,0.009680692323718959,6.296894672352948e-11,1.0170644114615729e-10,0.0,0.0,0.07717671473485552,0.0061903165337039495,1.0,1.854263135156602e-16,-5.551115123125783e-18,1.853388276351048e-16,0.37916666666666665,0.4132624090253676,0.6208333333333333,0.41326240902536765,0.6208333333490755,0.413262409031756,0.25,0.2,0.55
0.95,0.5,0.8930555501188395,0.009680692302740698,0.8930555501102146,0.009680692323641583,6.321354550919978e-11,1.0161682747181788e-10,0.0,0.0,0.11796585834561295,0.009251582888256742,1.0,1.3716156391149031e-16,-2.7755575615628914e-17,1.4351764327619063e-16,0.33166666666666667,0.3873323066689295,0.6683333333333333,0.3873323066689295,0.6683333333491367,0.38733230667448404,0.2,0.15,0.65
0.95,0.6,0.8930555501188395,0.009680692302740698,0.8930555501101815,0.009680692323515873,6.34427899104395e-11,1.0145386032430526e-10,0.0,0.0,0.16539907327823802,0.012620482702679183,1.0,1.7085971838778703e-16,2.7755575615628914e-17,1.6846995428334678e-16,0.30833333333333335,0.3928639780676741,0.6916666666666667,0.39286397806767404,0.6916666666825273,0.39286397807243567,0.2,0.2,0.6
0.95,0.7,0.8930555501188395,0.009680692302740698,0.8930555501102072,0.00968069232333811,6.362798621317722e-11,1.0122866395773089e-10,0.0,0.0,0.21820165710832767,0.016119513763978178,1.0,1.506841079775381e-16,1.6653345369377347e-17,1.4971229062208228e-16,0.3308333333333333,0.386817688293346,0.6691666666666667,0.386817688293346,0.6691666666825736,0.38681768829849605,0.2,0.25,0.55
0.95,0.8,0.8930555501188395,0.009680692302740698,0.8930555501103272,0.009680692323080477,6.374066274794643e-11,1.0099182671354386e-10,0.0,0.0,0.27501336509577834,0.01957455219027119,1.0,1.9397574391993368e-16,-3.3306690738754695e-17,1.9094205271387844e-16,0.3675,0.3903992183747328,0.6325000000000001,0.3903992183747328,0.6325000000159351,0.3903992183781488,0.2,0.3,0.5
0.95,0.9,0.8930555501188395,0.009680692302740698,0.8930555501105586,0.009680692322756045,6.375528438518075e-11,1.0077966315057941e-10,0.0,0.0,0.3344453021287236,0.022826270986153887,1.0,1.2987336803007606e-16,1.6653345369377347e-17,1.261999484656919e-16,0.3625,0.38391926996173714,0.6375,0.3839192699617372,0.6375000000159388,0.3839192699646761,0.2,0.25,0.55
0.95,1.0,0.8930555501188395,0.009680692302740698,0.8930555501109365,0.009680692322387661,6.367985028177258e-11,1.0071477289597453e-10,0.0,0.0,0.3951348454840403,0.025739536121692618,1.0,2.0692139475111245e-16,-7.771561172376095e-17,1.4453111902018695e-16,0.3625,0.39576984717108576,0.6375,0.3957698471710857,0.6375000000159199,0.3957698471732425,0.25,0.15,0.6
1.0,0.0,0.9061009174512092,0.008273278687148144,0.9061009174481527,0.008273278689170493,4.517775042955918e-12,4.583064179335715e-12,0.0,0.0,0.0,0.0,1.0000000000000002,1.8189406023808036e-16,-9.43689570931383e-17,1.5398453999484599e-16,0.19416666666666665,0.1840317637215911,0.8058333333333334,0.18403176372159105,0.8058333333344626,0.18403176372157878,0.05,0.05,0.9
1.0,0.1,0.9061009174512092,0.008273278687148144,0.9061009174481567,0.008273278689170126,4.524941532579874e-12,4.594063491135943e-12,0.0,0.0,0.00500521791818454,0.0004168250027602412,1.0,2.1910348692387288e-16,-3.3306690738754695e-17,2.164223099578636e-16,0.3908333333333333,0.4077278002102966,0.6091666666666666,0.40772780021029653,0.6091666666677978,0.40772780021056626,0.35,0.1,0.55
1.0,0.2,0.9061009174512092,0.008273278687148144,0.906100917448156,0.008273278689171099,4.534200792605247e-12,4.6025621726830265e-12,0.0,0.0,0.01987273902897569,0.0016425761674761917,1.0,1.97291808809705e-16,-1.6653345369377347e-17,1.9819400012812296e-16,0.3625,0.3979800973600776,0.6375,0.39798009736007767,0.6375000000011335,0.3979800973603174,0.3,0.15,0.55
1.0,0.3,0.9061009174512092,0.008273278687148144,0.9061009174481522,0.008273278689172377,4.544264964323474e-12,4.607397512662741e-12,0.0,0.0,0.04416520534539563,0.003605055368114475,1.0,1.2987336803007606e-16,0.0,1.2987336803007608e-16,0.33916666666666667,0.39102784782899763,0.6608333333333334,0.39102784782899763,0.6608333333344694,0.3910278478291855,0.25,0.15,0.6
1.0,0.4,0.9061009174512092,0.008273278687148144,0.9061009174481468,0.008273278689173137,4.554301380466086e-12,4.6086772601459136e-12,0.0,0.0,0.07717671473485552,0.0061903165337039495,1.0,1.5492956138548855e-16,-3.8857805861880476e-17,1.4971229062208225e-16,0.3225,0.3835154029859627,0.6775,0.3835154029859627,0.6775000000011385,0.3835154029861233,0.25,0.15,0.6
1.0,0.5,0.9061009174512092,0.008273278687148144,0.9061009174481403,0.008273278689172364,4.5639381163198326e-12,4.607844983542484e-12,0.0,0.0,0.11796585834561295,0.009251582888256735,1.0,1.836686784592059e-16,-7.771561172376095e-17,1.7312285962293365e-16,0.2633333333333333,0.3604172370951778,0.7366666666666666,0.3604172370951778,0.7366666666678076,0.36041723709524837,0.2,0.1,0.7
1.0,0.6,0.9061009174512092,0.008273278687148144,0.906100917448135,0.0082732786891687,4.57238691353723e-12,4.6023414868120414e-12,0.0,0.0,0.16539907327823805,0.012620482702679188,1.0,2.1761802242724056e-16,-2.7755575615628914e-17,2.1574680951018033e-16,0.25,0.3628187245727332,0.75,0.3628187245727332,0.750000000001143,0.36281872457280395,0.15,0.15,0.7
1.0,0.7,0.9061009174512092,0.008273278687148144,0.906100917448134,0.008273278689161764,4.5783377089492205e-12,4.594018795172952e-12,0.0,0.0,0.21820165710832762,0.01611951376397819,1.0,1.5492956138548855e-16,-2.7755575615628914e-17,1.5229002304740427e-16,0.2575,0.355922120070607,0.7424999999999999,0.3559221200706069,0.7425000000011446,0.35592212007069457,0.15,0.15,0.7
1.0,0.8,0.9061009174512092,0.008273278687148144,0.9061009174481398,0.008273278689148655,4.579470136434338e-12,4.582922945887264e-12,0.0,0.0,0.27501336509577834,0.019574552190271183,1.0,1.854263135156602e-16,0.0,1.8716744385994232e-16,0.29166666666666663,0.3732463871185842,0.7083333333333333,0.3732463871185842,0.7083333333344781,0.37324638711860736,0.25,0.1,0.65
1.0,0.9,0.9061009174512092,0.008273278687148144,0.9061009174481558,0.008273278689128603,4.573369460914023e-12,4.570694196924105e-12,0.0,0.0,0.3344453021287236,0.022826270986153894,1.0,1.9892911330537304e-16,-7.216449660063518e-17,1.846374482880772e-16,0.30333333333333334,0.39197356397313476,0.6966666666666667,0.39197356397313476,0.69666666666781,0.39197356397304967,0.25,0.05,0.7
1.0,1.0,0.9061009174512092,0.008273278687148144,0.9061009174481839,0.008273278689102988,4.559208566234929e-12,4.561730999657052e-12,0.0,0.0,0.3951348454840403,0.025739536121692635,1.0,1.2987336803007606e-16,1.1102230246251566e-17,1.3904057699927471e-16,0.335,0.38502297341649566,0.665,0.38502297341649566,0.6650000000011398,0.3850229734163444,0.25,0.1,0.65
1.05,0.0,0.9167089054900093,0.007181285126928188,0.9167089054895505,0.007181285127149964,4.59732252267031e-13,5.013211259237603e-13,0.0,0.0,0.0,0.0,1.0,1.3950637588190223e-16,3.3306690738754695e-17,1.3525644966876973e-16,0.18416666666666667,0.15203060249031197,0.8158333333333333,0.15203060249031197,0.8158333333334482,0.15203060249032102,0.0,0.1,0.9
1.05,0.1,0.9167089054900093,0.007181285126928188,0.9167089054895508,0.007181285127149978,4.596156788494455e-13,5.017955333748661e-13,0.0,0.0,0.00500521791818454,0.0004168250027602412,1.0,1.506841079775381e-16,-4.9960036108132046e-17,1.4169801160886666e-16,0.35,0.3860884969607099,0.65,0.38608849696070996,0.6500000000001148,0.38608849696071224,0.25,0.2,0.55
1.05,0.2,0.9167089054900093,0.007181285126928188,0.9167089054895504,0.007181285127150125,4.598654790299861e-13,5.02408522952986e-13,0.0,0.0,0.01987273902897569,0.0016425761674761917,1.0,1.2735131497718752e-16,2.7755575615628914e-17,1.2412670766236363e-16,0.32,0.37360265974484314,0.6799999999999999,0.37360265974484314,0.680000000000115,0.37360265974484075,0.25,0.15,0.6
1.05,0.3,0.9167089054900093,0.007181285126928188,0.9167089054895499,0.007181285127150338,4.603151193549592e-13,5.029158106659886e-13,0.0,0.0,0.044165205345395635,0.0036050553681144775,1.0,1.9397574391993368e-16,3.3306690738754695e-17,1.768304077870531e-16,0.30416666666666664,0.36761738786358994,0.6958333333333333,0.36761738786358994,0.6958333333334484,0.36761738786358455,0.25,0.15,0.6
1.05,0.4,0.9167089054900093,0.007181285126928188,0.9167089054895493,0.007181285127150513,4.608036174857944e-13,5.033988533893388e-13,0.0,0.0,0.07717671473485552,0.006190316533703957,1.0,1.9229626863835638e-16,3.8857805861880476e-17,1.881181966329836e-16,0.2833333333333333,0.35396666179291336,0.7166666666666666,0.3539666617929134,0.7166666666667819,0.35396666179290437,0.25,0.1,0.65
1.05,0.5,0.9167089054900093,0.007181285126928188,0.9167089054895486,0.0071812851271506085,4.613698312283531e-13,5.040017223293561e-13,0.0,0.0,0.11796585834561295,0.009251582888256735,1.0,1.5700924586837752e-16,0.0,1.5700924586837752e-16,0.23583333333333334,0.33118937710737634,0.7641666666666667,0.3311893771073764,0.764166666666782,0.33118937710736146,0.15,0.15,0.7
1.05,0.6,0.9167089054900093,0.007181285126928188,0.9167089054895481,0.00718128512715047,4.618527782440651e-13,5.042714657016115e-13,0.0,0.0,0.16539907327823802,0.01262048270267919,1.0,1.5492956138548855e-16,-1.1102230246251566e-17,1.5659551854617445e-16,0.215,0.3299344255245257,0.7849999999999999,0.3299344255245257,0.7850000000001154,0.32993442552451296,0.15,0.15,0.7
1.05,0.7,0.9167089054900093,0.007181285126928188,0.9167089054895478,0.007181285127150101,4.620470672733745e-13,5.04516597145712e-13,0.0,0.0,0.21820165710832767,0.016119513763978174,1.0,1.8189406023808036e-16,-5.551115123125783e-18,1.8180487461848096e-16,0.215,0.3307310704117055,0.7849999999999999,0.3307310704117055,0.7850000000001155,0.33073107041169475,0.1,0.2,0.7
1.05,0.8,0.9167089054900093,0.007181285126928188,0.9167089054895481,0.007181285127149159,4.617028981357407e-13,5.045127413714766e-13,0.0,0.0,0.27501336509577834,0.01957455219027119,1.0,1.854263135156602e-16,-9.43689570931383e-17,1.5814141504216354e-16,0.24083333333333332,0.3417992896217968,0.7591666666666667,0.3417992896217968,0.759166666666782,0.34179928962179357,0.2,0.05,0.75
1.05,0.9,0.9167089054900093,0.007181285126928188,0.9167089054895495,0.007181285127147559,4.605149594993918e-13,5.04328025732089e-13,0.0,0.0,0.3344453021287236,0.022826270986153887,1.0,1.6506616999368355e-16,0.0,1.6506616999368355e-16,0.27166666666666667,0.36374835463143473,0.7283333333333333,0.36374835463143473,0.7283333333334484,0.36374835463141336,0.2,0.1,0.7
1.05,1.0,0.9167089054900093,0.007181285126928188,0.916708905489552,0.007181285127145331,4.581890422628021e-13,5.041718309792044e-13,0.0,0.0,0.3951348454840403,0.025739536121692618,1.0,1.2215109018058463e-16,5.551115123125783e-18,1.2201824501873678e-16,0.2891666666666667,0.37327674226475654,0.7108333333333333,0.3732767422647565,0.7108333333334479,0.3732767422647366,0.25,0.05,0.7
1.1,0.0,0.9254910156477679,0.0063110316120258405,0.9254910156477042,0.006311031612052644,6.377121053446899e-14,6.366858043744368e-14,0.0,0.0,0.0,0.0,1.0,1.6895061133507964e-16,-2.2204460492503132e-17,1.6740765105828269e-16,0.145,0.09598671935428182,0.8550000000000001,0.09598671935428178,0.8550000000000159,0.0959867193542812,0.0,0.0,1.0
1.1,0.1,0.9254910156477679,0.0063110316120258405,0.9254910156477042,0.006311031612052681,6.378786387983836e-14,6.371181983283316e-14,0.0,0.0,0.00500521791818454,0.0004168250027602412,1.0,1.4181242261790519e-16,4.9960036108132046e-17,1.4169801160886666e-16,0.3075,0.35406887194707093,0.6925,0.35406887194707093,0.692500000000016,0.3540688719470701,0.15,0.25,0.6
1.1,0.2,0.9254910156477679,0.0063110316120258405,0.9254910156477042,0.006311031612052711,6.382672168570025e-14,6.376450607727372e-14,0.0,0.0,0.01987273902897569,0.0016425761674761917,1.0,2.362015019996291e-16,-1.6653345369377347e-17,1.9819400012812296e-16,0.2891666666666667,0.34936345624779286,0.7108333333333333,0.3493634562477929,0.7108333333333492,0.34936345624779197,0.2,0.2,0.6
1.1,0.3,0.9254910156477679,0.0063110316120258405,0.9254910156477042,0.006311031612052764,6.386002837643901e-14,6.378900726521238e-14,0.0,0.0,0.04416520534539563,0.0036050553681144684,1.0,1.4408156546142918e-16,-5.551115123125783e-18,1.46204634290504e-16,0.275,0.3406006047114781,0.725,0.3406006047114781,0.7250000000000159,0.3406006047114767,0.2,0.2,0.6
1.1,0.4,0.9254910156477679,0.0063110316120258405,0.9254910156477042,0.006311031612052731,6.389333506717776e-14,6.381949879502505e-14,0.0,0.0,0.07717671473485553,0.006190316533703958,1.0,1.59061741425188e-16,-6.106226635438361e-17,1.46204634290504e-16,0.24666666666666667,0.3209361307176243,0.7533333333333333,0.3209361307176243,0.7533333333333492,0.32093613071762217,0.1,0.25,0.65
1.1,0.5,0.9254910156477679,0.0063110316120258405,0.925491015647704,0.006311031612052779,6.395439733353214e-14,6.388210544032198e-14,0.0,0.0,0.11796585834561295,0.009251582888256726,1.0,1.3234736877071766e-16,-2.7755575615628914e-17,1.2924746863753808e-16,0.21750000000000003,0.3084802874079611,0.7825,0.3084802874079611,0.782500000000016,0.30848028740795863,0.1,0.2,0.7
1.1,0.6,0.9254910156477679,0.0063110316120258405,0.925491015647704,0.00631103161205276,6.401545959988653e-14,6.392691392952338e-14,0.0,0.0,0.16539907327823805,0.01262048270267918,1.0,1.59061741425188e-16,4.4408920985006264e-17,1.4587146720130534e-16,0.1925,0.30341501695634626,0.8074999999999999,0.30341501695634626,0.8075000000000161,0.3034150169563439,0.1,0.15,0.75
1.1,0.7,0.9254910156477679,0.0063110316120258405,0.925491015647704,0.006311031612052714,6.403766406037902e-14,6.395176373356244e-14,0.0,0.0,0.21820165710832767,0.01611951376397816,1.0,1.6308925831987489e-16,5.551115123125783e-18,1.6298978331316978e-16,0.19,0.3015748139700207,0.8099999999999999,0.3015748139700208,0.8100000000000159,0.3015748139700189,0.1,0.15,0.75
1.1,0.8,0.9254910156477679,0.0063110316120258405,0.9254910156477039,0.006311031612052642,6.406541963599465e-14,6.398551318799457e-14,0.0,0.0,0.27501336509577834,0.019574552190271183,1.0,1.7646315836095689e-16,-2.2204460492503132e-17,1.8225036628030617e-16,0.21583333333333332,0.3099459960506608,0.7841666666666667,0.3099459960506608,0.7841666666666827,0.3099459960506603,0.1,0.15,0.75
1.1,0.9,0.9254910156477679,0.0063110316120258405,0.925491015647704,0.006311031612052448,6.390443729742401e-14,6.3943889383667e-14,0.0,0.0,0.3344453021287236,0.022826270986153887,1.0,1.6308925831987489e-16,-2.7755575615628914e-17,1.6058389803465958e-16,0.2533333333333333,0.34129097873184794,0.7466666666666667,0.34129097873184794,0.7466666666666826,0.34129097873184533,0.2,0.1,0.7
1.1,1.0,0.9254910156477679,0.0063110316120258405,0.9254910156477043,0.006311031612052274,6.366018823200647e-14,6.393210952622223e-14,0.0,0.0,0.3951348454840403,0.025739536121692615,1.0,1.4851587827545446e-16,-7.771561172376095e-17,1.252971268177105e-16,0.26166666666666666,0.351026064909166,0.7383333333333333,0.351026064909166,0.7383333333333492,0.3510260649091635,0.2,0.1,0.7
1.15,0.0,0.9328681788021977,0.005602753038875006,0.9328681788021885,0.005602753038878506,9.087175456556906e-15,9.069579413262307e-15,0.0,0.0,0.0,0.0,1.0,1.5700924586837752e-16,0.0,1.5700924586837752e-16,0.15833333333333333,0.08710751573914627,0.8416666666666666,0.08710751573914627,0.8416666666666689,0.08710751573914685,0.0,0.05,0.95
1.15,0.1,0.9328681788021977,0.005602753038875006,0.9328681788021885,0.005602753038878535,9.103828801926284e-15,9.094417683412147e-15,0.0,0.0,0.00500521791818454,0.0004168250027602412,1.0,1.3234736877071766e-16,-1.6653345369377347e-17,1.3123983993763783e-16,0.21333333333333332,0.22286019533929038,0.7866666666666666,0.22286019533929036,0.786666666666669,0.22286019533929036,0.0,0.25,0.75
1.15,0.2,0.9328681788021977,0.005602753038875006,0.9328681788021885,0.005602753038878545,9.103828801926284e-15,9.078639349652595e-15,0.0,0.0,0.01987273902897569,0.0016425761674761917,1.0,1.6308925831987489e-16,-6.106226635438361e-17,1.5895974606912447e-16,0.22666666666666666,0.257200401989627,0.7733333333333333,0.257200401989627,0.7733333333333355,0.2572004019896269,0.0,0.25,0.75
1.15,0.3,0.9328681788021977,0.005602753038875006,0.9328681788021885,0.005602753038878542,9.103828801926284e-15,9.075137270584337e-15,0.0,0.0,0.044165205345395635,0.0036050553681144775,1.0,2.0216394514001613e-16,-8.326672684688674e-17,1.8322663527087697e-16,0.23083333333333336,0.27446252633569684,0.7691666666666667,0.2744625263356969,0.7691666666666688,0.27446252633569657,0.0,0.25,0.75
1.15,0.4,0.9328681788021977,0.005602753038875006,0.9328681788021885,0.005602753038878531,9.087175456556906e-15,9.074299072693326e-15,0.0,0.0,0.07717671473485552,0.006190316533703957,1.0,1.2987336803007606e-16,-2.7755575615628914e-17,1.2412670766236363e-16,0.21583333333333332,0.2683322436503972,0.7841666666666667,0.2683322436503972,0.7841666666666689,0.2683322436503969,0.0,0.25,0.75
1.15,0.5,0.9328681788021977,0.005602753038875006,0.9328681788021885,0.005602753038878547,9.098277686803158e-15,9.085244952630673e-15,0.0,0.0,0.11796585834561298,0.009251582888256744,1.0,1.5700924586837752e-16,-5.551115123125783e-18,1.5895974606912447e-16,0.20166666666666666,0.26824641721908826,0.7983333333333333,0.2682464172190883,0.7983333333333356,0.26824641721908793,0.0,0.2,0.8
1.15,0.6,0.9328681788021977,0.005602753038875006,0.9328681788021885,0.005602753038878522,9.109379917049409e-15,9.085958977193451e-15,0.0,0.0,0.16539907327823805,0.012620482702679183,1.0,1.5700924586837752e-16,-5.551115123125783e-17,1.5492956138548855e-16,0.1775,0.26348291332463114,0.8225,0.26348291332463114,0.8225000000000022,0.26348291332463075,0.0,0.2,0.8
1.15,0.7,0.9328681788021977,0.005602753038875006,0.9328681788021885,0.00560275303887852,9.131584377541913e-15,9.081416824078534e-15,0.0,0.0,0.21820165710832767,0.01611951376397819,1.0,1.6895061133507964e-16,-1.1102230246251566e-17,1.7974139198700534e-16,0.16999999999999998,0.2544688310283055,0.8300000000000001,0.2544688310283055,0.8300000000000022,0.2544688310283051,0.0,0.25,0.75
1.15,0.8,0.9328681788021977,0.005602753038875006,0.9328681788021885,0.005602753038878522,9.137135492665038e-15,9.077931895645549e-15,0.0,0.0,0.27501336509577834,0.01957455219027119,1.0,2.9812178500870274e-16,-5.551115123125783e-18,1.988475682667734e-16,0.18,0.2506482822672215,0.82,0.2506482822672215,0.8200000000000023,0.25064828226722136,0.0,0.2,0.8
1.15,0.9,0.9328681788021977,0.005602753038875006,0.9328681788021885,0.005602753038878505,9.120482147295662e-15,9.073226638399995e-15,0.0,0.0,0.3344453021287236,0.022826270986153894,1.0,1.6701968379038557e-16,5.551115123125783e-18,1.6298978331316978e-16,0.22166666666666668,0.29849035365999715,0.7783333333333333,0.29849035365999715,0.7783333333333357,0.29849035365999693,0.1,0.2,0.7
1.15,1.0,0.9328681788021977,0.005602753038875006,0.9328681788021885,0.005602753038878493,9.109379917049409e-15,9.092810760170761e-15,0.0,0.0,0.3951348454840403,0.025739536121692615,1.0,1.6895061133507964e-16,-3.8857805861880476e-17,1.6614344507011055e-16,0.2475,0.32531024328472186,0.7525000000000001,0.3253102432847219,0.7525000000000023,0.32531024328472147,0.1,0.2,0.7
1.2,0.0,0.9391408149143177,0.005016368881324596,0.9391408149143162,0.005016368881325049,1.3378187446733137e-15,1.3915600741612112e-15,0.0,0.0,0.0,0.0,1.0,1.7085971838778703e-16,2.7755575615628914e-17,1.7227766567476602e-16,0.1475,0.07785032122361399,0.8525,0.07785032122361397,0.8525000000000004,0.07785032122361392,0.0,0.0,1.0
1.2,0.1,0.9391408149143177,0.005016368881324596,0.9391408149143162,0.005016368881325026,1.3433698597964394e-15,1.3866213288482207e-15,0.0,0.0,0.00500521791818454,0.0004168250027602412,1.0,1.9397574391993368e-16,-1.1102230246251566e-17,1.9364101417282532e-16,0.14666666666666667,0.09343978891268312,0.8533333333333333,0.09343978891268317,0.8533333333333337,0.09343978891268317,0.0,0.0,1.0
1.2,0.2,0.9391408149143177,0.005016368881324596,0.9391408149143163,0.0050163688813250375,1.326716514427062e-15,1.3671031684206035e-15,0.0,0.0,0.01987273902897569,0.0016425761674761917,1.0,1.4181242261790519e-16,0.0,1.4408156546142918e-16,0.13166666666666665,0.12365061133779535,0.8683333333333334,0.12365061133779537,0.8683333333333337,0.12365061133779531,0.0,0.05,0.95
1.2,0.3,0.9391408149143177,0.005016368881324596,0.9391408149143162,0.005016368881325051,1.3433698597964394e-15,1.3959470195888793e-15,0.0,0.0,0.04416520534539563,0.0036050553681144684,1.0,1.8889252589269227e-16,-4.9960036108132046e-17,1.8880664613108454e-16,0.15,0.1442869136487866,0.85,0.14428691364878657,0.8500000000000003,0.14428691364878654,0.0,0.05,0.95
1.2,0.4,0.9391408149143177,0.005016368881324596,0.9391408149143162,0.005016368881325062,1.3489209749195652e-15,1.3928648003532407e-15,0.0,0.0,0.07717671473485552,0.006190316533703945,1.0,2.0216394514001613e-16,-6.106226635438361e-17,1.9221190966582193e-16,0.15083333333333332,0.15526575971652887,0.8491666666666667,0.15526575971652887,0.8491666666666668,0.15526575971652878,0.0,0.05,0.95
1.2,0.5,0.9391408149143177,0.005016368881324596,0.9391408149143162,0.005016368881325037,1.3489209749195652e-15,1.3835183338795345e-15,0.0,0.0,0.11796585834561295,0.009251582888256737,1.0,1.6701968379038557e-16,-1.1102230246251566e-17,1.6856619533905897e-16,0.15666666666666668,0.16449461855077127,0.8433333333333334,0.16449461855077127,0.8433333333333337,0.16449461855077122,0.0,0.1,0.9
1.2,0.6,0.9391408149143177,0.005016368881324596,0.9391408149143162,0.005016368881325019,1.3433698597964394e-15,1.387089102477169e-15,0.0,0.0,0.16539907327823802,0.012620482702679188,1.0,1.6108808733817073e-16,2.7755575615628914e-17,1.5649191581002654e-16,0.14416666666666667,0.1639493396293876,0.8558333333333333,0.16394933962938757,0.8558333333333337,0.16394933962938754,0.0,0.1,0.9
1.2,0.7,0.9391408149143177,0.005016368881324596,0.9391408149143162,0.005016368881325017,1.3378187446733137e-15,1.3826740529536955e-15,0.0,0.0,0.21820165710832762,0.016119513763978195,1.0,1.3234736877071766e-16,3.8857805861880476e-17,1.261999484656919e-16,0.13416666666666668,0.17831857620529346,0.8658333333333333,0.1783185762052934,0.8658333333333337,0.17831857620529337,0.0,0.1,0.9
1.2,0.8,0.9391408149143177,0.005016368881324596,0.9391408149143162,0.005016368881325034,1.3544720900426909e-15,1.3785037188700801e-15,0.0,0.0,0.27501336509577834,0.01957455219027119,1.0,2.0376210396350005e-16,-4.4408920985006264e-17,1.986027322597818e-16,0.145,0.17262168349901783,0.8550000000000001,0.17262168349901785,0.8550000000000002,0.17262168349901774,0.0,0.1,0.9
1.2,0.9,0.9391408149143177,0.005016368881324596,0.9391408149143162,0.005016368881325019,1.3433698597964394e-15,1.387089102477169e-15,0.0,0.0,0.3344453021287236,0.022826270986153883,1.0,1.4851587827545446e-16,-5.551115123125783e-18,1.46204634290504e-16,0.17333333333333334,0.209664170347452,0.8266666666666665,0.209664170347452,0.8266666666666669,0.20966417034745194,0.0,0.15,0.85
1.2,1.0,0.9391408149143177,0.005016368881324596,0.9391408149143163,0.0050163688813249984,1.3322676295501878e-15,1.3824511706129786e-15,0.0,0.0,0.3951348454840403,0.025739536121692618,1.0,1.7646315836095689e-16,-2.2204460492503132e-17,1.8225036628030617e-16,0.20916666666666667,0.2548635112304724,0.7908333333333333,0.2548635112304724,0.7908333333333336,0.2548635112304724,0.05,0.2,0.75
