delta,T_global,T_local,dT_global,dT_local,local_global_ratio
0.02,0.00015622248899559824,0.010060007059654076,0.01891827872088434,1.8447492046044114,64.39538330449676
0.024974958263772953,0.0002503401360544218,0.019237557359689374,0.021041758985473388,2.483316236967476,76.84567749658527
0.02994991652754591,0.00036558623449379753,0.03476879632897988,0.02483828430701139,2.979979484360971,95.10422726151567
0.034924874791318866,0.0004974789915966387,0.04888810448288034,0.028152200477506446,2.8025997531490083,98.27169651119529
0.039899833055091816,0.0006456982793117247,0.06265442993293328,0.032656552553907446,2.873551645633791,97.03360213336656
0.04487479131886478,0.0008224089635854342,0.07747970349452876,0.03622786027162543,3.4943807048756623,94.21067488946447
0.04984974958263773,0.0010061624649859945,0.09742322626191316,0.037000034913294205,5.090798285783333,96.82653612333796
0.05482470784641068,0.0011905562224889955,0.12813272149664667,0.04041047291399777,6.5453120817214145,107.62425081343105
0.05979966611018364,0.0014082432973189275,0.16254853512177903,0.04504352076401032,6.651739920448595,115.42645751003802
0.06477462437395659,0.001638735494197679,0.19431697846805507,0.04642700033033345,6.403408296751845,118.5773904062487
0.06974958263772955,0.001870188075230092,0.22626191316625485,0.05115657001055457,6.385670323630652,120.98350757498949
0.0747245409015025,0.002147739095638255,0.25785386516060715,0.05720527137029316,6.332456404267074,120.05828160611814
0.07969949916527545,0.00243937575030012,0.28926932580303566,0.05862092488001905,7.095189248478494,118.58334074504366
0.08467445742904842,0.0027310124049619846,0.32845040593010943,0.05965049106891082,7.272568979690465,120.26690370697214
0.08964941569282137,0.003032893157262905,0.3616307800917755,0.06257831991857143,6.456622216115441,119.23624121930376
0.09462437395659433,0.003353661464585834,0.39269325803035654,0.06656788890052667,6.350194377388256,117.09388743531179
0.09959933222036728,0.003695238095238095,0.42481468408048007,0.07097571914671919,6.829119651660562,114.96273667126394
0.10457429048414023,0.0040598639455782315,0.46064242852100246,0.0735496346189482,7.1306651947208906,113.46252847283404
0.10954924874791319,0.004427050820328131,0.4957642075538299,0.0762522458647889,6.52757410860022,111.98520813842477
0.11452420701168614,0.004818567426970789,0.5255912460289446,0.07831137824257223,6.545312081721406,109.07624599939646
0.1194991652754591,0.0052062424969988,0.5608895164136958,0.07927659654465818,6.900071544145348,107.73403596490698
0.12447412353923205,0.0056073629451780715,0.5942463819272855,0.08358790496064217,6.403408296751849,105.97608675184735
0.129449081803005,0.006037935174069628,0.6246028944581715,0.0849070366401593,5.2681780169953,103.44643929609848
0.13442404006677797,0.00645218087234894,0.6466643134486411,0.08529312396099376,4.274851522208294,100.22414533044865
0.13939899833055092,0.006886594637855142,0.6671373102717967,0.08863921407489184,4.150685710359923,96.87477561182246
0.14437395659432387,0.0073341336534613845,0.6879632897987998,0.08873573590510042,4.0442578716327375,93.80293873893501
0.14934891485809682,0.0077695078031212485,0.707377338510413,0.08960443237697768,3.7604503016936093,91.04532184474259
0.15432387312186976,0.008225690276110444,0.725379456406636,0.09127747743392667,3.3524769199060955,88.18463035416343
0.15929883138564271,0.008677711084433774,0.7407342040240028,0.09375487107594727,2.9622415112397817,85.36055151141693
0.16427378964941566,0.009158543417366946,0.7548535121779033,0.09764791822769359,2.6074820488158537,82.42069483958633
0.16924874791318864,0.009649299719887955,0.7666784327567949,0.10166966115305165,2.5542681294522396,79.45430808586153
0.1742237061769616,0.010170148059223689,0.7802682668549241,0.10662444843709307,2.4833162369674824,76.72142650344894
0.17919866444073454,0.010710204081632653,0.7913872220261208,0.10910184207911366,2.323674478876711,73.89095632484741
0.1841736227045075,0.011255702280912366,0.8033886339569362,0.10681749209751024,2.359150425119097,71.37614463375937
0.18914858096828044,0.011773029211684674,0.8148605718319802,0.10836184138084715,2.341412451997897,69.21418074994965
0.19412353923205342,0.01233389355742297,0.8266854924108719,0.11502184766524048,2.323674478876711,67.02550890049991
0.19909849749582637,0.01291748699479792,0.8379809389339923,0.11827141594892998,2.1285567745435543,64.87182369693585
0.20407345575959931,0.013510684273709484,0.8478644546417226,0.12222881098748228,1.7383213658772263,62.75510828800779
0.20904841402337226,0.014133653461384553,0.8552770914225203,0.12235750676109403,1.5786796077864835,60.51351787839406
0.2140233722871452,0.014728131252501001,0.8635721849629369,0.11994446100587863,1.5077277153016837,58.634199421348356
0.2189983305509182,0.015327090836334534,0.8702788563360395,0.12570359687499133,1.419037849695684,56.78043313170357
0.22397328881469114,0.015978871548619447,0.8776914931168373,0.12885664332847235,1.09975433351417,54.92825262699284
0.2289482470784641,0.01660920368147259,0.8812213201553124,0.1287922954416667,0.6208290592418706,53.056205285645724
0.23392320534223704,0.01726034413765506,0.8838686904341687,0.13249229893299597,0.44344932802991366,51.208057231369224
0.23889816360601,0.017927490996398558,0.8856336039534063,0.13297490808403922,0.6563050054842705,49.400867312181084
0.24387312186978294,0.01858343337334934,0.8903988704553477,0.13435838765036223,0.7627328442114276,47.913582628508046
0.24884808013355592,0.01926434573829532,0.8932227320861278,0.1404392629535025,0.5144012205146851,46.36662693976173
0.2538230383973289,0.01998079231692677,0.8955171196611366,0.14082535027433796,0.37249743554512804,44.818899343771136
0.2587979966611018,0.020665546218487395,0.8969290504765266,0.13789752142467693,0.390235408666328,43.402145822505965
0.2637729549248748,0.021352861144457783,0.8993999294034593,0.1397314361986406,0.4966632473934993,42.120815722014
0.2687479131886477,0.022055862344937976,0.9018708083303918,0.14542622418094764,0.5321391936358708,40.89029910623193
0.2737228714524207,0.02279983993597439,0.9046946699611719,0.14719579106810432,0.6563050054842563,39.679869354420894
0.27869782971619367,0.023520448179271708,0.9084009883515708,0.14507231080351612,0.7272568979690561,38.62175505448633
0.2836727879799666,0.024243297318927572,0.9119308153900458,0.14661666008685392,0.6740429786054563,37.61579142446396
0.28864774624373957,0.024979271708683474,0.9151076597246735,0.14800013965317582,0.47892527427229936,36.63468136289006
0.29362270450751254,0.025715886354541816,0.9166960818919873,0.14861144457783082,0.31928351618152817,35.647073145899355
0.29859766277128547,0.026457943177270907,0.9182845040593011,0.15311579665423247,0.3547594624239281,34.70732769764836
0.30357262103505844,0.02723937575030012,0.9202259089304624,0.1579740621080643,0.44344932802991366,33.78292943884088
0.30854757929883136,0.028029771908763504,0.922696787857395,0.1603227599764745,0.44344932802991366,32.91845509341851
0.31352253756260434,0.028834573829531814,0.9246381927285563,0.16276797967509093,0.4611873011510994,32.066997008346966
0.3184974958263773,0.029649299719887955,0.9272855630074126,0.164794938109472,0.5144012205146993,31.275125273377512
0.32347245409015024,0.030474269707883153,0.9297564419343453,0.1639905895244005,0.4966632473934993,30.509556122154873
0.3284474123539232,0.031280992396958786,0.9322273208612778,0.16704711414767281,0.549877166757085,29.801718213770968
0.33342237061769614,0.03213637454981993,0.9352276738439816,0.16958885567649817,0.5676151398782849,29.101841354074647
0.3383973288814691,0.03296838735494197,0.937875044122838,0.17036103031816685,0.5676151398782707,28.447707618378555
0.3433722871452421,0.033831452581032415,0.9408753971055418,0.17377146831887202,0.5853531129994849,27.810670997704754
0.348347245409015,0.03469739895958383,0.9436992587363219,0.17521929577200002,0.4966632473934993,27.197982760481846
0.353322203672788,0.03557486994797919,0.945817154959407,0.17505842605498545,0.5676151398782991,26.58666514712399
0.3582971619365609,0.036439215686274506,0.9493469819978821,0.1792732126407608,0.6563050054842705,26.052892855086093
0.3632721202003339,0.03735862344937975,0.952347334980586,0.1846462611890387,0.5144012205146709,25.49203495870235
0.36824707846410687,0.03827643057222889,0.954465231203671,0.18335930345292528,0.47892527427228515,24.936108642694975
0.3732220367278798,0.03918303321328531,0.9571126014825273,0.18065669220708447,0.4257113549087137,24.426710312922147
0.37819699499165277,0.04007394957983193,0.9587010236498411,0.1851288703400833,0.2838075699391567,23.923297646018096
0.3831719532554257,0.041025050020008,0.9599364631133075,0.18805669918974388,0.33702148930274234,23.39878836577029
0.38814691151919867,0.041945098039215686,0.9620543593363925,0.1857723492081389,0.3902354086663138,22.936037923595745
0.39312186978297164,0.0428734693877551,0.9638192728556301,0.18506452245327765,0.37249743554512804,22.480552346689773
0.39809682804674457,0.043786474589835936,0.9657606777267914,0.18728452454807432,0.4611873011510994,22.056141463167062
0.40307178631051754,0.04473693477390956,0.9684080480056477,0.19494192307795633,0.44344932802991366,21.646723292504614
0.40804674457429047,0.04572613045218087,0.9701729615248853,0.20076540683387467,0.3902354086663138,21.21703612203673
0.41302170283806344,0.04673453381352541,0.9722908577479703,0.20099062443769355,0.4257113549087137,20.80454812339607
0.4179966611018364,0.047725970388155264,0.9744087539710554,0.1997358406449825,0.3015455430603282,20.416740530285505
0.42297161936560934,0.0487218887555022,0.9752912107306742,0.19951062304116274,0.28380756993912826,20.017516472419878
0.4279465776293823,0.04971108443377351,0.9772326156018355,0.20124801598491793,0.3547594624239281,19.658243764602076
0.43292153589315524,0.050724289715886356,0.9788210377691493,0.20713584762764103,0.2660695968179283,19.296889976215716
0.4378964941569282,0.05177206882753101,0.9798799858806918,0.21147932998702856,0.31928351618152817,18.92680760247343
0.44287145242070114,0.052828491396558624,0.9819978821037769,0.21633759544086129,0.37249743554511383,18.588414246630308
0.4478464106844741,0.05392460984393758,0.9835863042710907,0.21440715883668826,0.1951177043331569,18.240026346369003
0.4528213689482471,0.05496182472989196,0.9839392869749383,0.21102889477938813,0.1596417580907854,17.902231081491106
0.45779632721202,0.05602432973189276,0.9851747264384045,0.21196193913807093,0.2660695968179283,17.58476596066401
0.462771285475793,0.057070828331332535,0.9865866572537946,0.21469672432731546,0.2660695968179425,17.287056909810914
0.4677462437395659,0.05816054421768708,0.9878220967172608,0.22019846864920378,0.17737973121195694,16.98440257058077
0.4727212020033389,0.05926178471388555,0.9883515707730322,0.2199410771019803,0.14190378496957123,16.67772200153555
0.47769616026711187,0.06034893957583033,0.9892340275326509,0.21842890176204843,0.1596417580907712,16.391904058059666
0.4826711185308848,0.06143513405362145,0.989939992940346,0.2217106439891392,0.07095189248478562,16.113580741539725
0.48764607679465777,0.06255494197679072,0.989939992940346,0.22634369183915215,0.05321391936358566,15.825128465591668
0.4926210350584307,0.06368723489395758,0.9904694669961172,0.22917499885860337,0.08868986560597136,15.552087771518078
0.49759599332220367,0.06483521408563425,0.9908224496999647,0.22698717070720775,0.10642783872718553,15.282165157830557
0.5025709515859766,0.06594573829531812,0.9915284151076598,0.22808108478290734,0.12416581184838549,15.035519212286296
0.5075459098497496,0.0671046018407363,0.992057889163431,0.23081586997215275,0.08868986560598557,14.783753452824982
0.5125208681135225,0.06824233693477391,0.9924108718672785,0.2293680425190221,0.035475946242399914,14.542451452326812
0.5174958263772954,0.06938679471788715,0.9924108718672785,0.23351848121798824,0.08868986560597136,14.302589936633085
0.5224707846410684,0.07056582633053221,0.9932933286268972,0.2331002199537524,0.15964175809075698,14.076124099706348
0.5274457429048414,0.07170612244897959,0.9939992940345923,0.23075152208534355,0.10642783872718553,13.862125856015206
0.5324207011686144,0.07286178471388556,0.9943522767384398,0.2381837030114058,0.07095189248479983,13.647102944884937
0.5373956594323873,0.07407603041216487,0.9947052594422874,0.23905239948328472,0.08868986560598557,13.428166357020872
0.5423706176961602,0.07524033613445379,0.9952347334980586,0.2347410910673,0.12416581184837128,13.227409453881005
0.5473455759599332,0.07641168467386955,0.9959406989057537,0.2380228332943899,0.08868986560598557,13.033879610906352
0.5523205342237062,0.07760864345738296,0.9961171902576774,0.2400819656721742,0.08868986560598557,12.835132092015922
0.5572954924874791,0.07880048019207683,0.9968231556653724,0.23972805229474492,0.12416581184837128,12.64996296006836
0.562270450751252,0.07999391756702681,0.9973526297211437,0.2442002304277393,0.10642783872717132,12.467855807730169
0.5672454090150251,0.08123025210084034,0.9978821037769149,0.2467741458999697,0.0709518924847714,12.284611680610452
0.572220367278798,0.08244929971988796,0.9980585951288387,0.24709588533399973,0.05321391936358566,12.105119127992939
0.5771953255425709,0.08368883553421369,0.9984115778326862,0.24912284376837945,0.07095189248478562,11.930045046743604
0.582170283806344,0.0849280512204882,0.9987645605365337,0.25005588812706314,0.05321391936359987,11.760125732116057
0.5871452420701169,0.08617687074829931,0.9989410518884575,0.24899414799476816,0.05321391936358566,11.591753601800068
0.5921202003338898,0.08740552220888355,0.9992940345923049,0.24413588254093632,0.0354759462423857,11.432847826298334
0.5970951585976627,0.08860600240096038,0.9992940345923049,0.24320283818225263,0.05321391936357145,11.277949659327751
0.6020701168614357,0.08982537014805922,0.9998235086480762,0.2425915332575972,0.07095189248478562,11.130747438057494
0.6070450751252087,0.09101976790716286,1.0,0.24429675225795222,0.017737973121199957,10.986624367356844
0.6120200333889816,0.09225610244097639,1.0,0.2522758902218598,0.0,10.839391363186841
0.6169949916527546,0.09352989195678271,1.0,0.25060284516491116,0.0,10.691769006448434
0.6219699499165275,0.09474957983193277,1.0,0.24812545152289367,0.0,10.554136511990919
0.6269449081803005,0.09599871948779512,1.0,0.2532089345805417,0.0,10.416805612986701
0.6319198664440735,0.09726898759503802,1.0,0.2563941549774249,0.0,10.280769078869419
0.6368948247078464,0.09854981992797118,1.0,0.2580672000343771,0.0,10.147151975831994
0.6418697829716193,0.09983673469387755,1.0,0.2619280732427214,0.0,10.016353229762878
0.6468447412353923,0.10115598239295719,1.0,0.2636011182996665,0.0,9.885722785186685
0.6518196994991653,0.102459543817527,1.0,0.2627324218277902,0.0,9.759949759106163
0.6567946577629382,0.10377014805922369,1.0,0.25964372326111906,0.0,9.636682790789507
0.6617696160267111,0.10504297719087635,1.0,0.25906459227986467,0.0,9.519912960795788
0.6667445742904842,0.10634781912765107,1.0,0.26150981197847933,0.0,9.403107728985804
0.6717195325542571,0.10764497799119647,1.0,0.26160633380869314,0.0,9.289797059383327
0.67669449081803,0.10895078031212485,1.0,0.2634402485826559,0.0,9.178456520780996
0.6816694490818029,0.11026618647458984,1.0,0.26649677320592424,0.0,9.068963314791374
0.686644407345576,0.11160240096038415,1.0,0.26627155560210625,0.0,8.960380703233913
0.6916193656093489,0.1129155662264906,1.0,0.26524198941321764,0.0,8.85617486958494
0.6965943238731218,0.11424153661464585,1.0,0.26273242182778844,0.0,8.753383660910941
0.7015692821368948,0.1155297318927571,1.0,0.2678159048854436,0.0,8.655780495779831
0.7065442404006678,0.11690628251300521,1.0,0.27476547666046436,0.0,8.553860224652642
0.7115191986644407,0.11826362545018007,1.0,0.27206286541462177,0.0,8.455685306394244
0.7164941569282137,0.11961328531412566,1.0,0.2715480823201748,0.0,8.36027534377827
0.7214691151919866,0.12096550620248099,1.0,0.27084025556531444,0.0,8.266819454515622
0.7264440734557596,0.12230812324929972,1.0,0.2720306914712207,0.0,8.176071821179919
0.7314190317195325,0.12367218887555022,1.0,0.2734141710375404,0.0,8.085892301997562
0.7363939899833055,0.12502857142857143,1.0,0.27373591047156864,0.0,7.9981718464351
0.7413689482470784,0.12639583833533413,1.0,0.27614895622678937,0.0,7.9116528927713015
0.7463439065108514,0.12777623049219689,1.0,0.2745402590566428,0.0,7.826181725254985
0.7513188647746244,0.12912749099639856,1.0,0.2761489562267858,0.0,7.744284290538028
0.7562938230383973,0.13052388955582234,1.0,0.27756460973651365,0.0,7.6614327339082315
0.7612687813021702,0.1318892356942777,1.0,0.2769211308684536,0.0,7.582119910968497
0.7662437395659433,0.13327923169267708,1.0,0.2790767850764446,0.0,7.5030444526110225
0.7712186978297162,0.13466602641056422,1.0,0.27682460903824513,0.0,7.42577787920497
0.7761936560934891,0.13603361344537815,1.0,0.2800741773219375,0.0,7.351124289597233
0.781168614357262,0.13745274109643857,1.0,0.28284113645457865,0.0,7.275227776639154
0.7861435726210351,0.13884785914365746,1.0,0.28171504843548156,0.0,7.202127610519083
0.791118530884808,0.14025578231292518,1.0,0.2830341801150009,0.0,7.12983082415024
0.7960934891485809,0.1416640256102441,1.0,0.28541505192680816,0.0,7.058955127756071
0.801068447412354,0.1430956382553021,1.0,0.2894046209087655,0.0,6.988333202832247
0.8060434056761269,0.14454357743097238,1.0,0.29104549202231667,0.0,6.918328837388543
0.8110183639398998,0.14599151660664267,1.0,0.28814983711605535,0.0,6.84971307404378
0.8159933222036728,0.1474106442577031,1.0,0.2864124441722993,0.0,6.783770636344288
0.8209682804674457,0.14884129651860745,1.0,0.2905307089278679,0.0,6.718565501577612
0.8259432387312187,0.1503014005602241,1.0,0.2924289715886381,0.0,6.653297948473282
0.8309181969949916,0.15175094037615047,1.0,0.2906915786448785,0.0,6.589744996118405
0.8358931552587646,0.1531937575030012,1.0,0.290048099776822,0.0,6.527681129437726
0.8408681135225375,0.15463689475790315,1.0,0.29297592862648436,0.0,6.466762033508127
0.8458430717863105,0.15610884353741497,1.0,0.29532462649489055,0.0,6.405786996688164
0.8508180300500835,0.15757535014005603,1.0,0.29719071521225615,0.0,6.34617025512671
0.8557929883138564,0.1590658663465386,1.0,0.2993463694202525,0.0,6.286703885429539
0.8607679465776293,0.16055382152861145,1.0,0.2958394095893411,0.0,6.2284409706298725
0.8657429048414023,0.162009443777511,1.0,0.300086370118521,0.0,6.1724796819456325
0.8707178631051753,0.16353965586234495,1.0,0.30523420106298005,0.0,6.114724864296662
0.8756928213689482,0.1650464985994398,1.0,0.3048802876855419,0.0,6.058898604246999
0.8806677796327211,0.16657318927571027,1.0,0.30671420245950287,0.0,6.003367074546492
0.8856427378964942,0.1680982793117247,1.0,0.308548117233471,0.0,5.948900869744066
0.8906176961602671,0.16964321728691475,1.0,0.30729333344075727,0.0,5.89472432787405
0.89559265442404,0.17115582232893156,1.0,0.30430115670429103,0.0,5.842629169098173
0.900567612687813,0.17267098839535813,1.0,0.3041081130438741,0.0,5.791360837700995
0.905542570951586,0.17418167266906762,1.0,0.3131811650834848,0.0,5.741132144826319
0.9105175292153589,0.17578711484593837,1.0,0.3239272621800424,0.0,5.688699088533368
0.9154924874791318,0.1774047218887555,1.0,0.3179107347637036,0.0,5.636828542968919
0.9204674457429048,0.178950300120048,1.0,0.31353507846091233,0.0,5.5881437434257135
0.9254424040066778,0.18052436974789915,1.0,0.31700986434842804,0.0,5.539418314527241
0.9304173622704507,0.1821045218087235,1.0,0.31572290661230795,0.0,5.491351835021244
0.9353923205342237,0.18366578631452582,1.0,0.31691334251821246,0.0,5.44467219543824
0.9403672787979966,0.1852577831132453,1.0,0.3204846502359331,0.0,5.397883874000128
0.9453422370617696,0.1868545818327331,1.0,0.32013073685849847,0.0,5.351755307210885
0.9503171953255426,0.18844305722288915,1.0,0.318747257292177,0.0,5.30664283809197
0.9552921535893155,0.19002609043617447,1.0,0.3194550840470427,0.0,5.262435267202836
0.9602671118530884,0.19162160864345737,1.0,0.3185220396883608,0.0,5.218618124956146
0.9652420701168614,0.1931953581432573,1.0,0.32042030234912744,0.0,5.176107798917636
0.9702170283806344,0.19480976390556223,1.0,0.327305526237339,0.0,5.133212935285775
0.9751919866444073,0.19645202080832333,1.0,0.32814204876581954,0.0,5.090301417544042
0.9801669449081802,0.19807474989996,1.0,0.32926813678491484,0.0,5.048599079413514
0.9851419031719533,0.19972821128451382,1.0,0.33232466140818673,0.0,5.006803964090456
0.9901168614357262,0.2013813525410164,1.0,0.3351881423710452,0.0,4.965703067250602
0.9950918196994991,0.20306330532212885,1.0,0.33319335788006654,-1.4210854715202004e-14,4.924572651930653
1.000066777963272,0.20469659863945577,1.0,0.3319064001439571,0.0,4.885279025868716
1.005041736227045,0.20636574629851942,1.0,0.33386901069151875,0.0,4.845765433152094
1.010016694490818,0.20801856742697078,1.0,0.3322924874647839,0.0,4.807263180249863
1.0149916527545908,0.2096720288115246,1.0,0.33267857478562135,0.0,4.76935338332089
1.0199666110183638,0.21132869147659064,1.0,0.3384698845981262,0.0,4.731965134562773
1.0249415692821369,0.21303977591036413,1.0,0.3387594500887552,0.0,4.693959124425418
1.02991652754591,0.21469931972789116,1.0,0.33596031701271656,0.0,4.657676611492738
1.0348914858096827,0.21638255302120848,1.0,0.3422985838630801,0.0,4.62144468691053
1.0398664440734557,0.21810516206482594,1.0,0.34216988808945814,0.0,4.58494421009062
1.0448414023372288,0.21978711484593838,1.0,0.33879162403216156,0.0,4.549857259380098
1.0498163606010016,0.22147611044417767,1.0,0.33949945078702726,0.0,4.515159662116456
1.0547913188647746,0.22316510604241696,1.0,0.3388881458623665,0.0,4.480987273207175
1.0597662771285477,0.22484801920768308,1.0,0.34081858246654306,0.0,4.447448563361993
1.0647412353923205,0.2265562224889956,1.0,0.340464669089112,0.0,4.413915402604193
1.0697161936560935,0.22823561424569827,1.0,0.34101162612696356,0.0,4.381437153464965
1.0746911519198663,0.22994925970388155,1.0,0.3465133704488572,0.0,4.348785472446207
1.0796661101836393,0.23168339335734295,1.0,0.35159685350649994,0.0,4.316235123756254
1.0846410684474124,0.23344761904761904,1.0,0.35487859573359515,0.0,4.283616187989556
1.0896160267111852,0.23521440576230493,1.0,0.3529159851860264,0.0,4.251440283851264
1.0945909849749582,0.2369591036414566,1.0,0.3547498999599803,0.0,4.220137503191701
1.0995659432387312,0.23874413765506203,1.0,0.3585785992249235,0.0,4.188584523255611
1.104540901502504,0.2405269307723089,1.0,0.35787077247006494,0.0,4.157538604051928
1.109515859766277,0.24230492196878753,1.0,0.35751685909262676,0.0,4.127031311930241
1.1144908180300501,0.244084193677471,1.0,0.3548785957335987,0.0,4.096946979374602
1.119465776293823,0.2458359343737495,1.0,0.35320555067664827,0.0,4.06775357128905
1.124440734557596,0.24759855942376952,1.0,0.3555864224884502,0.0,4.038795711603804
1.129415692821369,0.24937398959583834,1.0,0.3578707724700614,0.0,4.010041310325527
1.1343906510851418,0.251159343737495,1.0,0.36066990554611067,0.0,3.981536124115586
1.1393656093489148,0.25296262505002,1.0,0.36182816750861235,0.0,3.953153157713569
1.1443405676126879,0.2547595038015206,1.0,0.3636299083391812,0.0,3.9252706379075275
1.1493155258764607,0.25658071228491397,1.0,0.3634046907353543,0.0,3.8974090885271755
1.1542904841402337,0.258375350140056,1.0,0.3718342639069121,0.0,3.870338248048569
1.1592654424040065,0.26028043217286917,1.0,0.37389339628469287,0.0,3.8420099108174024
1.1642404006677796,0.26209555822328934,1.0,0.3694855660384917,0.0,3.8154023165400663
1.1692153589315526,0.26395678271308526,1.0,0.37225252517113816,0.0,3.7884989721479374
1.1741903171953254,0.26579943977591036,1.0,0.37308904769961515,0.0,3.762235168151889
1.1791652754590984,0.267668987595038,1.0,0.37260643854856923,0.0,3.735957643000918
1.1841402337228715,0.26950684273709485,1.0,0.3734107871336505,0.0,3.710480928217116
1.1891151919866443,0.271384393757503,1.0,0.37334643924684485,0.0,3.6848102654478923
1.1940901502504173,0.2732216086434574,1.0,0.37254209066176003,0.0,3.6600326195464192
1.1990651085141903,0.27509115646258503,1.0,0.37238122094474946,0.0,3.6351586610746223
1.2040400667779632,0.2769267707082833,1.0,0.3725099167183714,0.0,3.6110629443384776
1.2090150250417362,0.2787975990396159,1.0,0.37723948639858307,0.0,3.5868314628416313
1.2139899833055092,0.28068027210884355,1.0,0.38151862087116584,0.0,3.5627726611730486
1.218964941569282,0.2825936774709884,1.0,0.38486471098507025,0.0,3.5386495867469003
1.223939899833055,0.284509643857543,1.0,0.38055340256907755,0.0,3.514819344755535
1.228914858096828,0.28638015206082434,1.0,0.373668178680866,0.0,3.4918621028862704
1.233889816360601,0.28822761104441774,1.0,0.37682122513435345,0.0,3.4694802360412775
1.238864774624374,0.2901294917967187,1.0,0.3803925328520634,0.0,3.4467368133007903
1.243839732888147,0.2920124849939976,1.0,0.3791699230027561,0.0,3.424511113011333
1.2488146911519198,0.2939022008803521,1.0,0.37659600753053013,0.0,3.4024923835364573
1.2537896494156928,0.2957595838335334,1.0,0.3792342708895653,0.0,3.3811245844964546
1.2587646076794656,0.297675550220088,1.0,0.3841247102868053,0.0,3.3593622293152547
1.2637395659432387,0.2995815926370548,1.0,0.3830951440979007,0.0,3.3379887969669317
1.2687145242070117,0.30148731492597036,1.0,0.3794916624367879,0.0,3.3168891375928973
1.2736894824707845,0.30335750300120046,1.0,0.37482644064337833,0.0,3.296440635575916
1.2786644407345575,0.3052168067226891,1.0,0.37563078922844184,0.0,3.2763595515517276
1.2836393989983306,0.3070949979991997,1.0,0.3784942701913039,0.0,3.2563213550049617
1.2886143572621034,0.3089827931172469,1.0,0.38367427507915863,0.0,3.236426177364961
1.2935893155258764,0.310912525010004,1.0,0.38447862366422214,0.0,3.216338743406441
1.2985642737896494,0.31280832332933173,1.0,0.38161514270137786,0.0,3.196845881070681
1.3035392320534223,0.3147095638255302,1.0,0.38155079481457577,0.0,3.177532922241866
1.3085141903171953,0.3166047218887555,1.0,0.37888035751212357,0.0,3.158512589560705
1.3134891485809683,0.3184793917567027,1.0,0.3809073159465157,0.0,3.1399205910438757
1.3184641068447411,0.32039471788715485,1.0,0.3864734081552115,0.0,3.1211500819817095
1.3234390651085142,0.32232476990796316,1.0,0.38499340675867444,0.0,3.102460913213529
1.3284140233722872,0.32422537014805924,1.0,0.38434992789062505,0.0,3.084274372308819
1.33338898163606,0.32614901960784315,1.0,0.3887255841934163,0.0,3.0660831088880336
1.338363939899833,0.32809315726290517,1.0,0.39001254192952217,0.0,3.0479148310877067
1.3433388981636059,0.3300296118447379,1.0,0.38750297434410896,0.0,3.0300311369346127
1.3483138564273789,0.33194877951180474,1.0,0.38711688702326086,0.0,3.012512958989319
1.353288814691152,0.3338813925570228,1.0,0.3883394968725682,0.0,2.9950755636351083
1.3582637729549247,0.335812725090036,1.0,0.3855725377399324,0.0,2.9778502280754435
1.3632387312186978,0.33771780712284916,1.0,0.3876960180045046,0.0,2.9610520348908853
1.3682136894824708,0.3396702681072429,1.0,0.39236123979793547,0.0,2.944031591497062
1.3731886477462436,0.341621768707483,1.0,0.38878993208022194,0.0,2.9272139295557005
1.3781636060100166,0.34353869547819127,1.0,0.39168558698646194,0.0,2.9108802390020214
1.3831385642737897,0.3455190076030412,1.0,0.39297254472258913,0.0,2.8941967822183514
1.3881135225375625,0.3474487394957983,1.0,0.38895080179723607,0.0,2.8781224000154793
1.3930884808013355,0.3493890356142457,1.0,0.3878568877215258,0.0,2.8621390429208615
1.3980634390651085,0.3513078831532613,1.0,0.38171166453157923,0.0,2.8465060078476543
1.4030383973288814,0.35318703481392555,1.0,0.3826768828336782,0.0,2.8313610111051895
1.4080133555926544,0.3551154861944778,1.0,0.38998036798611224,0.0,2.8159853311842147
1.4129883138564274,0.3570673069227691,1.0,0.38814645321215835,0.0,2.800592439050412
1.4179632721202002,0.3589775110044018,1.0,0.3860873208343776,0.0,2.7856898255326583
1.4229382303839733,0.360908843537415,1.0,0.3874386264572891,0.0,2.7707827555528746
1.4279131886477463,0.3628324929971989,1.0,0.3868916694194411,0.0,2.756092740590684
1.4328881469115191,0.3647583833533413,1.0,0.3857012335135508,0.0,2.7415408271269266
1.4378631051752921,0.3666701880752301,1.0,0.38367427507916574,0.0,2.7272465352291717
1.442838063439065,0.36857591036414566,1.0,0.38473601521145184,0.0,2.7131453029906916
1.447813021702838,0.3704982793117247,1.0,0.38962645460868117,0.0,2.6990678657339564
1.452787979966611,0.37245266106442576,1.0,0.39284384894897784,0.0,2.6849049679014723
1.4577629382303838,0.37440704281712683,1.0,0.38772819194792874,0.0,2.670889928981475
1.4627378964941569,0.37631052420968386,1.0,0.3889829757406318,0.0,2.6573798383666527
1.46771285475793,0.3782773909563826,1.0,0.39113862994862103,0.0,2.6435626973944775
1.4726878130217027,0.38020232092837136,1.0,0.3832560138149219,0.0,2.6301785784953062
1.4776627712854757,0.382090756302521,1.0,0.38463949338123626,0.0,2.6171792525863893
1.4826377295492488,0.3840294517807123,1.0,0.3873099306836849,0.0,2.6039669493136115
1.4876126878130216,0.38594445778311326,1.0,0.38946558489167415,0.0,2.591046405340438
1.4925876460767946,0.3879046018407363,1.0,0.39355167570383287,0.0,2.5779534330210767
1.4975626043405676,0.3898602641056423,1.0,0.38660210392882277,0.0,2.5650216040715175
1.5025375626043405,0.39175126050420167,1.0,0.3862481905513917,0.0,2.5526401592504246
1.5075125208681135,0.3937034013605442,1.0,0.38734210462708063,0.0,2.5399831358942815
1.5124874791318865,0.3956052821128451,1.0,0.38370644902256856,0.0,2.5277721133024538
1.5174624373956593,0.39752124849939974,1.0,0.3888864539104233,0.0,2.5155887987746395
1.5224373956594324,0.39947466986794716,1.0,0.3934229799302358,0.0,2.5032876310544703
1.5274123539232052,0.4014357743097239,1.0,0.3903021074201547,0.0,2.4910585054845154
1.5323873121869782,0.4033581432573029,1.0,0.3860873208343705,0.0,2.479186342748752
1.5373622704507512,0.40527731092436975,1.0,0.3880499313819499,0.0,2.4674462967570707
1.542337228714524,0.40721920768307324,1.0,0.3886290623632007,0.0,2.4556798430251616
1.547312186978297,0.409144137655062,1.0,0.3882429750423597,0.0,2.444126428723444
1.5522871452420701,0.41108219287715086,1.0,0.38981949826911233,0.0,2.4326035457800605
1.557262103505843,0.41302280912364947,1.0,0.39284384894897784,0.0,2.4211737897037624
1.562237061769616,0.414990956382553,1.0,0.3951281989305713,0.0,2.4096910658413613
1.567212020033389,0.41695430172068826,1.0,0.39026993347674477,0.0,2.3983443650136165
1.5721869782971618,0.4188741096438575,1.0,0.38853254053299935,0.0,2.387352135108655
1.5771619365609348,0.4208201680672269,1.0,0.3903342813635504,0.0,2.3763119638321326
1.5821368948247079,0.4227579031612645,1.0,0.3908490644580027,0.0,2.365420001665922
1.5871118530884807,0.4247090836334534,1.0,0.39023775953334905,0.0,2.354552889344494
1.5920868113522537,0.4266407362945178,1.0,0.38460731943783344,0.0,2.3438924484456214
1.5970617696160267,0.4285358943577431,1.0,0.3853151461927027,0.0,2.333526813427668
1.6020367278797996,0.4304745898359344,1.0,0.39100993417502394,0.0,2.3230174872368825
1.6070116861435726,0.4324264105642257,1.0,0.39245776162813684,0.0,2.312532203329602
1.6119866444073456,0.4343795118047219,1.0,0.38724558279688637,0.0,2.302134361368214
1.6169616026711184,0.4362794717887155,1.0,0.3914925433260592,0.0,2.2921087620741574
1.6219365609348915,0.4382748299319728,1.0,0.3952568947041897,0.0,2.2816733512969836
1.6269115191986643,0.4402122448979592,1.0,0.38866123630660354,0.0,2.2716314950116825
1.6318864774624373,0.44214197679071626,1.0,0.38631253843818314,0.0,2.2617169427306845
1.6368614357262103,0.4440560224089636,1.0,0.38122905538054397,0.0,2.251968106580541
1.6418363939899832,0.44593517406962785,1.0,0.38135775115416237,0.0,2.242478409751685
1.6468113522537562,0.44785050020008005,1.0,0.38618384266457895,0.0,2.2328879828274024
1.6517863105175292,0.44977767106842736,1.0,0.38830732292916537,0.0,2.223320685583487
1.656761268781302,0.4517141256502601,1.0,0.38660210392882277,0.0,2.213789525754726
1.661736227045075,0.45362432973189276,1.0,0.384703841268049,0.0,2.2044672969614165
1.666711185308848,0.4555418967587035,1.0,0.38660210392882277,0.0,2.1951877689302663
1.671686143572621,0.45747098839535816,1.0,0.38981949826911233,0.0,2.1859309669180034
1.676661101836394,0.45942056822729094,1.0,0.3880821053253456,0.0,2.1766548325395525
1.681636060100167,0.46133237294917967,1.0,0.3848325370416603,0.0,2.167634570293119
1.6866110183639398,0.46324961984793916,1.0,0.38660210392882277,0.0,2.1586634012311725
1.6915859766277128,0.46517903161264507,1.0,0.3888864539104162,0.0,2.149709965501413
1.6965609348914859,0.4671190076030412,1.0,0.3920073264205044,0.0,2.1407820784929443
1.7015358931552587,0.4690794717887155,1.0,0.38708471307986514,0.0,2.1318349238067356
1.7065108514190317,0.4709704681872749,1.0,0.3841890581735967,0.0,2.1232753804053037
1.7114858096828045,0.4729021208483393,1.0,0.38222644762603153,0.0,2.114602485195244
1.7164607679465775,0.4747735894357743,1.0,0.38344905747533176,0.0,2.1062671181613326
1.7214357262103506,0.47671740696278514,1.0,0.3880821053253527,0.0,2.097678803824474
1.7264106844741234,0.4786349739895958,1.0,0.3881786271555612,0.0,2.089274821822229
1.7313856427378964,0.4805797519007603,1.0,0.3886290623631936,0.0,2.080820084585045
1.7363606010016694,0.4825018007202881,1.0,0.38576558140034933,0.0,2.0725311252873677
1.7413355592654423,0.48441808723489393,1.0,0.3875673222309217,0.0,2.064332497797715
1.7463105175292153,0.4863580632252901,1.0,0.38634471238159307,0.0,2.056098326752283
1.7512854757929883,0.48826218487394957,1.0,0.383609927192353,0.0,2.048079968056837
1.7562604340567611,0.490174949979992,1.0,0.3866664518156355,0.0,2.040087931953312
1.7612353923205342,0.49210948379351743,1.0,0.38801775743853995,0.0,2.0320681330733845
1.7662103505843072,0.4940356942777111,1.0,0.39023775953334194,0.0,2.0241452421004067
1.77118530884808,0.4959923169267707,1.0,0.3952890686475925,0.0,2.016160262715606
1.776160267111853,0.497968787515006,1.0,0.39232906585452554,0.0,2.0081579911669976
1.781135225375626,0.4998959583833533,1.0,0.382709056777081,0.0,2.0004162530818737
1.7861101836393989,0.5017767106842738,1.0,0.38354557930555444,0.0,1.9929183214507868
1.791085141903172,0.5037122048819528,1.0,0.39564298202501647,0.0,1.985260611730372
1.7960601001669447,0.505713325330132,1.0,0.3968655918743451,0.0,1.977404885163339
1.8010350584307178,0.5076609843937575,1.0,0.3868916694194411,0.0,1.9698185023893213
1.8060100166944908,0.5095628651460584,1.0,0.3866664518156213,0.0,1.9624663969839429
1.8109849749582636,0.5115082833133253,1.0,0.38878993208022194,0.0,1.955002553472723
1.8159599332220366,0.5134312925170068,1.0,0.3921681961375114,0.0,1.9476802730462248
1.8209348914858097,0.5154103241296518,1.0,0.3925542834583524,0.0,1.9402017250792387
1.8259098497495825,0.517337174869948,1.0,0.38502558070208437,0.0,1.932975337122037
1.8308848080133555,0.5192412965186074,1.0,0.38463949338123626,0.0,1.9258868789997412
1.8358597662771285,0.5211643057222889,1.0,0.3862481905513988,0.0,1.918780678224089
1.8408347245409014,0.5230844337735094,1.0,0.3870525391364623,0.0,1.9117372558499617
1.8458096828046744,0.5250154461784714,1.0,0.39129949966562805,0.0,1.9047058658538296
1.8507846410684474,0.526977831132453,1.0,0.38853254053299935,0.0,1.8976130321289653
1.8557595993322202,0.52888131252501,1.0,0.38644123421180154,0.0,1.8907833881022436
1.8607345575959933,0.5308228891556622,1.0,0.39564298202502357,0.0,1.8838675204654804
1.8657095158597663,0.5328179271708684,1.0,0.39393776302467387,0.0,1.8768137275518357
1.870684474123539,0.5347425370148059,1.0,0.3865055820986143,0.0,1.8700588241632854
1.8756594323873121,0.5366636254501801,1.0,0.3916534130430662,0.0,1.8633645966990038
1.8806343906510852,0.5386394557823129,1.0,0.3973803749687761,0.0,1.8565294266228847
1.885609348914858,0.5406175270108043,1.0,0.3949029813267799,0.0,1.8497365513271915
1.890584307178631,0.5425687074829932,1.0,0.3837707969093671,0.0,1.84308454617491
1.8955592654424038,0.5444360144057623,1.0,0.3805855765124875,0.0,1.836763133848656
1.9005342237061769,0.5463555022008804,1.0,0.3924255876847269,0.0,1.8303101112219176
1.90550918196995,0.5483406162464985,1.0,0.38882210602361766,0.0,1.8236839846830981
1.9104841402337227,0.5502242496998799,1.0,0.38602297294757904,0.0,1.8174407989932295
1.9154590984974957,0.552181512605042,1.0,0.3914603693826493,0.0,1.810998697298416
1.9204340567612688,0.5541192476990796,1.0,0.3860873208343776,0.0,1.80466569994165
1.9254090150250416,0.5560230492196879,1.0,0.38277340466388665,0.0,1.798486594042065
1.9303839732888146,0.5579278111244498,1.0,0.38740645251387207,0.0,1.7923465725513776
1.9353589315525876,0.5598777110844337,1.0,0.3932942841566103,0.0,1.7861043227870033
1.9403338898163605,0.561841056422569,1.0,0.39078471657118996,0.0,1.7798628074055969
1.9453088480801335,0.5637659863945578,1.0,0.38853254053298514,0.0,1.7737856205112366
1.9502838063439065,0.5657069227691076,1.0,0.3901734116465434,0.0,1.767699774832256
1.9552587646076793,0.5676481792717086,1.0,0.38998036798612645,0.0,1.761654553852349
1.9602337228714524,0.5695871948779512,1.0,0.3910742820618154,0.0,1.7556574462919166
1.9652086811352254,0.5715393357342937,1.0,0.38959428066528545,0.0,1.749660850053715
1.9701836393989982,0.57346362545018,1.0,0.39001254192952217,0.0,1.743789763849417
1.9751585976627712,0.5754199279711885,1.0,0.39245776162814394,0.0,1.7378612581698256
1.980133555926544,0.5773685474189676,1.0,0.39126732572223943,0.0,1.7319959746167986
1.985108514190317,0.5793130052020808,1.0,0.39496732921356426,0.0,1.7261825490197162
1.9900834724540901,0.5812984393757503,1.0,0.3969942876479422,0.0,1.7202867447466201
1.995058430717863,0.5832630652260904,1.0,0.3919108045902888,0.0,1.714492241356599
2.000033388981636,0.5851979191676671,1.0,0.38943341094827133,0.0,1.7088235744623121
2.005008347245409,0.5871378951580632,1.0,0.39728385313858894,0.0,1.7031774107014337
2.0099833055091816,0.5891508603441377,1.0,0.39914994185594566,0.0,1.6973581255841248
2.0149582637729546,0.5911094037615046,1.0,0.3922647179677128,0.0,1.6917342096683525
2.0199332220367276,0.5930538615446178,1.0,0.38904732362743033,0.0,1.6861874862352042
2.0249081803005007,0.5949803921568627,1.0,0.38792123560833147,0.0,1.6807276562088058
2.0298831385642737,0.5969136454581833,1.0,0.387663844061116,0.0,1.675284201674453
2.0348580968280467,0.5988376150460184,1.0,0.3892725412312572,0.0,1.6699017811751085
2.03983305509182,0.6007868747499,1.0,0.38891862785384035,0.0,1.6644837662545264
2.0448080133555924,0.6027073229291716,1.0,0.38985167221251515,0.0,1.65918010609192
2.0497829716193654,0.6046658663465386,1.0,0.39023775953334194,0.0,1.6538059375537701
2.0547579298831384,0.606590156062425,1.0,0.38708471307985803,0.0,1.6485595587164272
2.0597328881469115,0.6085173269307723,1.0,0.3868916694194411,0.0,1.6433385800923372
2.0647078464106845,0.6104396958783513,1.0,0.38460731943783344,0.0,1.638163452920795
2.0696828046744575,0.612344137655062,1.0,0.38184036030521895,0.0,1.6330686267846781
2.07465776293823,0.6142389755902361,1.0,0.3838673187395898,0.0,1.6280308475037382
2.079632721202003,0.6161635854341737,1.0,0.3858942771739464,0.0,1.6229456326851248
2.084607679465776,0.6180785914365746,1.0,0.38605514689096054,0.0,1.6179172258268018
2.089582637729549,0.6200048019207683,1.0,0.38711688702325375,0.0,1.61289073391369
2.0945575959933223,0.6219303721488595,1.0,0.3835134053621374,0.0,1.6078970328219464
2.0995325542570953,0.6238207282913165,1.0,0.38264470889028956,0.0,1.6030246425748977
2.104507512520868,0.6257376550620248,1.0,0.3830951440979149,0.0,1.5981138291907289
2.109482470784641,0.6276324929971989,1.0,0.37820470470065715,0.0,1.5932890842292051
2.114457429048414,0.6295007603041216,1.0,0.378043834983643,0.0,1.5885604324240759
2.119432387312187,0.6313939975990396,1.0,0.38251601311664984,0.0,1.583797127946471
2.12440734557596,0.633306762705082,1.0,0.3741829617753325,0.0,1.5790136137637922
2.1293823038397326,0.6351170868347339,1.0,0.37453687515274936,0.0,1.5745128272075817
2.1343572621035056,0.6370333733493397,1.0,0.38550818985311963,0.0,1.5697764698610455
2.1393322203672787,0.6389528611444578,1.0,0.3775933997760035,0.0,1.5650606810162084
2.1443071786310517,0.6407903961584633,1.0,0.37701426879475264,0.0,1.5605727020801143
2.1492821368948247,0.6427041216486594,1.0,0.38264470889026825,0.0,1.555925917255374
2.1542570951585978,0.6445976790716287,1.0,0.37881600962533923,0.0,1.5513552599820615
2.1592320534223703,0.6464733093237295,1.0,0.3786873138517137,0.0,1.5468542715956703
2.1642070116861434,0.6483655862344938,1.0,0.3811647074937241,0.0,1.5423397250426103
2.1691819699499164,0.6502658663465386,1.0,0.37978122792740976,0.0,1.5378325262840749
2.1741569282136894,0.6521443777511005,1.0,0.3748586145867705,0.0,1.5334027772323497
2.1791318864774625,0.6539956782713086,1.0,0.3753733976812015,0.0,1.5290620920359543
2.1841068447412355,0.6558793117246898,1.0,0.37910557511597176,0.0,1.524670746772628
2.189081803005008,0.6577677470988396,1.0,0.3752447019076328,0.0,1.5202934537465773
2.194056761268781,0.6596129651860745,1.0,0.3669759984530714,0.0,1.5160405461677116
2.199031719532554,0.6614191276510605,1.0,0.36983947941591566,0.0,1.5119006363655723
2.204006677796327,0.663292837134854,1.0,0.37691774696453706,0.0,1.5076297285518403
2.2089816360601002,0.6651694277711084,1.0,0.3700968709631667,0.0,1.5033763703645595
2.213956594323873,0.6669752701080432,1.0,0.3728960040392053,0.0,1.4993059635299673
2.218931552587646,0.6688797118847539,1.0,0.3754055716246114,0.0,1.4950371228665658
2.223906510851419,0.6707105242096839,1.0,0.37244556883153734,0.0,1.490956178417398
2.228881469115192,0.6725855142056822,1.0,0.37466557092635355,0.0,1.486799788099795
2.233856427378965,0.6744384153661465,1.0,0.37205948151071766,0.0,1.482715066663439
2.238831385642738,0.676287474989996,1.0,0.37492296247359036,0.0,1.4786611270817822
2.2438063439065106,0.6781688675470188,1.0,0.37756122583260776,0.0,1.474558989440293
2.2487813021702836,0.6800441776710684,1.0,0.3759203547190708,0.0,1.4704927015545914
2.2537562604340566,0.681909243697479,1.0,0.3761455723228977,0.0,1.4664708086046099
2.2587312186978297,0.6837867947178872,1.0,0.3726386124919685,0.0,1.4624441532430796
2.2637061769616027,0.6856169667867147,1.0,0.3743116575489154,0.0,1.4585403343891943
2.2686811352253757,0.6875111644657863,1.0,0.3769499209079754,0.0,1.4545218342410853
2.2736560934891483,0.6893675870348139,1.0,0.3769820948513569,0.0,1.450604900502087
2.2786310517529214,0.6912621048419367,1.0,0.3795881842669928,0.0,1.4466292785262096
2.2836060100166944,0.6931444577831133,1.0,0.3745690490961522,0.0,1.442700708014465
2.2885809682804674,0.6949890356142457,1.0,0.3702577406801595,0.0,1.438871620638129
2.2935559265442405,0.6968284913965587,1.0,0.37228469911454454,0.0,1.435073353553377
2.298530884808013,0.698693237294918,1.0,0.376274268096509,0.0,1.4312432790556704
2.303505843071786,0.7005723889555823,1.0,0.37897687934233204,0.0,1.4274042422522621
2.308480801335559,0.7024640256102441,1.0,0.375823832888841,0.0,1.4235604437270373
2.313455759599332,0.7043118047218887,1.0,0.37283165615239966,0.0,1.419825698356525
2.318430717863105,0.7061736694677871,1.0,0.37308904769960805,0.0,1.4160822517691112
2.323405676126878,0.7080240096038415,1.0,0.3736360047374774,0.0,1.4123814820341007
2.328380634390651,0.7098913165266106,1.0,0.3721238293975375,0.0,1.4086663362679892
2.333355592654424,0.7117266106442577,1.0,0.36877773928362956,0.0,1.4050338782398428
2.338330550918197,0.7135606242496999,1.0,0.3758881807756751,0.0,1.401422620609829
2.34330550918197,0.7154666666666667,1.0,0.37974905398399983,0.0,1.3976891539321654
2.348280467445743,0.7173390956382553,1.0,0.3765638335871131,0.0,1.394040846345125
2.353255425709516,0.7192134453781512,1.0,0.37997427158785513,0.0,1.3904078218034641
2.3582303839732885,0.7211198079231693,1.0,0.3784942701912968,0.0,1.3867321199787976
2.3632053422370616,0.7229794317727091,1.0,0.38039253285207053,0.0,1.38316521335614
2.3681803005008346,0.7249046818727491,1.0,0.3814220990409467,0.0,1.3794917111261553
2.3731552587646076,0.726774549819928,1.0,0.3794594884933673,0.0,1.3759425123620093
2.3781302170283807,0.7286802721088436,1.0,0.3785586180781024,0.0,1.3723440008962247
2.3831051752921537,0.7305411764705882,1.0,0.37070817588781324,0.0,1.3688482349909816
2.3880801335559263,0.732368787515006,1.0,0.36771599915134345,0.0,1.3654323027515838
2.3930550918196993,0.7341999199679872,1.0,0.37257426460516285,0.0,1.3620268441919774
2.3980300500834724,0.7360758703481393,1.0,0.37521252796419446,0.0,1.358555605860349
2.4030050083472454,0.7379332533013205,1.0,0.3681986083023787,0.0,1.3551361122788022
2.4079799666110184,0.7397394157663065,1.0,0.3659464322641952,0.0,1.351827385004334
2.412954924874791,0.7415743897559024,1.0,0.3658177364905697,0.0,1.3484823826361658
2.417929883138564,0.7433792717086835,1.0,0.3643699090374355,0.0,1.3452083452656203
2.422904841402337,0.7451998399359744,1.0,0.3684559998496013,0.0,1.341921920012647
2.42787979966611,0.7470453781512605,1.0,0.3692281744912691,0.0,1.3386067690757089
2.432854757929883,0.7488736294517807,1.0,0.363565560452372,0.0,1.3353387817008038
2.437829716193656,0.750662825130052,1.0,0.3609594710367503,0.0,1.3321560180188095
2.4428046744574288,0.7524651460584234,1.0,0.3606699055461178,0.0,1.328965208871425
2.447779632721202,0.7542514605842336,1.0,0.3576777288096338,0.0,1.3258177839329772
2.452754590984975,0.7560240096038415,1.0,0.35751685909262676,0.0,1.3227093151763825
2.457729549248748,0.7578087234893958,1.0,0.35909338231935806,0.0,1.3195942049801348
2.462704507512521,0.7595969587835134,1.0,0.35999425273463714,0.0,1.3164876299682526
2.467679465776294,0.7613906362545018,1.0,0.3635333865089905,0.0,1.3133862598038846
2.4726544240400665,0.7632140856342537,1.0,0.3634690386221706,0.0,1.3102483547181523
2.4776293823038396,0.7650071228491396,1.0,0.36327599496173946,0.0,1.307177371467692
2.4826043405676126,0.7668286514605842,1.0,0.36340469073535075,0.0,1.3040722958059698
2.4875792988313856,0.768622969187675,1.0,0.35867512105512844,0.0,1.3010279943323286
2.4925542570951587,0.7703974389755902,1.0,0.35436381263916417,0.0,1.2980313139795947
2.4975292153589312,0.7721488595438175,1.0,0.35668033656416753,0.0,1.295087064676617
2.5025041736227043,0.7739463785514206,1.0,0.35777425063984936,0.0,1.2920791772056346
2.5074791318864773,0.7757086834733894,1.0,0.3511785922422632,0.0,1.2891437485555812
2.5124540901502503,0.7774405762304922,1.0,0.3490551119776626,0.0,1.2862719422860742
2.5174290484140234,0.7791817527010805,1.0,0.35146815773288154,0.0,1.2833976110624252
2.5224040066777964,0.7809376550620248,1.0,0.3507281570346379,0.0,1.2805119506250169
2.527378964941569,0.782671468587435,1.0,0.3478968500151751,0.0,1.27767529561899
2.532353923205342,0.7843991996798719,1.0,0.35018119999676856,0.0,1.2748610661613613
2.537328881469115,0.7861557422969188,1.0,0.3529803330728214,0.0,1.2720125875800263
2.542303839732888,0.7879113245298119,1.0,0.35095337463843634,0.0,1.2691783565831505
2.547278797996661,0.7896476990796318,1.0,0.3465777183356522,0.0,1.2663875310034372
2.552253756260434,0.791359743897559,1.0,0.3404968430325255,0.0,1.263647800777505
2.5572287145242067,0.7930356142456982,1.0,0.33444814167278025,0.0,1.2609774164444778
2.56220367278798,0.794687474989996,1.0,0.33380466280472376,0.0,1.2583563117218988
2.567178631051753,0.7963569427771109,1.0,0.3333864015404657,0.0,1.2557183171063104
2.572153589315526,0.7980046418567427,1.0,0.3341264022387378,0.0,1.2531255428204882
2.577128547579299,0.7996814725890357,1.0,0.33480205505021843,0.0,1.2504978973220628
2.5821035058430715,0.8013358943577431,1.0,0.3319064001439642,0.0,1.247916144828983
2.5870784641068445,0.8029839135654262,1.0,0.3352846642012395,0.0,1.2453549605493077
2.5920534223706175,0.8046719487795118,1.0,0.33197074803075566,0.0,1.2427424635800373
2.5970283806343906,0.8062869947979192,1.0,0.3237985664064382,0.0,1.240253168477102
2.6020033388981636,0.8078937174869948,1.0,0.31939073616021574,0.0,1.237786578054554
2.6069782971619366,0.809464905962385,1.0,0.32093508544357974,0.0,1.235384008169057
2.611953255425709,0.8110869947979191,1.0,0.32765943961477717,0.0,1.2329133698526977
2.6169282136894823,0.8127250900360145,1.0,0.32370204457620844,0.0,1.2304283604135893
2.6219031719532553,0.8143078031212485,1.0,0.32070986783973865,0.0,1.22803686292455
2.6268781302170283,0.8159161264505802,1.0,0.3236698706328127,0.0,1.2256161725228134
2.6318530884808014,0.8175282913165266,1.0,0.32228639106648416,0.0,1.2231992588166285
2.6368280467445744,0.8191228491396558,1.0,0.31768551715990156,0.0,1.2208180995687323
2.641803005008347,0.8206892356942778,1.0,0.3136637742345272,0.0,1.2184880177623274
2.64677796327212,0.8222437775110044,1.0,0.3116368158001279,0.0,1.216184332859383
2.651752921535893,0.8237899959983993,1.0,0.3102855101772235,0.0,1.213901607032799
2.656727879799666,0.8253310924369748,1.0,0.31150812002653083,0.0,1.211634953733872
2.661702838063439,0.8268894757903161,1.0,0.31437160098940353,0.0,1.2093514662817906
2.6666777963272117,0.8284590636254502,1.0,0.31363160029113146,0.0,1.207060244623148
2.6716527545909847,0.8300100840336134,1.0,0.3079368123088102,0.0,1.2048046394090586
2.6766277128547578,0.8315230092036815,1.0,0.30523420106298715,0.0,1.2026125422045297
2.681602671118531,0.8330471388555423,1.0,0.30655333274248164,0.0,1.2004122616324222
2.686577629382304,0.8345731892757103,1.0,0.30603854964803645,0.0,1.1982172598521363
2.691552587646077,0.8360921968787515,1.0,0.3058133320442238,0.0,1.1960403454704387
2.6965275459098494,0.8376160064025611,1.0,0.30729333344078213,0.0,1.1938644824790952
2.7015025041736225,0.8391497398959584,1.0,0.3083550735730398,0.0,1.1916824286020569
2.7064774624373955,0.8406841136454581,1.0,0.3055881144403969,0.0,1.1895074306372944
2.7114524207011685,0.8421903161264506,1.0,0.30101941447721003,0.0,1.1873800741373701
2.7164273789649416,0.8436792316926771,1.0,0.3028533292511639,0.0,1.1852845992115937
2.7214023372287146,0.8452036814725891,1.0,0.3036898517796516,0.0,1.1831467632248254
2.726377295492487,0.8467009203681473,1.0,0.3024350679869343,0.0,1.1810545801287164
2.7313522537562602,0.8482128851540617,1.0,0.2995072391372702,0.0,1.1789493150865884
2.7363272120200333,0.8496809923969588,1.0,0.2940698427021715,0.0,1.1769122870207909
2.7413021702838063,0.8511388555422169,1.0,0.29384462509834464,0.0,1.1748964266975583
2.7462771285475793,0.8526047218887555,1.0,0.2961289750799665,0.0,1.1728764506308658
2.751252086811352,0.8540853141256503,1.0,0.2988959342126094,0.0,1.170843220766214
2.756227045075125,0.8555787114845939,1.0,0.2957750617025283,0.0,1.1687995348374287
2.761202003338898,0.8570282513005202,1.0,0.2900159258334156,0.0,1.166822678811957
2.766176961602671,0.8584643457382953,1.0,0.2890507075313309,0.0,1.1648707426980924
2.771151919866444,0.8599042817126851,1.0,0.28914722936154647,0.0,1.1629201310735238
2.776126878130217,0.8613413365346139,1.0,0.28740983641779394,0.0,1.1609799246640637
2.7811018363939897,0.8627639855942377,1.0,0.2855437477004301,0.0,1.1590655343723457
2.7860767946577627,0.8641824729891957,1.0,0.2863159223420979,0.0,1.1571630196814953
2.7910517529215357,0.8656128051220489,1.0,0.2848680948889637,0.0,1.1552509321520525
2.7960267111853088,0.8670168867547019,1.0,0.2845141815115255,0.0,1.1533800728415593
2.801001669449082,0.8684436974789916,1.0,0.2843211378511086,0.0,1.151485125521555
2.805976627712855,0.8698458583433374,1.0,0.279720263944526,0.0,1.1496289720854076
2.8109515859766274,0.8712268907563026,1.0,0.28190809209588963,0.0,1.1478066283421429
2.8159265442404005,0.8726508203281312,1.0,0.2797846118313032,0.0,1.1459337190836345
2.8209015025041735,0.8740107242897159,1.0,0.27666373932123633,0.0,1.1441507205906107
2.8258764607679465,0.8754036014405763,1.0,0.2777898273403281,0.0,1.1423302329969698
2.8308514190317196,0.8767747098839536,1.0,0.27669591326461784,0.0,1.1405438463574709
2.8358263772954926,0.8781567026810724,1.0,0.27328547526394686,0.0,1.1387489236794888
2.840801335559265,0.8794938775510204,1.0,0.27222373513163234,0.0,1.1370175796840485
2.845776293823038,0.880865306122449,1.0,0.2721593872448267,0.0,1.1352473449113116
2.8507512520868112,0.8822018407362945,1.0,0.2694246020555795,0.0,1.1335274466956338
2.8557262103505843,0.8835460584233693,1.0,0.26598199011147017,0.0,1.131802909951786
2.8607011686143573,0.8848483393357343,1.0,0.26459851054517003,0.0,1.1301371721516835
2.86567612687813,0.8861787915166066,1.0,0.2672045999608059,0.0,1.1284404564552937
2.870651085141903,0.8875070028011205,1.0,0.26604633799829003,0.0,1.1267516727685898
2.875626043405676,0.8888259303721489,1.0,0.26202459507291564,0.0,1.125079687516883
2.880601001669449,0.8901141256502602,1.0,0.2589680704496402,0.0,1.1234514442397645
2.885575959933222,0.8914026410564225,1.0,0.26019068029896175,0.0,1.1218275041398533
2.890550918196995,0.8927030012004802,1.0,0.26134894226149186,0.0,1.1201933886804794
2.8955258764607676,0.8940030412164865,1.0,0.2608985070538381,0.0,1.118564427520606
2.9005008347245407,0.8952989195678271,1.0,0.2573915472229231,0.0,1.1169453890134409
2.9054757929883137,0.8965640656262505,1.0,0.2515037155801849,0.0,1.1153692617621247
2.9104507512520867,0.8978013605442177,1.0,0.24950893108919558,0.0,1.1138321280709944
2.9154257095158598,0.8990466586634653,1.0,0.250023714183655,0.0,1.1122893237672595
2.920400667779633,0.9002890756302521,1.0,0.24429675225796643,0.0,1.1107543422094117
2.9253756260434054,0.9014773909563826,1.0,0.23763674597356044,0.0,1.109290160831537
2.9303505843071784,0.9026535414165666,1.0,0.24217327199333738,0.0,1.1078447644825766
2.9353255425709515,0.9038869947979191,1.0,0.23889152976624928,0.0,1.1063329882554276
2.9403005008347245,0.9050304921968787,1.0,0.23152369672702378,0.0,1.104935147071776
2.9452754590984975,0.9061906362545018,1.0,0.23345413333120746,0.0,1.1035205617807244
2.95025041736227,0.9073533413365347,1.0,0.23310021995375507,0.0,1.1021064831557201
2.955225375626043,0.9085099639855942,1.0,0.229979347443674,0.0,1.1007033930734704
2.960200333889816,0.9096416166466587,1.0,0.23046195659472346,0.0,1.0993340472772588
2.965175292153589,0.9108030412164866,1.0,0.22814543266970588,0.0,1.0979322144822663
2.9701502504173622,0.9119116446578631,1.0,0.22611847423533504,0.0,1.0965974673732635
2.9751252086811353,0.9130529011604642,1.0,0.22830630238674132,0.0,1.095226792148657
2.980100166944908,0.9141832733093237,1.0,0.22631151789573778,0.0,1.093872562752129
2.985075125208681,0.915304681872749,1.0,0.22341586298949778,0.0,1.0925323772560205
2.990050083472454,0.9164062424969988,1.0,0.2195228158377489,0.0,1.091219105268453
2.995025041736227,0.9174889155662265,1.0,0.2175602052901695,0.0,1.0899314237304458
3.0,0.9185709483793517,1.0,0.21749585740335947,0.0,1.0886475364415942
