K_base,seed,R_mean,R_std,cluster_mean,cluster_std,dominant_cluster,dominant_fraction,switching_rate,memory_score,Kij_mean_final,Kij_std_final,Kij_density_weak,Kij_density_strong,reorganization_score,adaptive_network_score,adaptive_reorganization_score
0.2,0,0.0444674795652576,0.031615740021889,0.0382608695652173,0.1963061533934008,0,0.962608695652174,0.027391304347826,0.6604347826086957,0.2190616258327707,0.1184619069570393,0.4830449915544864,0.0,0.0002010561016852,0.0259504579372594,0.000206273599595
0.2,1,0.0707188776352669,0.0322455964843366,0.0295652173913043,0.1744426718056447,0,0.971304347826087,0.0169565217391304,0.7404347826086957,0.2236543225246077,0.1293708304744334,0.4776084949215143,0.0,8.488004985030748e-05,0.0289343454442052,8.733599853399764e-05
0.2,2,0.0584206458930883,0.0322323285109552,0.0530434782608695,0.2298664032150678,0,0.9482608695652174,0.0330434782608695,0.5095652173913043,0.2186378640966013,0.1187655842044827,0.4871287128712871,0.0,0.0003929890006789,0.0259666536586531,0.0004031936099512
0.2,3,0.0701191158425311,0.0394477153622728,0.0460869565217391,0.2217664092342442,0,0.9565217391304348,0.0243478260869565,0.5717391304347826,0.2218417031625166,0.1228729316808893,0.4826655408862962,0.0,0.0002347621819882,0.02725834043666,0.0002411614094665
0.2,4,0.0592647901939369,0.045318752100303,0.0265217391304347,0.1606808528852518,0,0.9734782608695652,0.0217391304347826,0.8965217391304348,0.2224146188611556,0.1224009896445474,0.4644329500934627,0.0,9.264208390237075e-05,0.0272237694600202,9.516415063682478e-05
0.2,5,0.064262335953527,0.0298046968630399,0.0243478260869565,0.1569221930422435,0,0.9760869565217392,0.0204347826086956,0.8739130434782608,0.2204823251372207,0.1237847430532829,0.4855116981518456,0.0,7.668126443570065e-05,0.0272923479649012,7.87740761870684e-05
0.2,6,0.0659523819638311,0.0320125716713581,0.03,0.1705872210923198,0,0.97,0.0252173913043478,0.7195652173913043,0.2199500737293543,0.1191389983094162,0.482117529804117,0.0,0.0001290529462918,0.0262046314621975,0.0001324347311884
0.2,7,0.0961653080506941,0.0421524877697314,0.0456521739130434,0.2108023200713123,0,0.954782608695652,0.0256521739130434,0.4226086956521739,0.2271931438969732,0.1354729378299152,0.4764097696136282,0.0,0.0002445147611307,0.0307785226585376,0.0002520405642465
0.2,8,0.0531028646247982,0.0268543570259334,0.0169565217391304,0.1419410405034641,0,0.9847826086956522,0.0160869565217391,0.8873913043478261,0.2188801395946104,0.1183693689527336,0.4855498721227621,0.0,3.474738353085825e-05,0.0259087040001002,3.564764320553721e-05
0.2,9,0.0572478383026497,0.0283828263707378,0.0443478260869565,0.2079679341285788,0,0.9560869565217393,0.0260869565217391,0.6047826086956521,0.2198497200420653,0.1206703440729605,0.4854453480181853,0.0,0.0002382392682665,0.02652934136182,0.0002445595991402
0.2,10,0.0841172784179687,0.0356415460925204,0.0339130434782608,0.1810053837881693,0,0.9660869565217391,0.0243478260869565,0.638695652173913,0.2230076729126883,0.1250723643538459,0.4775402231281389,0.0,0.0001494577597087,0.027892096920239,0.0001536264500279
0.2,11,0.0732658260235484,0.0240338243715482,0.0269565217391304,0.1619563758388604,0,0.9730434782608696,0.0191304347826086,0.8339130434782609,0.2237261395014407,0.1317301241832595,0.4802628201837688,0.0,8.351928476056529e-05,0.029471472139566,8.598072103450277e-05
0.2,12,0.0538336367216054,0.0228567763813401,0.0352173913043478,0.1866726864633805,0,0.9652173913043478,0.0234782608695652,0.6573913043478261,0.2192024484853355,0.1192719089304824,0.4814630091438071,0.0,0.0001524434857976,0.0261446944730817,0.0001564290741582
0.2,13,0.0613247047720717,0.0328363679332642,0.0408695652173913,0.1979879891719007,0,0.9591304347826088,0.03,0.71,0.2191064451707376,0.1185590311729326,0.485340936696884,0.0,0.0002427504991633,0.0259770478631879,0.0002490564404988
0.2,14,0.0705836273323621,0.0405993176987546,0.0326086956521739,0.1776101591126977,0,0.967391304347826,0.0217391304347826,0.7091304347826087,0.2221352474482649,0.1243963519558974,0.4768754715051082,0.0,0.0001259051280359,0.0276328144233847,0.0001293842410739
0.2,15,0.0624578072333715,0.0320374629905866,0.0282608695652173,0.1657172073643384,0,0.9717391304347828,0.02,0.6447826086956522,0.2196641349159493,0.120373332834657,0.4848806705483396,0.0,9.366625232402526e-05,0.0264417040240745,9.614294764502142e-05
0.2,16,0.0564591672275164,0.0262756631870269,0.027391304347826,0.1632207731691982,0,0.972608695652174,0.02,0.7495652173913043,0.2198593274167075,0.1209043323514227,0.4818037569739469,0.0,8.941660194612981e-05,0.0265819451925498,9.179346915836588e-05
0.2,17,0.0500028516865063,0.0435559112284523,0.0239130434782608,0.1527783028766443,0,0.9760869565217392,0.0182608695652173,0.8334782608695652,0.2202297860817838,0.118951706279484,0.473026660364584,0.0,6.671415859574733e-05,0.0261967088279939,6.846184998318474e-05
0.2,18,0.0726664250087977,0.031001291609894,0.0417391304347826,0.1999924384203833,0,0.9582608695652174,0.0304347826086956,0.5769565217391305,0.2209418354742106,0.1233593973954149,0.4845679012345679,0.0,0.0002540546749231,0.0272552516835355,0.0002609789990295
0.2,19,0.0724326314610781,0.0300955746847396,0.0352173913043478,0.1843288546431737,0,0.964782608695652,0.0226086956521739,0.5839130434782609,0.2200488245503392,0.1207827135472619,0.4843783942650497,0.0,0.0001467661947254,0.0265780941420753,0.0001506669604657
0.3,0,0.0498359743821391,0.0345207935857211,0.0291304347826086,0.1681720920723318,0,0.9708695652173912,0.0217391304347826,0.7052173913043478,0.3149170452124247,0.1218986208557886,0.0538896242745138,0.0,0.0001064983996895,0.0383879534953746,0.0001105866553041
0.3,1,0.0771685141303998,0.0349369563976329,0.0395652173913043,0.2015155245043346,0,0.9617391304347828,0.0208695652173913,0.7613043478260869,0.3193362913820202,0.1342507803523148,0.0618316232235039,0.0,0.0001609076779381,0.0428711463128504,0.0001678059745419
0.3,2,0.0654038512491377,0.0349051142707839,0.0226086956521739,0.1486524218877085,0,0.977391304347826,0.0191304347826086,0.7991304347826087,0.3152350269231189,0.1234734455121371,0.0505981515147662,0.0,6.429428337578585e-05,0.0389231549203088,6.679681972811181e-05
0.3,3,0.0784026205138917,0.0442567044557913,0.0369565217391304,0.1886550747795447,0,0.9630434782608696,0.0282608695652173,0.7434782608695653,0.3183067715925873,0.1270430389070113,0.0497010558453123,0.0,0.0001970357892323,0.0404386595678022,0.0002050036524357
0.3,4,0.063984662725965,0.051478901777144,0.0504347826086956,0.2188403877530591,0,0.9495652173913044,0.0252173913043478,0.8095652173913044,0.318486108287451,0.127112682531658,0.0536763396831048,0.0,0.0002783285798089,0.040483623573486,0.0002895963292636
0.3,5,0.0813334587924994,0.0362117799936324,0.0417391304347826,0.2021547442993167,0,0.9586956521739132,0.0295652173913043,0.6456521739130435,0.3176343126988309,0.1303086259585447,0.0559851452408811,0.0,0.000246865726341,0.0413904908450713,0.0002570836199271
0.3,6,0.0732416996278794,0.0364765983636105,0.0308695652173913,0.1827427044514931,0,0.9708695652173912,0.0234782608695652,0.7308695652173913,0.316496330044312,0.1231774712244681,0.0503073562284088,0.0,0.0001249835789917,0.0389852175866829,0.0001298560910134
0.3,7,0.1381488317248876,0.0550038313021697,0.0713043478260869,0.2623523078979052,0,0.93,0.04,0.3760869565217391,0.3295322311521678,0.1534806270268045,0.0582100751631077,0.0,0.0007345864804787,0.0505768134627766,0.0007717395238742
0.3,8,0.0587168767316841,0.0278691128643217,0.0578260869565217,0.2461080802118403,0,0.9452173913043478,0.0356521739130434,0.4160869565217391,0.3152259439581773,0.1221766230398382,0.0520605443907402,0.0,0.0004806784037941,0.0385132413273554,0.0004991908871602
0.3,9,0.0657999703056656,0.034791664725144,0.037391304347826,0.1897187252408004,0,0.962608695652174,0.028695652173913,0.7452173913043478,0.3159577778269175,0.1254979294160249,0.0527380528271158,0.0,0.0002035621024561,0.0396520469001665,0.0002116337564898
0.3,10,0.0949443514248563,0.0415801456094045,0.0413043478260869,0.2011662593332686,0,0.9591304347826088,0.0304347826086956,0.638695652173913,0.3194585403584862,0.1315439372122387,0.0557331303906646,0.0,0.0002502219338194,0.0420228341748301,0.0002607369686512
0.3,11,0.1154231112621903,0.0325083542753746,0.0413043478260869,0.2033160817828516,0,0.9595652173913044,0.0252173913043478,0.6039130434782609,0.3250499168424936,0.1490499256294819,0.0607831156597673,0.0,0.000207313230364,0.0484486659312429,0.0002173572798051
0.3,12,0.0588063706802882,0.0215813179511227,0.0217391304347826,0.1458305202717254,0,0.9782608695652174,0.0208695652173913,0.8573913043478261,0.3149731803133972,0.1229316945629306,0.056174346455091,0.0,6.616129781146514e-05,0.0387201867978014,6.872307562151003e-05
0.3,13,0.0691005447026698,0.0371313473255522,0.0334782608695652,0.1846526397144031,0,0.967391304347826,0.0226086956521739,0.758695652173913,0.3155120813876477,0.1230324460268517,0.0512699846101013,0.0,0.0001361333320867,0.0388182231241454,0.0001414177861462
0.3,14,0.0833217477156003,0.045057205748417,0.0252173913043478,0.1567848030905777,0,0.974782608695652,0.0130434782608695,0.7578260869565218,0.3187211230755982,0.1303557058190467,0.056077376116978,0.0,5.157005260731537e-05,0.0415471169579588,5.37126396145196e-05
0.3,15,0.0693975814033141,0.0341326602156603,0.0291304347826086,0.1732656428342546,0,0.9717391304347828,0.0226086956521739,0.8582608695652174,0.3158068335392843,0.1239597564854295,0.0511041812511932,0.0,0.0001107065971045,0.0391473381819642,0.0001150404657003
0.3,16,0.0611083964149592,0.029729465217161,0.0265217391304347,0.1606808528852518,0,0.9734782608695652,0.0191304347826086,0.8160869565217391,0.3160447266265604,0.1253132475785283,0.0531501826838614,0.0,8.152503434547055e-05,0.0396045910736424,8.475379999298756e-05
0.3,17,0.0552030087165496,0.0476873962569829,0.0321739130434782,0.181322593180584,0,0.9686956521739132,0.0239130434782608,0.7139130434782609,0.3160499341214821,0.1221436544588635,0.0560049782202862,0.0,0.0001357348769418,0.0386034939450809,0.0001409747174419
0.3,18,0.0986026493063841,0.0343820588318434,0.0443478260869565,0.205866695723999,0,0.9556521739130436,0.0308695652173913,0.5260869565217391,0.3195580929721983,0.1331702021636186,0.050178117048346,0.0,0.0002818311264138,0.042555615844128,0.0002938246235624
0.3,19,0.0853463610617167,0.0321489421119594,0.0443478260869565,0.2100481536293528,0,0.9565217391304348,0.0304347826086956,0.6978260869565217,0.3170131046489155,0.125703520140789,0.0514270465346786,0.0,0.0002779465262224,0.039849663185129,0.0002890226016758
0.4,0,0.0604632894155974,0.0364434218078241,0.0347826086956521,0.183228760919178,0,0.9652173913043478,0.0243478260869565,0.6656521739130434,0.412707241827702,0.1278744453972715,0.0218846680529492,0.0,0.0001551729456771,0.052774709660155,0.0001633621528323
0.4,1,0.0907506195315309,0.0373233210550756,0.0352173913043478,0.1866726864633805,0,0.9652173913043478,0.0247826086956521,0.6673913043478261,0.41721092129079,0.1435029853595016,0.0278446375636575,0.0,0.0001609125679812,0.0598710127298164,0.0001705465663872
0.4,2,0.0789577349900874,0.042619046168858,0.0434782608695652,0.2060520975838745,0,0.9569565217391304,0.0291304347826086,0.5121739130434783,0.414315211922204,0.133149117934414,0.0211453186367667,0.0,0.0002583636314162,0.0551657050142512,0.0002726164432933
0.4,3,0.091462338665645,0.0501548315648158,0.047391304347826,0.2145109177581158,0,0.9530434782608695,0.0295652173913043,0.5391304347826087,0.4170004246041628,0.1342839457568672,0.0202279924002533,0.0,0.0002978011783176,0.055996462398136,0.0003144769908013
0.4,4,0.1096291149856946,0.0398401306290804,0.0617391304347826,0.2424808764115859,0,0.938695652173913,0.0378260869565217,0.5460869565217391,0.4200831409105205,0.1503279025919264,0.0264164323886229,0.0,0.0005622897900902,0.0631502174873072,0.0005977985126253
0.4,5,0.1100952557927589,0.0401545885176974,0.0382608695652173,0.1940786970347908,0,0.9621739130434782,0.0234782608695652,0.6017391304347826,0.4179891033594244,0.1455586439332166,0.0240605500639167,0.0,0.0001723595004734,0.0608419270638589,0.00018284618463
0.4,6,0.0817721520940844,0.0437718728941212,0.0404347826086956,0.1969766761931045,0,0.9595652173913044,0.028695652173913,0.6330434782608696,0.4147784507829232,0.1295670541980338,0.0210908538822606,0.0,0.0002285525294152,0.0537416220127675,0.0002408353130611
0.4,7,0.1961710277145555,0.0742931063507536,0.138695652173913,0.3675749476705525,0,0.8686956521739131,0.0765217391304347,0.298695652173913,0.4422269762177743,0.1850028720168167,0.0225238305662521,0.0,0.0036932597115128,0.0818132606836007,0.003995417331063
0.4,8,0.0661498781005157,0.0288630895342684,0.0339130434782608,0.1857473536691305,0,0.9669565217391304,0.0243478260869565,0.678695652173913,0.4133816117909258,0.1300309243375747,0.0213014150225693,0.0,0.0001494405991842,0.0537523930853305,0.0001574733890144
0.4,9,0.0764791761030923,0.045988628033297,0.0269565217391304,0.1672393437850102,0,0.9739130434782608,0.0243478260869565,0.7608695652173914,0.4145239077768574,0.1327715282050613,0.0217760324296934,0.0,0.0001062238597725,0.0550369727130672,0.0001120700994443
0.4,10,0.1078518830839484,0.0449382102261415,0.0543478260869565,0.2342485875221954,0,0.947391304347826,0.0365217391304347,0.5808695652173913,0.4172505873233522,0.144870385484518,0.0228213672624457,0.0,0.0004500761264209,0.0604472534291755,0.0004772819920971
0.4,11,0.1971588906848355,0.0502184026013852,0.1504347826086956,0.382184547509953,0,0.8586956521739131,0.077391304347826,0.1121739130434782,0.4415904573259344,0.1958032958741873,0.0284158390822025,0.0,0.00417946623046,0.0864648669710076,0.0045408432220866
0.4,12,0.070561821634918,0.0225805236503647,0.0382608695652173,0.1918253774278336,0,0.9617391304347828,0.0234782608695652,0.6204347826086957,0.4133298357972723,0.1311499312502883,0.0225499138542616,0.0,0.0001723164900496,0.0542081795485052,0.0001816574532814
0.4,13,0.0824651866570064,0.0452939518730517,0.0352173913043478,0.1979760540025285,0,0.967391304347826,0.0278260869565217,0.7556521739130435,0.4140717397457267,0.1321295368785062,0.0209707852647308,0.0,0.0001796380138682,0.0547111072070802,0.0001894662085034
0.4,14,0.1143353527484179,0.0630318172490423,0.0704347826086956,0.2707393783033476,0,0.9334782608695652,0.0430434782608695,0.5417391304347826,0.4220028385627953,0.1457272855554185,0.0254219103038259,0.0,0.0007752153985697,0.0614973281604376,0.0008228890743306
0.4,15,0.082501482229293,0.0385244313400894,0.0482608695652173,0.2280761157065018,0,0.954782608695652,0.0339130434782608,0.6373913043478261,0.4140546603918995,0.1306063752333723,0.0206869435072677,0.0,0.0003497454641147,0.0540781783422709,0.0003686590616975
0.4,16,0.0691355641553652,0.0333204592299246,0.027391304347826,0.1632207731691982,0,0.972608695652174,0.02,0.6830434782608695,0.4142822253995977,0.1319273530472006,0.0224278425100906,0.0,8.941660194612981e-05,0.0546551574114726,9.430368040069452e-05
0.4,17,0.0636102241394011,0.050020151747833,0.0243478260869565,0.1541266020250749,0,0.9756521739130436,0.02,0.8965217391304348,0.4135782968318317,0.1286994475963911,0.0235365575886417,0.0,7.50529577822494e-05,0.053227298340113,7.904782395743309e-05
0.4,18,0.1387034065937413,0.043349747207321,0.0578260869565217,0.242549081034695,0,0.9443478260869566,0.0426086956521739,0.4747826086956522,0.4230261678295122,0.1550397660113848,0.0216591899917861,0.0,0.0005751485338195,0.0655858780769804,0.0006128701554348
0.4,19,0.1074327888792275,0.0363144126916567,0.0491304347826086,0.2201267035038301,0,0.9517391304347826,0.0313043478260869,0.4539130434782609,0.4168573696748113,0.135949657465653,0.0208125229177993,0.0,0.0003325619415124,0.0566716166193237,0.000351408764364
0.5,0,0.0817356464785099,0.0362781028958687,0.0330434782608695,0.1787501239308465,0,0.9669565217391304,0.0226086956521739,0.6773913043478261,0.5123900039175247,0.1383076444266829,0.0139731150192035,0.0,0.0001335388508544,0.0708674544696117,0.0001430024092873
0.5,1,0.2158881200377256,0.0684224161516017,0.2139130434782608,0.4562392500740467,0,0.8047826086956522,0.0939130434782608,0.1556521739130434,0.5465684013454178,0.217088367648851,0.0173554656482776,0.0,0.0083644438374933,0.1186536420565188,0.009356915562589
0.5,2,0.1118028461024583,0.0486918482155938,0.0556521739130434,0.2311375665468232,0,0.9447826086956522,0.0360869565217391,0.5534782608695652,0.5169305140292576,0.150073665489601,0.0125983656174334,0.0,0.000460571107086,0.0775776570437943,0.0004963011344758
0.5,3,0.126132951377236,0.0555184861576389,0.0521739130434782,0.2262541188044815,0,0.948695652173913,0.0404347826086956,0.4134782608695652,0.5198300534401228,0.1497709166445449,0.0120745879657026,0.0,0.0004693596902014,0.0778554236031099,0.0005059018877043
0.5,4,0.2826837843284447,0.0537819157622756,0.3634782608695652,0.5942229759775232,0,0.6939130434782609,0.1717391304347826,0.0865217391304347,0.5707993300565688,0.2391464446848086,0.0116102280580511,0.0,0.0312365833879008,0.136504630411499,0.0355005216585842
0.5,5,0.1727667364018841,0.0606800122763014,0.1217391304347826,0.3400211268872548,0,0.8826086956521739,0.0717391304347826,0.1813043478260869,0.5294687731439679,0.1790887754073198,0.0131324058466879,0.0,0.0028635049931909,0.0948219141987692,0.003135028017963
0.5,6,0.102917069828029,0.0566134625269374,0.0560869565217391,0.2356902744748743,0,0.9452173913043478,0.0352173913043478,0.5539130434782609,0.5153061965684012,0.1475669529167261,0.0130712357112215,0.0,0.0004547173931178,0.0760421652467064,0.0004892950882659
0.5,7,0.2367345253307671,0.0582771408490544,0.2047826086956521,0.4627645618427826,0,0.8169565217391305,0.1030434782608695,0.1595652173913043,0.5546886686158196,0.2317292649140787,0.0193884501854328,0.0,0.0087284045623973,0.1285375974345128,0.0098503327142844
0.5,8,0.0835773093278026,0.0381604572713251,0.05,0.2199308191622795,0,0.9504347826086956,0.0313043478260869,0.48,0.5147021882548869,0.1501005984859857,0.014964199573173,0.0,0.0003412461666067,0.077257106499105,0.0003676098580427
0.5,9,0.1083382318426103,0.0569088417425897,0.0739130434782608,0.2665681922777275,0,0.927391304347826,0.0434782608695652,0.488695652173913,0.5172800204991074,0.1547882344448517,0.0132637722168184,0.0,0.0008415290951657,0.0800688610866535,0.0009089093713869
0.5,10,0.2523065372549549,0.0605871726116656,0.2660869565217391,0.5442005634948649,0,0.7747826086956522,0.1265217391304348,0.0865217391304347,0.5565795342648658,0.2377694575061306,0.0152466254890367,0.0,0.0155069385989507,0.132337613921172,0.017559089852358
0.5,11,0.3238263647140356,0.0446153764783006,0.4660869565217391,0.6680128814849813,0,0.6260869565217392,0.208695652173913,0.0865217391304347,0.5914571544619514,0.2827850736089637,0.0202435771621247,0.0,0.0521277351225576,0.1672552549610711,0.0608463727510241
0.5,12,0.1031050123414833,0.0570556777837121,0.0521739130434782,0.2262541188044815,0,0.948695652173913,0.0369565217391304,0.5273913043478261,0.5173651953401659,0.1533249987166866,0.0134231568343511,0.0,0.0004289846640858,0.0793250179115892,0.0004630138802482
0.5,13,0.1020441025871157,0.0432390838644659,0.0743478260869565,0.2623360951967918,0,0.9256521739130434,0.0482608695652173,0.3782608695652174,0.5148933595642265,0.145666582689394,0.0128072477666178,0.0,0.0009412857327234,0.0750027561371823,0.0010118847569903
0.5,14,0.135219701660363,0.0765347502497338,0.1126086956521739,0.3525277342318565,0,0.8982608695652174,0.0591304347826086,0.4330434782608696,0.525169547133588,0.1648443299484358,0.0149913922014601,0.0,0.0021207642351465,0.0865712221065598,0.002304361386783
0.5,15,0.1317834139731418,0.0414482285091165,0.0543478260869565,0.2323851018003356,0,0.9469565217391304,0.0395652173913043,0.3660869565217391,0.5183751747460085,0.1510726533397779,0.0136362489593057,0.0,0.0004877012221917,0.0783123130743505,0.0005258942329908
0.5,16,0.094269279469902,0.0393454302977166,0.0443478260869565,0.205866695723999,0,0.9556521739130436,0.028695652173913,0.6995652173913044,0.514166811496947,0.1464642305387708,0.0130424352612906,0.0,0.0002619838646333,0.0753070464144735,0.0002817130956871
0.5,17,0.1044749163587581,0.0464261880192712,0.0482608695652173,0.2163361348721424,0,0.9521739130434784,0.0313043478260869,0.5130434782608696,0.5152562192231201,0.154204270150389,0.015574671264542,0.0,0.0003238907831607,0.0794547092257501,0.0003496254311576
0.5,18,0.1940419704704475,0.0591853052774319,0.14,0.3781649053682452,0,0.871304347826087,0.0908695652173913,0.1869565217391304,0.5368760020535682,0.1916212331073859,0.0123321767989138,0.0,0.0044224563257383,0.1028768415392682,0.0048774246643756
0.5,19,0.1367980414324327,0.0508860559549921,0.0626086956521739,0.2475834052053596,0,0.938695652173913,0.0413043478260869,0.4582608695652174,0.5203655893868192,0.1529258976482896,0.0129858690591536,0.0,0.0006269148947102,0.0795773748622606,0.0006768031362933
0.6,0,0.1203014481917283,0.0664044096881985,0.0595652173913043,0.2366795349590475,0,0.9404347826086956,0.0417391304347826,0.3934782608695652,0.617236021710606,0.1572949393892412,0.0092010659158328,0.003921765800191,0.0005884327633949,0.0970881026238261,0.0006455625839146
0.6,1,0.4965258050299279,0.0279726405862591,1.9639130434782608,1.1699135573062645,2,0.3369565217391304,0.4534782608695652,0.0865217391304347,0.8026678487959648,0.3681251697142851,0.0183982819897773,0.0295879538347545,0.3517646995304128,0.2954822380622147,0.4557049202189416
0.6,2,0.1310846454881272,0.0718592856684257,0.0634782608695652,0.2491133615820608,0,0.9378260869565216,0.037391304347826,0.5591304347826087,0.6238532119212473,0.182209694683191,0.0066352497643732,0.0061074458058435,0.0005791297169507,0.1136721032712985,0.0006449606099434
0.6,3,0.2087379652917056,0.1153593755211225,0.28,0.5889120403798412,0,0.7834782608695652,0.1256521739130434,0.2330434782608695,0.6498935708667984,0.197908974864182,0.0030102725550942,0.005017120925157,0.0160221926937783,0.1286197703810707,0.0180829634390533
0.6,4,0.3555510170238944,0.0598948771173397,0.6182608695652174,0.7770717172090362,0,0.5417391304347826,0.2369565217391304,0.0865217391304347,0.709312022392317,0.3003672578246703,0.0049779315879225,0.0235981542782626,0.0843805875992748,0.2130541071080514,0.102358218347491
0.6,5,0.1388525282093491,0.0657650032671904,0.11,0.3446296058341351,0,0.9004347826086957,0.0591304347826086,0.4669565217391304,0.62209177823184,0.1745310940312741,0.0102245892579008,0.0051750992312716,0.0020289498347097,0.1085743586426637,0.0022492417617315
0.6,6,0.1764313909308393,0.0590953508320815,0.108695652173913,0.3289152705462118,0,0.8969565217391304,0.0626086956521739,0.2908695652173913,0.6300246837291947,0.1761490860090793,0.0067781292363307,0.004631721644826,0.0021219698549135,0.1109782722020569,0.0023574624030767
0.6,7,0.5056862411196344,0.0332290884212627,1.9134782608695653,1.2839785610280197,2,0.2939130434782608,0.4352173913043478,0.0865217391304347,0.8120173514661907,0.3777141579455146,0.0127020785219399,0.0402274324731398,0.3945683117369623,0.3067104501461992,0.5155865362432318
0.6,8,0.2344007735443994,0.0831908310898362,0.26,0.5023942674832188,0,0.768695652173913,0.1326086956521739,0.0865217391304347,0.6560126675673505,0.2331885105823925,0.0055238908278303,0.0121651141185627,0.0154099233377233,0.1529746168732127,0.0177672504563572
0.6,9,0.2646325628033921,0.0519040227702676,0.3726086956521739,0.6226431554709491,0,0.6982608695652174,0.1673913043478261,0.1478260869565217,0.6615077084081642,0.2549949355356374,0.0090328902736249,0.0124374984296087,0.0314487761255474,0.168681115461867,0.0367535907623153
0.6,10,0.3789257715465298,0.045255872559696,0.9786956521739132,0.9150804400271196,1,0.3978260869565217,0.3182608695652174,0.0865217391304347,0.7270462818428647,0.3390133607131113,0.0176929944795845,0.0284446009330633,0.1753736965261404,0.2464784034015214,0.2185995252445265
0.6,11,0.5708532366026272,0.0277376414445926,3.266086956521739,1.381422515507695,3,0.2821739130434783,0.5404347826086957,0.0865217391304347,0.8688083324341525,0.3841192231981904,0.0134082556724823,0.0362988698935116,0.5359065447283475,0.3337259817627218,0.7147524825008833
0.6,12,0.3028656105320481,0.0784678993159336,0.5360869565217391,0.7649963860695245,0,0.6043478260869565,0.1982608695652173,0.1334782608695652,0.6855573527459741,0.2890153803908992,0.0079017672365136,0.0178855874274103,0.0600081100122017,0.1981366190836556,0.0718979140476194
0.6,13,0.3028450119933387,0.0474896686776289,0.4673913043478261,0.6661225725521663,0,0.6160869565217392,0.2030434782608695,0.0969565217391304,0.674933356698974,0.2663284180743422,0.0098423219845334,0.0121397007130661,0.0519249473521762,0.1797539331952435,0.0612586608696858
0.6,14,0.4169433357171119,0.058361142059252,1.1269565217391304,1.025952091357981,1,0.3634782608695652,0.3382608695652174,0.0865217391304347,0.7420039724707482,0.318579289666949,0.0086377654639821,0.0204473083770027,0.2208981527210955,0.2363870984797853,0.2731156261023797
0.6,15,0.2025823362285111,0.0653421117378567,0.1508695652173913,0.3882224042487509,0,0.8604347826086957,0.0834782608695652,0.2360869565217391,0.6365500777043479,0.188653783623422,0.0071350509377316,0.0047232027334279,0.0045230479216037,0.1200875806247085,0.0050662098035587
0.6,16,0.2389195778309245,0.0468788893048626,0.2130434782608695,0.4381823601177214,0,0.7991304347826087,0.1191304347826087,0.0965217391304347,0.6547334628465578,0.2536739956021585,0.0143821580780206,0.0129741146298228,0.0104855631508874,0.1660888535747237,0.0122270983137037
0.6,17,0.3230857745751497,0.0479212352117907,0.4917391304347826,0.6993298169080417,0,0.6073913043478261,0.2221739130434782,0.0865217391304347,0.6872972047035046,0.2825271962139596,0.0132427886425827,0.0133055506740642,0.0610007290846439,0.194180152210573,0.072845859943256
0.6,18,0.308823208044423,0.0569592300972224,0.5143478260869565,0.7548470970246745,0,0.611304347826087,0.21,0.0865217391304347,0.6832519850962973,0.274101449170952,0.0109615529494487,0.0159463599608246,0.0616152150740198,0.1872803592638248,0.0731545346892001
0.6,19,0.1476328702077859,0.0786156831954936,0.1034782608695652,0.3130301929548063,0,0.8991304347826087,0.0539130434782608,0.4030434782608695,0.6242783446455705,0.1734930002802354,0.0085751233537144,0.0059385554118695,0.0017023162113339,0.1083079230225389,0.0018866905445111
0.7,0,0.1863436391559438,0.0819350348327242,0.2534782608695652,0.5171923256403977,0,0.7843478260869565,0.1130434782608695,0.2269565217391304,0.7359904399075734,0.2304786244541916,0.0027342623135872,0.0190394962936948,0.0126081517778069,0.1696300642013329,0.0147468733733364
0.7,1,0.7989450864928155,0.0309136471687159,8.675217391304347,1.9622953940756696,8,0.2034782608695652,0.5565217391304348,0.0865217391304347,1.237471520210396,0.3646052448570909,0.0010526315789473,0.2932205513784461,0.869849568158792,0.4511886066299879,1.262315782794054
0.7,2,0.4674405702664784,0.0467566069440578,1.6860869565217391,1.1503033215500154,1,0.328695652173913,0.4169565217391304,0.0865217391304347,0.8996234706998014,0.3993181476574158,0.0103732878430585,0.1339872560333149,0.3219753366901283,0.3592359779089801,0.4376404616285796
0.7,3,0.6123888764424648,0.0455273083210679,4.179565217391304,1.4982365815992962,4,0.2726086956521739,0.5604347826086956,0.0865217391304347,1.012671051827906,0.3938966399586278,0.0062544652369552,0.1301655741197999,0.6107642153637433,0.3988877246983817,0.8543905635573792
0.7,4,0.6072059046814238,0.0364541341086019,4.058260869565218,1.526888430689406,4,0.2582608695652174,0.5682608695652174,0.0865217391304347,1.0211416936243332,0.4178377969878081,0.0068926624475217,0.1945861269503101,0.6435854951254182,0.4266715956763906,0.9181851452847604
0.7,5,0.5829891281319465,0.0412565928585385,4.175652173913043,1.8119214545001343,4,0.2134782608695652,0.538695652173913,0.0865217391304347,0.9854855118213718,0.4036998521028254,0.0089411115569823,0.1410764446227929,0.7677035862956885,0.397840355371765,1.0731270538877438
0.7,6,0.2035103287164611,0.0561771393770794,0.1504347826086956,0.3956005699744165,0,0.8630434782608696,0.0856521739130434,0.0969565217391304,0.735855895843288,0.2173897773762498,0.0057890573003654,0.0185727022716712,0.0046406415229442,0.1599675493783732,0.0053829935749131
0.7,7,0.7518825888405932,0.028971782485862,6.980869565217391,1.5420424430054596,7,0.2634782608695652,0.5547826086956522,0.0865217391304347,1.1886109088793022,0.3995962411069435,0.0024689810753227,0.3043113172076701,0.6300931184181283,0.4749644513268768,0.9293649506924356
0.7,8,0.4282996494357426,0.0331724019649283,1.2378260869565216,1.014441189165736,1,0.3695652173913043,0.358695652173913,0.0865217391304347,0.8604642462818369,0.3723059847719098,0.0070991370660244,0.1079670880995384,0.2293998631233786,0.3203559885729784,0.3028894830527745
0.7,9,0.5137262801491201,0.0588889890841174,2.508695652173913,1.573534665063026,2,0.2304347826086956,0.4752173913043478,0.0865217391304347,0.9330419277603998,0.3953647754360537,0.0048122109853753,0.1396794365702971,0.5754585831348659,0.3688919122414131,0.7877406002832208
0.7,10,0.6953531376608166,0.0316766522764681,5.671739130434783,1.4810635196838704,6,0.2660869565217391,0.5891304347826087,0.0865217391304347,1.1245253283985337,0.4246494475602331,0.0055517958743765,0.2907612101160488,0.6403681910230278,0.4775290594719269,0.9461626109979936
0.7,11,0.7472690420240627,0.0277304361314741,7.031739130434783,1.7777224123651396,7,0.2191304347826086,0.5891304347826087,0.0865217391304347,1.1616981641188464,0.3797388015724059,0.0015413920148374,0.1716208426276347,0.8178128006856281,0.4411418686313548,1.178584267770728
0.7,12,0.6957546769662396,0.0402414916379267,6.075217391304348,1.803618029467238,6,0.2178260869565217,0.6126086956521739,0.0865217391304347,1.1154618710315742,0.4023431927715813,0.0017669394353312,0.2310555270116167,0.8642334132314027,0.4487984906058055,1.2521000646207596
0.7,13,0.553204397354735,0.0335301734402021,2.7991304347826085,1.344101164164553,2,0.2730434782608695,0.5608695652173913,0.0865217391304347,0.9535346401517616,0.3868627097469085,0.0051881649686078,0.1048034387257666,0.5480273958661847,0.3688869947266538,0.7501875749551357
0.7,14,0.5321421793797233,0.0583087275050432,2.887826086956521,1.5837571084133784,3,0.2308695652173913,0.4847826086956521,0.0865217391304347,0.9315279235437448,0.3682459043943355,0.0032581861928094,0.0813418714520232,0.5905213532281993,0.3430313426739437,0.7930886859037027
0.7,15,0.3515056588833281,0.0731207035312785,0.8226086956521739,0.8914142031982192,0,0.4421739130434782,0.2778260869565217,0.0865217391304347,0.7993609087765968,0.2793213701408457,0.003810192264307,0.0229990223848795,0.1381501604419456,0.2232785842765106,0.1689961326829961
0.7,16,0.5291208789163981,0.0412455009932055,2.444782608695652,1.4631691915755347,2,0.297391304347826,0.4817391304347826,0.0865217391304347,0.9459976016268116,0.4057833995526633,0.0092159542587739,0.1447845222123305,0.495244879336799,0.3838701227567938,0.6853545919624896
0.7,17,0.6723802636472203,0.031378419595536,5.154782608695652,1.5323890684447103,5,0.2495652173913043,0.6008695652173913,0.0865217391304347,1.0703467747920532,0.3900811568070272,0.0025187969924812,0.1386340852130325,0.6909747991483244,0.4175221080955548,0.9794720539296352
0.7,18,0.5837316388808079,0.0422575737110387,3.444782608695652,1.500143093363799,3,0.247391304347826,0.578695652173913,0.0865217391304347,0.9871696549326212,0.395629862122681,0.0041982054238307,0.1398942302872324,0.6533593927225086,0.3905537944726875,0.9085313827046552
0.7,19,0.3859105324646382,0.0517192068982848,1.095217391304348,1.019408906160041,1,0.3552173913043478,0.3278260869565217,0.0865217391304347,0.8398633074710727,0.3704195176412313,0.0112242594496977,0.0961022348190323,0.2154791480122777,0.3111017612380039,0.2825150904689619
0.8,0,0.8351571457267528,0.0317097013149573,9.034347826086956,1.9001471935820875,9,0.2313043478260869,0.5008695652173913,0.0865217391304347,1.3879647552905543,0.3292699701920314,0.0001378446115288,0.5207769423558897,0.7315875618514867,0.457015113602111,1.0659341345409352
0.8,1,0.89680840602286,0.0172986487399892,9.199130434782608,1.8205109484486903,10,0.2365217391304347,0.3965217391304347,0.0865217391304347,1.5047478058584374,0.2879406393051114,5.012531328320802e-05,0.7191228070175438,0.5511337083150663,0.4332780452118421,0.7899278441041717
0.8,2,0.8015021471926607,0.0250244632136945,8.19,1.8907061022849088,8,0.2278260869565217,0.5452173913043479,0.0865217391304347,1.367289292890253,0.3818157306712661,0.0002631578947368,0.5428571428571428,0.7959922742809614,0.5220525604038907,1.2115420791310534
0.8,3,0.8207961179849105,0.0232415731618975,8.518260869565218,1.7345884167217682,8,0.2091304347826087,0.5495652173913044,0.0865217391304347,1.3754830411690993,0.3577139005841276,0.0002130325814536,0.5490601503759398,0.7539118049902371,0.4920294038439167,1.1248585809504743
0.8,4,0.8150552754503563,0.0262714109458007,8.434347826086956,2.1226610167571485,9,0.1817391304347826,0.5321739130434783,0.0865217391304347,1.3849047593686885,0.3723089732777339,0.0006015037593984,0.5674436090225564,0.9243277887027186,0.5156124690480035,1.4009227220454086
0.8,5,0.8489996665260078,0.0243622363892722,8.971739130434782,2.104566778045168,9,0.1760869565217391,0.4778260869565217,0.0865217391304347,1.4282164524770231,0.3388967480882898,0.0002130325814536,0.6072055137844612,0.8285408892180549,0.4840179113106567,1.2295695198528522
0.8,6,0.7421513517798489,0.0324414972673731,7.035652173913044,1.496238257262283,7,0.278695652173913,0.5339130434782609,0.0865217391304347,1.2700336478164105,0.3976775909266535,0.0014035087719298,0.4104887218045113,0.576222001473213,0.50506392145942,0.8672509451684698
0.8,7,0.8779950020376579,0.0218535791938179,8.193478260869565,1.8919626540473835,8,0.2413043478260869,0.3295652173913043,0.0865217391304347,1.4810433008438302,0.3112271814617468,0.0002380952380952,0.6697368421052632,0.4730657712151997,0.4609409321444272,0.6911211487647564
0.8,8,0.7449259938265483,0.0275071169708858,6.998695652173913,1.7022997343691475,7,0.2304347826086956,0.5604347826086956,0.0865217391304347,1.2916643172893696,0.418828926685831,0.0014411027568922,0.4660902255639098,0.7341867523412671,0.5409863796486933,1.131371785476401
0.8,9,0.8111153329795894,0.0281573367968158,8.059565217391304,1.862074528609024,8,0.2034782608695652,0.5078260869565218,0.0865217391304347,1.3721988797329254,0.3700294922543884,0.0004010025062656,0.5427443609022556,0.7531989403355273,0.5077540547396151,1.1356387563164727
0.8,10,0.8546230065199117,0.0212594134666792,8.570434782608695,1.8640290123252292,8,0.2139130434782608,0.4552173913043478,0.0865217391304347,1.450326670040719,0.3418503562731975,0.0003508771929824,0.6435839598997494,0.6670249889199891,0.4957946888659399,0.997732435767382
0.8,11,0.8551046404928077,0.0268652978809404,8.708695652173914,1.8250462873173,8,0.2065217391304347,0.4413043478260869,0.0865217391304347,1.4045985074563088,0.3045386558723019,2.506265664160401e-05,0.5555388471177944,0.639068076395088,0.4277545415009857,0.9124323484013857
0.8,12,0.824037299801375,0.0242114484149256,7.967391304347826,1.835466336647955,8,0.2169565217391304,0.4830434782608696,0.0865217391304347,1.396363007785908,0.3664595530033972,0.0004511278195488,0.5797368421052631,0.6942542137488938,0.511710563663703,1.0495114287922414
0.8,13,0.7770439034851171,0.0278366649385486,7.915652173913044,1.8325127108805417,8,0.2021739130434782,0.6139130434782609,0.0865217391304347,1.3161104813114792,0.3802402344037703,0.0005263157894736,0.4649498746867168,0.8975571062154671,0.5004381579151358,1.3467289310735755
0.8,14,0.8532799864729369,0.0261302998979244,8.691739130434783,1.924492371631753,9,0.2030434782608695,0.4147826086956522,0.0865217391304347,1.432397622637315,0.3275381590614127,0.0001629072681704,0.5985964912280701,0.636167330344655,0.4691648803625703,0.9346346997763808
0.8,15,0.7281109702204531,0.0447546000271172,6.657391304347826,1.6213285410999383,7,0.2430434782608695,0.5008695652173913,0.0865217391304347,1.223827207059691,0.3635312308603257,0.0001629072681704,0.2791979949874686,0.6147048035984193,0.4448994109427642,0.8881866086230435
0.8,16,0.831957249829328,0.0254736409158003,8.986521739130435,1.8859413718944344,9,0.2030434782608695,0.5208695652173913,0.0865217391304347,1.4097807060444392,0.3580308549464507,0.000125313283208,0.5861027568922306,0.7828738730624901,0.5047449914721015,1.1780255394451478
0.8,17,0.8048779095015348,0.0246477494320985,7.873478260869565,1.7547676885650014,8,0.2447826086956522,0.5382608695652173,0.0865217391304347,1.3490824002545498,0.3651822041100666,0.0002255639097744,0.5263659147869674,0.7133200327233993,0.4926608844510556,1.064744910941565
0.8,18,0.771143401770018,0.0223157692463694,7.65695652173913,1.598686783861132,7,0.2591304347826087,0.578695652173913,0.0865217391304347,1.3141415639589682,0.3955365365222039,0.0004761904761904,0.4937092731829574,0.685417769479288,0.5197910027082027,1.041691759150947
0.8,19,0.840595090465301,0.0331902070146489,8.545652173913043,1.9860608294177315,8,0.1956521739130435,0.4369565217391304,0.0865217391304347,1.4166230919528269,0.3373797506469373,0.0001629072681704,0.5663032581453634,0.6980309273243112,0.4779399455237381,1.0316477907035768
0.9,0,0.9098441104611684,0.0180928453493993,8.519130434782609,1.4028167720804616,9,0.2891304347826087,0.3478260869565217,0.0865217391304347,1.6312963411497776,0.2566016994273327,0.0,0.8272681704260652,0.3468590440749596,0.4185934134086229,0.4920519553059489
0.9,1,0.9303548618254096,0.0120242526588781,7.807391304347826,1.7196655827358192,8,0.24,0.2552173913043478,0.0865217391304347,1.678914559921714,0.2377789750443902,0.0,0.8847869674185463,0.3335553099026431,0.3992105832452886,0.4667141197134403
0.9,2,0.8964037922623856,0.0193152973180799,7.836086956521739,1.7635444524924295,8,0.258695652173913,0.2665217391304348,0.0865217391304347,1.6173907136678751,0.2804844805926514,0.0,0.7956140350877193,0.3484300462391286,0.4536529942385117,0.5064963799981724
0.9,3,0.8879196380479942,0.0167634353776666,9.51,2.16521612537068,10,0.1782608695652174,0.4434782608695652,0.0865217391304347,1.5939889391217168,0.3001441233296011,0.0,0.7912907268170426,0.7890555115126259,0.4784264127297687,1.1665605093302642
0.9,4,0.8926919836981316,0.0185169999588623,9.259130434782609,1.7756270491771,9,0.2113043478260869,0.4017391304347826,0.0865217391304347,1.6097527896546966,0.2936753845238957,0.0,0.7945363408521303,0.5626072641035499,0.4727447694902568,0.8285769054857267
0.9,5,0.913886011743335,0.01643222801957,8.35,1.8165004577603272,9,0.2056521739130434,0.268695652173913,0.0865217391304347,1.64602616231805,0.25788381344964,0.0,0.8360025062656642,0.387709875894876,0.4244835037764548,0.5522863224634673
0.9,6,0.8922471383889095,0.0208062307933733,8.342608695652174,1.8213736273371173,8,0.2243478260869565,0.3278260869565217,0.0865217391304347,1.599296222721824,0.2829631511292214,0.0,0.7713157894736842,0.4631370969858603,0.4525418987704285,0.6727260382468656
0.9,7,0.933586380862865,0.0147264189518487,6.623913043478261,1.3173895106889784,7,0.3039130434782608,0.1304347826086956,0.0865217391304347,1.6875518588361262,0.2149327879947676,0.0,0.8768796992481203,0.1196109994016899,0.3627102259054011,0.1629951320154476
0.9,8,0.8825645053117225,0.0203866075946896,9.108260869565218,2.007165754672413,9,0.2060869565217391,0.3817391304347826,0.0865217391304347,1.5983392137018857,0.306717160065785,0.0,0.7643233082706767,0.6083070599171342,0.4902380644484222,0.9065223355612204
0.9,9,0.9036501372246571,0.0178423880730271,8.047391304347826,1.4711477843516083,8,0.2556521739130434,0.2730434782608695,0.0865217391304347,1.624304060407591,0.2686244526715902,0.0,0.8161278195488721,0.2989950756274939,0.4363277891992307,0.4294549359574951
0.9,10,0.9202863802209302,0.0148852133785093,7.949565217391305,1.6250952567689003,8,0.2417391304347826,0.2773913043478261,0.0865217391304347,1.6665097801174036,0.2460879259350286,0.0,0.8560401002506266,0.3418143659845271,0.4101079353395324,0.4819951498878329
0.9,11,0.9086837141375196,0.0216874808246628,6.827826086956522,1.7455308312366562,6,0.2365217391304347,0.2391304347826087,0.0865217391304347,1.5813419817665026,0.2342241631904327,0.0,0.7881328320802005,0.31868311604125,0.3703885023971596,0.4367196781310288
0.9,12,0.8955725166222548,0.0177412381390084,8.863913043478261,1.6173522085036416,9,0.2660869565217391,0.3108695652173913,0.0865217391304347,1.617163957816983,0.2903936884567516,0.0,0.7995488721804511,0.3690008948518758,0.4696142065497923,0.5422889573039029
0.9,13,0.8685001002533592,0.0194589315137929,9.487391304347826,1.89078248672297,10,0.1978260869565217,0.4721739130434783,0.0865217391304347,1.5713874651963862,0.3265669629280485,2.506265664160401e-05,0.7455263157894737,0.7161633559916352,0.5131632320923883,1.0836720584584345
0.9,14,0.9178610909710442,0.0165770101379466,8.16391304347826,1.5256081870076112,9,0.2413043478260869,0.2052173913043478,0.0865217391304347,1.655547452222893,0.2485656427901513,0.0,0.8465538847117795,0.2375334467429068,0.4115122166313807,0.3352813619361725
0.9,15,0.8923935152320286,0.0225586512916729,6.879130434782609,1.4295633661259566,7,0.3069565217391304,0.1891304347826087,0.0865217391304347,1.5842178433040337,0.2710314625122986,0.0,0.7598746867167919,0.1873808974818794,0.4293728790087717,0.2678371729049215
0.9,16,0.8997413510422357,0.0168303939599704,8.1,1.8585875890274732,8,0.2221739130434782,0.28,0.0865217391304347,1.6322819091379666,0.2877819955995255,0.0,0.8169047619047619,0.4047842167046327,0.4697413451927275,0.5949280991722514
0.9,17,0.8838126308417195,0.018673647079686,8.310434782608695,2.094127354336759,9,0.2039130434782608,0.401304347826087,0.0865217391304347,1.5791797747086842,0.2993032987214367,5.012531328320802e-05,0.7770175438596492,0.669017478507321,0.4726537158444844,0.9852310756887136
0.9,18,0.8623047295887638,0.0207602537426274,7.909130434782608,1.971316957823921,8,0.2191304347826086,0.4147826086956522,0.0865217391304347,1.5586777597336423,0.3303804086691357,2.506265664160401e-05,0.7358897243107769,0.6384920496422113,0.5149565952442937,0.9672877416165148
0.9,19,0.9166595580662896,0.0133141296427947,8.892173913043479,1.848766819359042,9,0.2191304347826086,0.3043478260869565,0.0865217391304347,1.6592089489167323,0.2574182686312924,0.0,0.8535463659147869,0.439370444789239,0.4271106949276917,0.6270302607938598
1.0,0,0.9386860478666356,0.0114327831256729,6.948695652173913,1.2385029685166582,7,0.3378260869565217,0.1913043478260869,0.0865217391304347,1.797099935088575,0.2071988237249293,0.0,0.9311403508771928,0.1568895299812353,0.3723569926664995,0.2153084435459088
1.0,1,0.9534409203808184,0.0085925529430181,5.418260869565217,1.014167691193184,5,0.3482608695652174,0.0878260869565217,0.0865217391304347,1.832067281059773,0.1793076189904018,0.0,0.9554761904761904,0.0580506525622797,0.3285036219970472,0.0771205021882807
1.0,2,0.9340686794872484,0.012270558318244,6.343913043478261,1.112569447291835,7,0.3713043478260869,0.1060869565217391,0.0865217391304347,1.7917779356989194,0.2146021068719826,0.0,0.9221428571428572,0.0742043868377085,0.38451932004772,0.1027374072091021
1.0,3,0.9305161076616114,0.0129812374314795,6.126086956521739,1.32655729363949,6,0.2913043478260869,0.1643478260869565,0.0865217391304347,1.7737505118930323,0.2221293368304585,0.0,0.9137719298245616,0.1545075644378636,0.3940020249094856,0.2153838576902147
1.0,4,0.9325921955389967,0.0119577156975238,6.193043478260869,1.4240616583579846,7,0.268695652173913,0.1521739130434782,0.0865217391304347,1.7850697775295732,0.2201214852241089,0.0,0.9185964912280702,0.1584773353089736,0.3929322106584794,0.2207481850111937
1.0,5,0.9427625227077062,0.0105646019157276,5.774347826086957,1.2642039120295927,5,0.2869565217391304,0.0843478260869565,0.0865217391304347,1.808246393334858,0.2001833428861181,0.0,0.9366791979949874,0.0760338603818359,0.3619808077795383,0.1035566585814496
1.0,6,0.9320492388834049,0.0115356064755991,7.474782608695652,1.2798670772192386,8,0.2921739130434783,0.1926086956521739,0.0865217391304347,1.7902603992115795,0.2222161988766461,0.0,0.9232205513784462,0.1744887070607104,0.3978248609121841,0.2439046526778844
1.0,7,0.9560301747753536,0.0087566629208276,4.205652173913044,0.6419151107831906,4,0.5482608695652174,0.0313043478260869,0.0865217391304347,1.8408038070044703,0.159962868532756,0.0,0.9639473684210528,0.0090775779095375,0.2944602573744528,0.0117505638371165
1.0,8,0.9283347588056516,0.0115305209802553,7.316521739130435,1.3896468387629757,7,0.287391304347826,0.1791304347826087,0.0865217391304347,1.793823045391827,0.2360666281306223,0.0,0.9155388471177944,0.1773882886117861,0.4234617577886528,0.252505445118454
1.0,9,0.9348829611858064,0.012938691371593,7.796086956521739,1.4026938031808802,7,0.2560869565217391,0.1669565217391304,0.0865217391304347,1.784338778472378,0.2091500232616662,0.0,0.9247243107769424,0.1742161623556022,0.3731944970241909,0.2392326754393859
1.0,10,0.942862396502662,0.0097944167767882,6.1,0.918173991278815,6,0.5182608695652174,0.1321739130434782,0.0865217391304347,1.814655141730456,0.2037770005722717,0.0,0.9405889724310776,0.0584632106182042,0.3697849818548829,0.080082027895835
1.0,11,0.9396516448310772,0.0124007777921944,6.7791304347826085,1.3878037483219063,7,0.3330434782608695,0.1613043478260869,0.0865217391304347,1.7760522107222776,0.2005798361508619,0.0,0.9322055137844611,0.1493040732171876,0.3562402614220505,0.2024921952914555
1.0,12,0.933395838849056,0.0122032623101232,5.411304347826087,1.0908524960974175,5,0.3495652173913043,0.097391304347826,0.0865217391304347,1.7904280453607515,0.2221959846337953,0.0,0.916578947368421,0.0691018976570197,0.3978259224548938,0.0965924238358072
1.0,13,0.9069890425460008,0.0135652545963403,8.512173913043478,1.5453519551889876,9,0.2426086956521739,0.3134782608695652,0.0865217391304347,1.7510794922816857,0.2844835058293659,0.0,0.8705012531328321,0.3669062846075202,0.4981532329501999,0.5496818364745025
1.0,14,0.9508641374627084,0.0107740705818354,3.276521739130435,0.7396039404017836,4,0.4391304347826087,0.0321739130434782,0.1004347826086956,1.8260723495539384,0.1675318525354419,0.0,0.954436090225564,0.0133464261522039,0.3059252835845183,0.0174294353576568
1.0,15,0.9430728276806444,0.0128854356221455,5.020434782608696,0.8177486499177752,5,0.4208695652173913,0.0508695652173913,0.0865217391304347,1.7903667138616497,0.173541886547556,0.0,0.9422305764411028,0.0240909684504802,0.3107036171354991,0.0315761194883416
1.0,16,0.9398976959425802,0.0122630780890767,5.835217391304348,1.189180827165298,5,0.2926086956521739,0.0639130434782608,0.0865217391304347,1.808129644416344,0.2006021230758465,0.0,0.9291604010025064,0.0537646869002515,0.3627146454662939,0.0732659262478826
1.0,17,0.9235237113760352,0.0136810768874772,7.735217391304348,1.4233682329791066,8,0.2891304347826087,0.228695652173913,0.0865217391304347,1.756417208397951,0.2370677517384516,0.0,0.8989473684210526,0.2314009299427103,0.4163898787096297,0.327753935094851
1.0,18,0.916361931212352,0.0141460660109732,7.455217391304348,2.1256597330163425,8,0.2217391304347826,0.2469565217391304,0.0865217391304347,1.7571240538191824,0.2556227175512527,0.0,0.8895488721804511,0.408544569471402,0.4491608257119331,0.5920467856353031
1.0,19,0.9439375546702756,0.0107658250099997,7.336521739130434,1.5104753317377546,8,0.2756521739130435,0.14,0.0865217391304347,1.8189918182334917,0.1964334017681784,0.0,0.9443609022556392,0.1531753343004199,0.3573107506440887,0.2079065279794621
1.1,0,0.954189945858824,0.0078745780489582,5.394347826086957,1.060624615341916,6,0.3352173913043478,0.1169565217391304,0.0865217391304347,1.9375393149414484,0.1726036550986399,0.0,0.9682706766917292,0.0824642662844317,0.3344263676562089,0.1100424913193686
1.1,1,0.9658600121970448,0.0065110866246359,4.437826086956521,0.6199961887802855,5,0.5056521739130435,0.0321739130434782,0.0865217391304347,1.9617576207149237,0.1351921921933169,0.0,0.9831954887218044,0.0098611041498955,0.2652143132963961,0.0124764101153543
1.1,2,0.9561139353507228,0.0089414564562961,3.614782608695652,0.4866466405319374,4,0.6147826086956522,0.0134782608695652,0.1952173913043478,1.942603570529148,0.1481125432278058,0.0,0.97828320802005,0.0025266989830886,0.2877239553144883,0.0032536908083919
1.1,3,0.9502614007554632,0.0093995410052895,4.7095652173913045,1.146637724756014,5,0.3582608695652174,0.0760869565217391,0.0865217391304347,1.9132465193995511,0.1736944497060862,0.0,0.9644235588972432,0.0559880015495433,0.3323203013391899,0.0745939510958665
1.1,4,0.9496810919152632,0.0091707425816365,5.858260869565218,1.0603102588349074,6,0.3530434782608695,0.0934782608695652,0.0865217391304347,1.9209726483418268,0.1796785483406055,0.0,0.9637468671679198,0.0641237167552494,0.3451575768560679,0.0862565034494961
1.1,5,0.9603888549475929,0.0075434174938536,4.519130434782609,0.8663161037879994,4,0.4078260869565217,0.0226086956521739,0.208695652173913,1.9496289657520292,0.1441140492619104,0.0,0.9799498746867168,0.0115984828825147,0.2809689248128355,0.014857296147475
1.1,6,0.9528802657648876,0.009317969273262,4.457826086956522,1.4426589476794127,4,0.4226086956521739,0.05,0.0865217391304347,1.935234848487836,0.1636725314167252,0.0,0.9711904761904762,0.0416489374094626,0.3167447865378668,0.0548410211987518
1.1,7,0.968409503751906,0.0063393021040421,2.4413043478260867,0.6410168847252274,3,0.5234782608695652,0.0108695652173913,0.2821739130434783,1.9719740870256544,0.1120288840183418,0.0,0.9918295739348372,0.0033202011828632,0.2209180562825726,0.0040536935746484
1.1,8,0.9539354172209182,0.0089123203921406,3.878695652173913,0.7788386245073974,4,0.5013043478260869,0.0404347826086956,0.0865217391304347,1.9474844549330292,0.158490959095568,0.0,0.975,0.0157050088789192,0.3086586790860454,0.020552496174521
1.1,9,0.9542359672580412,0.0089586609646641,3.3173913043478263,0.9060915463457146,3,0.4921739130434782,0.018695652173913,0.0865217391304347,1.921587122998646,0.1570829455199937,0.0,0.9742982456140352,0.0086025603511893,0.3018485653539179,0.0111992308515663
1.1,10,0.955005323780035,0.0074650853923307,6.046956521739131,1.0892615559359815,6,0.3452173913043478,0.0695652173913043,0.0865217391304347,1.94329579987163,0.1755872944238935,0.0,0.9676190476190476,0.0496159675408919,0.3412180517647756,0.0665458313216194
1.1,11,0.9556564746897792,0.0085118629061349,5.942173913043479,1.1653156188318183,6,0.3334782608695652,0.0813043478260869,0.0865217391304347,1.9226896622568743,0.1657630307311662,0.0,0.9689097744360904,0.0631497538515921,0.3187108655711819,0.0832762665622402
1.1,12,0.954988958429558,0.0083799204784882,4.323043478260869,0.68365345138301,5,0.4452173913043478,0.0339130434782608,0.117391304347826,1.940128082153902,0.1632171674454463,0.0,0.9730576441102756,0.0128625071296095,0.3166622100505261,0.0169355770640623
1.1,13,0.939587250567691,0.0103450156715235,5.935652173913043,1.365805467359531,5,0.2791304347826087,0.0952173913043478,0.0865217391304347,1.916202009611207,0.2106517661122051,0.0,0.948032581453634,0.0937479587934864,0.4036513375523574,0.1315894477532804
1.1,14,0.9637716657115684,0.0074461251192145,3.2621739130434784,0.5864073114923147,3,0.5886956521739131,0.0117391304347826,0.3660869565217391,1.9603340458203775,0.1281297631141972,0.0,0.9865664160401002,0.002831383142919,0.2511771369156609,0.0035425618542687
1.1,15,0.959242380302382,0.0088695454178901,2.8195652173913044,0.4160474289525129,3,0.8034782608695652,0.0095652173913043,0.3747826086956521,1.931156668796004,0.129018993687948,0.0,0.9858897243107768,0.0007820748707044,0.2491558900618303,0.0009769334312098
1.1,16,0.9610671111034708,0.0081271984642897,2.191739130434782,0.6621582115812363,2,0.5247826086956522,0.0113043478260869,0.1678260869565217,1.9551916991729148,0.1303797484570615,0.0,0.9860275689223058,0.0035571292478856,0.2549174019234994,0.0044639033940627
1.1,17,0.9466510438128014,0.0094910887869097,6.219130434782609,0.9968555477032603,6,0.3821739130434782,0.0826086956521739,0.0865217391304347,1.9071667561632435,0.1874145383234971,0.0,0.9584085213032582,0.0508773218492299,0.3574307771122558,0.0690624425351905
1.1,18,0.9368706587283916,0.0102595043660827,6.368695652173913,1.165322513103696,6,0.3460869565217391,0.127391304347826,0.0865217391304347,1.9019065063302247,0.2197789811702374,0.0,0.9437092731829574,0.0970746704207023,0.4179990742423024,0.1376517927889325
1.1,19,0.9539954826163624,0.0070614364004706,5.467391304347826,1.0771448467100193,5,0.3726086956521739,0.0656521739130434,0.0865217391304347,1.9446044624337824,0.1799187212900767,0.0,0.9672681704260652,0.0443671693117433,0.3498707482960631,0.0598899440386211
1.2,0,0.9630218698442584,0.0063994882920169,4.766086956521739,0.8408470839133116,5,0.4147826086956522,0.0639130434782608,0.0865217391304347,2.061389193385476,0.1471849516347173,0.0,0.9814786967418546,0.0314502246352268,0.3034054687287701,0.0409923947823029
1.2,1,0.9727205090099876,0.0049457204197866,3.6943478260869567,0.4854968417660812,4,0.7060869565217391,0.0152173913043478,0.3165217391304348,2.080965619469873,0.1094162863224496,0.0,0.992468671679198,0.0021714283612544,0.2276915300470894,0.0026658442072161
1.2,2,0.967639354430457,0.0064318846954516,2.0,0.0,2,1.0,0.0,1.0,2.07097696760787,0.102521227676684,0.0,0.9971303258145364,0.0,0.2123191012092951,0.0
1.2,3,0.9614918190227336,0.0073206379473834,4.493478260869566,0.5908366116798478,5,0.5408695652173913,0.0356521739130434,0.1434782608695652,2.039704593764745,0.1399331280941053,0.0,0.9852380952380952,0.009671403650965,0.2854222441934172,0.0124318373855239
1.2,4,0.9609428380705218,0.0064738142754673,3.219130434782609,0.762021984411144,4,0.4134782608695652,0.0169565217391304,0.0904347826086956,2.046269865322506,0.1473181590631161,0.0,0.9833082706766916,0.0075785899784839,0.3014527095056422,0.0098631764617302
1.2,5,0.9709381362063726,0.0057633109233869,2.0,0.0,2,1.0,0.0,1.0,2.075094259057392,0.0954406521727102,0.0,0.9978320802005012,0.0,0.1980483494042844,0.0
1.2,6,0.963387829564186,0.0066906923135349,3.6421739130434783,1.030514673109211,4,0.4121739130434783,0.0182608695652173,0.1760869565217391,2.062471228339645,0.1323706102552832,0.0,0.9884711779448622,0.0110617671838037,0.2730105751292824,0.0140817466046002
1.2,7,0.9733909712606372,0.0047252609847271,1.882608695652174,0.3218859829370365,2,0.8826086956521739,0.0047826086956521,0.568695652173913,2.087097497636155,0.1005753741830833,0.0,0.9948621553884712,0.0001807186331217,0.2099106117813331,0.0002186533919606
1.2,8,0.9634827227013808,0.0064273776674799,3.01,0.6842228215758499,3,0.5747826086956521,0.0213043478260869,0.2013043478260869,2.071788313186764,0.1317742685769428,0.0,0.9889348370927318,0.0061983606039033,0.2730083896164439,0.007890565050637
1.2,9,0.9649569093598396,0.0069457476345698,2.818695652173913,0.403999616313056,3,0.8260869565217391,0.0052173913043478,0.6295652173913043,2.042894300024132,0.1191271590591081,0.0,0.991967418546366,0.0003665781720193,0.2433641942199201,0.0004557901734714
1.2,10,0.9687521524680524,0.0058034175794968,3.668260869565217,0.5823054045095091,4,0.7269565217391304,0.0165217391304347,0.3108695652173913,2.074170417057476,0.1151458280643352,0.0,0.99296992481203,0.0026268690008122,0.2388320702186305,0.0032542495624693
1.2,11,0.9681594125636572,0.0062629839871961,4.530434782608696,0.6188592469098464,5,0.5939130434782609,0.0291304347826086,0.0969565217391304,2.056312890471698,0.1154243199756442,0.0,0.9923308270676692,0.0073207892783663,0.2373485170398472,0.0090583677571477
1.2,12,0.9669244301043298,0.0062586414678458,2.3569565217391304,0.5897452271042551,2,0.5247826086956522,0.0039130434782608,0.6456521739130435,2.0683862355997795,0.1164313720329378,0.0,0.993659147869674,0.0010966588433998,0.2408250473049258,0.0013607617612389
1.2,13,0.95938693622225,0.0077069962524873,2.812608695652174,0.3902253238869134,3,0.8126086956521739,0.0091304347826086,0.4808695652173913,2.0569635441012566,0.1416415404956675,0.0,0.9875438596491228,0.0006676615866409,0.2913514851299299,0.000862185781473
1.2,14,0.970705459191244,0.0051770909729293,2.0469565217391303,0.3629161453344607,2,0.8660869565217392,0.0021739130434782,0.7178260869565217,2.081009979906116,0.1077618175114573,0.0,0.9945989974937344,0.0001056504954451,0.2242534176941643,0.0001293429801298
1.2,15,0.9670794550036902,0.0062000365114188,2.415217391304348,0.5399144019533773,2,0.5360869565217391,0.0047826086956521,0.6491304347826087,2.0561619032134164,0.1113954693554002,0.0,0.994561403508772,0.0011979161929547,0.2290471202791516,0.0014722954472868
1.2,16,0.968357499190552,0.0058880344128011,1.8678260869565215,0.3386797451195646,2,0.8678260869565217,0.0052173913043478,0.4065217391304347,2.075227405078228,0.1105856122305899,0.0,0.9942606516290728,0.0002335546213612,0.2294902931082744,0.0002871531398742
1.2,17,0.9615747166108348,0.0071275047105534,2.634782608695652,0.5842934757332988,3,0.5565217391304348,0.0156521739130434,0.0865217391304347,2.0423652302198296,0.1396361808880187,0.0,0.986904761904762,0.0040558143288618,0.2851880807263761,0.0052124842330925
1.2,18,0.9554645286691238,0.0078923775441252,5.509565217391304,0.9289520896564724,5,0.4043478260869565,0.0352173913043478,0.1004347826086956,2.045249524175119,0.1635592862149316,0.0,0.9786090225563908,0.0194869217989237,0.334519552305511,0.0260056781549122
1.2,19,0.969758861029301,0.0059204989025879,3.219130434782609,0.6226026232397582,3,0.5643478260869565,0.0008695652173913,0.8408695652173913,2.078640491665963,0.1001187696681321,0.0,0.996842105263158,0.0002358595636715,0.2081109286079575,0.0002849445164882
1.3,0,0.9713219351347292,0.0050971202945668,3.9208695652173913,0.7026651935958655,4,0.678695652173913,0.0226086956521739,0.1352173913043478,2.1818923501267737,0.1105165188863274,0.0,0.9940225563909776,0.0051043514657508,0.241135147120719,0.0063351900074005
1.3,1,0.9773197944814922,0.0041079511918176,3.3747826086956523,0.5981629090678384,3,0.5017391304347826,0.0034782608695652,0.7560869565217392,2.193984824888438,0.0903075464731803,0.0,0.9969548872180451,0.0010366652413935,0.198133386535065,0.001242063236374
1.3,2,0.9732029362772446,0.0048363971948724,1.5478260869565217,0.4977074094349282,2,0.5478260869565217,0.0004347826086956,0.9204347826086956,2.1865233198927,0.0836407265208485,0.0,0.9997368421052631,9.784818456114344e-05,0.1828823990306032,0.0001157428952944
1.3,3,0.9693696826636437,0.0055734951779542,3.905217391304348,0.825500478314545,4,0.4221739130434783,0.0113043478260869,0.4326086956521739,2.1610651009593305,0.1120172789984715,0.0,0.9946115288220552,0.0053921259075591,0.2420766323480213,0.0066974335884576
1.3,4,0.9695212745180872,0.0056398371440321,3.148695652173913,0.3885010698639635,3,0.8269565217391305,0.0030434782608695,0.8869565217391304,2.163577653045792,0.1093133064385835,0.0,0.995501253132832,0.0002046057346455,0.2365078269910661,0.0002529965923364
1.3,5,0.9757829344854334,0.0043778236900795,1.0,0.0,1,1.0,0.0,1.0,2.1886497417274837,0.0783363963521775,0.0,0.9998245614035088,0.0,0.171450933644055,0.0
1.3,6,0.9717357640670166,0.005150937232537,2.0,0.0,2,1.0,0.0,1.0,2.182824486609685,0.0921708916682654,0.0,0.9990852130325816,0.0,0.2011928792861383,0.0
1.3,7,0.97829630897929,0.0038529317610023,2.0,0.0,2,1.0,0.0,1.0,2.2003796828833324,0.0739324996006977,0.0,0.9995488721804512,0.0,0.1626795700261553,0.0
1.3,8,0.9698278923359142,0.0048660054689422,2.9039130434782607,0.2947104567336024,3,0.9039130434782608,0.0060869565217391,0.7195652173913043,2.1868486778967853,0.1106028503440539,0.0,0.9946741854636592,0.000172369433447,0.2418716970465104,0.0002140607208338
1.3,9,0.971919128816292,0.0055040485767924,1.0,0.0,1,1.0,0.0,1.0,2.15108872153377,0.0876833514004608,0.0,0.9995488721804512,0.0,0.1886146682638136,0.0
1.3,10,0.973624636657962,0.0044297542410457,2.4478260869565216,0.9081129814871924,2,0.6321739130434783,0.0060869565217391,0.5591304347826087,2.188485856833873,0.1009885163717451,0.0,0.995375939849624,0.0020332120831267,0.2210119397822001,0.0024825762296072
1.3,11,0.97323587059939,0.0046659744183525,2.8030434782608697,1.0008211184587978,2,0.388695652173913,0.0147826086956521,0.2908695652173913,2.1736355433522934,0.1037100858190015,0.0,0.9949749373433584,0.0090440937586502,0.2254279287402984,0.0110828850819958
1.3,12,0.9738207208768848,0.004727925563373,1.4343478260869564,0.4956710522720602,1,0.5656521739130435,0.0004347826086956,0.9204347826086956,2.1872785558182164,0.0845802157455442,0.0,0.9997619047619049,9.360614747129774e-05,0.1850004921467072,0.0001109233308214
1.3,13,0.9686784661341746,0.0057569939724739,2.526521739130435,0.4992961018809351,3,0.5265217391304348,0.0004347826086956,0.9204347826086956,2.1794323180988906,0.1039122756248813,0.0,0.9989348370927318,0.0001027853885699,0.226469771744066,0.000126063172058
1.3,14,0.9765836641656538,0.0041707243541005,2.0,0.0,2,1.0,0.0,1.0,2.1971836133209117,0.0768958104046226,0.0,0.9998370927318296,0.0,0.1689542145540686,0.0
1.3,15,0.9739184695206438,0.0048010793591789,2.0,0.0,2,1.0,0.0,1.0,2.1773892176827125,0.0794054050179137,0.0,0.999812030075188,0.0,0.1728964727117341,0.0
1.3,16,0.9728001914732473,0.0046087723582847,1.9386956521739127,0.2398877336666156,2,0.938695652173913,0.0026086956521739,0.7030434782608695,2.1878260747983496,0.1010226882921634,0.0,0.9955764411027568,3.836391313375215e-05,0.2210200715918212,4.684310796111646e-05
1.3,17,0.9695121813729424,0.0053837694929117,2.088695652173913,0.5860353480051619,2,0.648695652173913,0.0065217391304347,0.3591304347826087,2.1670526396137286,0.112450671528691,0.0,0.9947243107769425,0.0013426747650114,0.2436865245625862,0.0016698665121149
1.3,18,0.9683039756293914,0.005847247629358,1.096086956521739,0.2947104567336024,1,0.9039130434782608,0.0004347826086956,0.9204347826086956,2.175643149596079,0.104718637249322,0.0,0.998659147869674,1.2312128684206296e-05,0.2278303857665242,1.5117205711936103e-05
1.3,19,0.9749718580811164,0.00446805615867,1.414782608695652,0.7053514052689864,1,0.7126086956521739,0.0008695652173913,0.8408695652173913,2.192092606120019,0.0808066605174427,0.0,0.9997744360902256,0.0001762713856543,0.1771356830455367,0.0002074953379535
1.4,0,0.9755064873266464,0.0039612413628827,2.9769565217391305,0.5547340513028367,3,0.7347826086956522,0.0134782608695652,0.3378260869565217,2.294687066290781,0.0973915441787014,0.0,0.9958897243107768,0.0019829908673777,0.2234831167929535,0.0024261558469913
1.4,1,0.9813733820919872,0.0031173020671137,1.011304347826087,0.1057192487029386,1,0.9886956521739132,0.0004347826086956,0.9921739130434782,2.304945085173499,0.0668877898335218,0.0,0.9999749373433584,5.196043078048142e-07,0.1541726824348941,5.997130977438088e-07
1.4,2,0.9769954460997128,0.0038370820246522,1.0,0.0,1,1.0,0.0,1.0,2.297395265863222,0.0712181094785482,0.0,1.0,0.0,0.1636161475597453,0.0
1.4,3,0.9754445888979648,0.0042931048754441,2.126521739130435,0.3324364430351236,2,0.8734782608695653,0.0004347826086956,0.9204347826086956,2.277377051504334,0.0817205630570952,0.0,0.9997994987468672,1.828718854875846e-05,0.1861085349422416,2.169059041778044e-05
1.4,4,0.9750936259188911,0.0044329211164978,1.348695652173913,0.4765574407444736,1,0.6513043478260869,0.0004347826086956,0.9204347826086956,2.273193890709886,0.0833999671987772,0.0,0.9998370927318296,7.22495173033881e-05,0.1895842959216652,8.594689117203112e-05
1.4,5,0.9790767140463869,0.0035172126973136,1.0,0.0,1,1.0,0.0,1.0,2.2977809711463,0.0680634614424171,0.0,1.0,0.0,0.156394926532736,0.0
1.4,6,0.9760729723787138,0.0040121322659991,2.0,0.0,2,1.0,0.0,1.0,2.295396722142326,0.0766840202905205,0.0,0.9999498746867168,0.0,0.1760202488155565,0.0
1.4,7,0.9813643748433566,0.0030522514033034,2.0,0.0,2,1.0,0.0,1.0,2.30964641911962,0.0611684415515732,0.0,1.0,0.0,0.1412774719927189,0.0
1.4,8,0.9756178928635002,0.0040202756434613,3.0,0.0,3,1.0,0.0,1.0,2.301239508171564,0.0783654211371816,0.0,0.9999248120300752,0.0,0.1803376031953853,0.0
1.4,9,0.9761092346602116,0.0043233642184384,1.0,0.0,1,1.0,0.0,1.0,2.2633281281640776,0.0753198977938979,0.0,1.0,0.0,0.1704736432873727,0.0
1.4,10,0.9785108524849944,0.0035882172197615,2.023043478260869,0.1500415821381206,2,0.9769565217391304,0.0004347826086956,0.9804347826086957,2.3005060143381706,0.0726703380444295,0.0,0.9999498746867168,1.5032556036652688e-06,0.1671785497351981,1.7545676953673382e-06
1.4,11,0.9766685434173696,0.0037596837633594,1.9408695652173915,0.3611324343792462,2,0.8660869565217392,0.0043478260869565,0.5886956521739131,2.286190207807437,0.0964275072897413,0.0,0.9957518796992482,0.00021026241091,0.2204516229290868,0.0002566151006361
1.4,12,0.9775108714997152,0.0037659504859568,1.5791304347826087,0.4936986674998376,2,0.5791304347826087,0.0004347826086956,0.9204347826086956,2.2980090403925675,0.0728832784501405,0.0,0.9999749373433584,9.034053106059664e-05,0.1674864327718718,0.0001054713443426
1.4,13,0.9736944632469448,0.0044322056282159,1.128695652173913,0.3348627797851595,1,0.871304347826087,0.0004347826086956,0.9204347826086956,2.293189638354576,0.0864915297620034,0.0,0.9999498746867168,1.873716650113188e-05,0.1983414798556626,2.2453523833268327e-05
1.4,14,0.9798586734241864,0.0033078889942464,2.0,0.0,2,1.0,0.0,1.0,2.307247531170926,0.0646842312124772,0.0,0.9999874686716792,0.0,0.1492425327706773,0.0
1.4,15,0.9776382818607002,0.0037875964584569,2.0,0.0,2,1.0,0.0,1.0,2.2903595737660747,0.0676177751682132,0.0,1.0,0.0,0.154869018713279,0.0
1.4,16,0.977918562786101,0.0036582598948561,2.0,0.0,2,1.0,0.0,1.0,2.3019054160208685,0.0713041170355137,0.0,0.9999498746867168,0.0,0.164135333188635,0.0
1.4,17,0.9738208662638164,0.0041216432169252,1.9943478260869565,0.3735415242263717,2,0.8604347826086957,0.0034782608695652,0.7008695652173913,2.281858465273513,0.1018853865187175,0.0,0.9959022556390976,0.0001813336313797,0.2324880317153994,0.000223491530423
1.4,18,0.9735010921352792,0.0044756358993323,1.0,0.0,1,1.0,0.0,1.0,2.2896722881234384,0.0860959999581634,0.0,0.9998872180451128,0.0,0.1971316252224836,0.0
1.4,19,0.9784762451983772,0.0035596895382933,1.0,0.0,1,1.0,0.0,1.0,2.3017019536631897,0.0686130830972209,0.0,1.0,0.0,0.1579268674117282,0.0
1.5,0,0.9783287655122336,0.0031701023805972,2.4843478260869567,0.5471016604280234,3,0.5091304347826087,0.0047826086956521,0.6456521739130435,2.4033616000598497,0.0907062822495313,0.0,0.9975062656641605,0.0012843963972617,0.2179999956427139,0.0015643948062682
1.5,1,0.9836943661827424,0.0025465296436912,1.0,0.0,1,1.0,0.0,1.0,2.4128897511513108,0.0581738756270402,0.0,1.0,0.0,0.1403671482852365,0.0
1.5,2,0.9798477767899968,0.0031371349513939,1.0,0.0,1,1.0,0.0,1.0,2.405982734764408,0.0620960959840082,0.0,1.0,0.0,0.1494021348337974,0.0
1.5,3,0.9787946121611728,0.0034480055208439,1.5704347826086955,0.4950140820207702,2,0.5704347826086956,0.0004347826086956,0.9204347826086956,2.386774398828232,0.0697643620848005,0.0,0.9999874686716792,9.24527481864879e-05,0.1665117933745848,0.0001078472210894
1.5,4,0.978335760044528,0.0036199395418277,1.0,0.0,1,1.0,0.0,1.0,2.378909664371124,0.072522623548386,0.0,1.0,0.0,0.1725247700448043,0.0
1.5,5,0.9816142021690673,0.0028944904662027,1.0,0.0,1,1.0,0.0,1.0,2.4056354616761046,0.0603535754331023,0.0,1.0,0.0,0.1451887013008147,0.0
1.5,6,0.9791856360028416,0.0032424001609244,2.0,0.0,2,1.0,0.0,1.0,2.4052908775406703,0.0656283501702685,0.0,1.0,0.0,0.1578552719725917,0.0
1.5,7,0.9835883164438544,0.0025162928733987,2.0,0.0,2,1.0,0.0,1.0,2.4164085735311347,0.0532095000607735,0.0,1.0,0.0,0.1285758921401586,0.0
1.5,8,0.9787981616932792,0.0032548831501938,2.545217391304348,0.4979511899008069,3,0.5452173913043479,0.0004347826086956,0.9204347826086956,2.410279532166021,0.066805534177273,0.0,0.9999874686716792,9.846089652310332e-05,0.1610200116628988,0.0001143150712295
1.5,9,0.9795725988573568,0.0033517366467298,1.0,0.0,1,1.0,0.0,1.0,2.3852170468768867,0.0654537238941846,0.0,1.0,0.0,0.1561213380139822,0.0
1.5,10,0.981257492484969,0.002918187364397,1.7982608695652174,0.4012984596110485,2,0.7982608695652174,0.0004347826086956,0.9204347826086956,2.408683206392189,0.0624851671840007,0.0,1.0,3.519903847358085e-05,0.1505069728447108,4.049673920128401e-05
1.5,11,0.9809079571853924,0.0030594426778177,2.1073913043478263,0.3096100968933324,2,0.8926086956521739,0.0004347826086956,0.9204347826086956,2.3997072053243254,0.0687083538124345,0.0,0.9999624060150376,1.4456308094924224e-05,0.1648799317096721,1.683986318638931e-05
1.5,12,0.980402328785258,0.003046213303012,1.0,0.0,1,1.0,0.0,1.0,2.4069529514145747,0.0621963958975747,0.0,1.0,0.0,0.149703798673017,0.0
1.5,13,0.9772155813045544,0.0035687555138772,1.0,0.0,1,1.0,0.0,1.0,2.403691160000416,0.0747314565387878,0.0,1.0,0.0,0.1796313414562395,0.0
1.5,14,0.9822977164128414,0.0027154985122966,2.0,0.0,2,1.0,0.0,1.0,2.414609626489788,0.056171792920989,0.0,1.0,0.0,0.1356329519242109,0.0
1.5,15,0.9803666994887476,0.0031084623816315,1.8434782608695648,0.3633492594048031,2,0.8434782608695652,0.0004347826086956,0.9204347826086956,2.399407451268394,0.0599782957590719,0.0,1.0,2.472703860849072e-05,0.1439123697586966,2.82855653317534e-05
1.5,16,0.9806985444692976,0.0029813511308644,2.0,0.0,2,1.0,0.0,1.0,2.4102420848047488,0.0614720767779097,0.0,1.0,0.0,0.1481625864904668,0.0
1.5,17,0.9786388146358028,0.0034160540001589,2.0,0.0,2,1.0,0.0,1.0,2.3957101078258387,0.0724247653768261,0.0,1.0,0.0,0.1735087424701772,0.0
1.5,18,0.9770323304191024,0.0036170240328262,1.0,0.0,1,1.0,0.0,1.0,2.39965159920186,0.0747842223536549,0.0,1.0,0.0,0.1794560787660155,0.0
1.5,19,0.9810549831439644,0.0029454181963306,1.0,0.0,1,1.0,0.0,1.0,2.408711102478396,0.0611278536570331,0.0,1.0,0.0,0.1472393397743703,0.0
1.6,0,0.9820907754904268,0.0026326199522196,2.179130434782609,0.3834615001759658,2,0.8208695652173913,0.0004347826086956,0.9204347826086956,2.5133198578594267,0.0624952105403931,0.0,1.0,2.986512314567401e-05,0.1570704536722757,3.455605158714341e-05
1.6,1,0.9855566041158798,0.0021098896763125,1.0,0.0,1,1.0,0.0,1.0,2.51952268802928,0.0503835651856219,0.0,1.0,0.0,0.1269425355889766,0.0
1.6,2,0.9821193646567956,0.0026129000743269,1.0,0.0,1,1.0,0.0,1.0,2.512638297200412,0.0544985968014384,0.0,1.0,0.0,0.1369352614669781,0.0
1.6,3,0.981250545129825,0.0028759318889925,1.0,0.0,1,1.0,0.0,1.0,2.492980227035414,0.0623794503009014,0.0,1.0,0.0,0.1555107361734856,0.0
1.6,4,0.98109111796221,0.0029224059939392,1.0,0.0,1,1.0,0.0,1.0,2.490727135786053,0.0625775356565159,0.0,1.0,0.0,0.1558635661503036,0.0
1.6,5,0.9837127890479744,0.0023973160358695,1.0,0.0,1,1.0,0.0,1.0,2.5129345069605424,0.0523858045573306,0.0,1.0,0.0,0.131642095947007,0.0
1.6,6,0.981565587439926,0.0026971322773885,1.692608695652174,0.4614129282531735,2,0.6926086956521739,0.0004347826086956,0.9204347826086956,2.512533738751897,0.0577882952886828,0.0,1.0,6.166723829462313e-05,0.145195041617773,7.062101552526406e-05
1.6,7,0.9853479025977128,0.0021200155695421,1.980434782608696,0.138500612488665,2,0.9804347826086957,0.0004347826086956,0.9839130434782608,2.5216918608939536,0.0474659384954622,0.0,1.0,1.1781742716074325e-06,0.1196944707737001,1.3191952175266738e-06
1.6,8,0.9812036428810418,0.0027176936262111,2.0469565217391303,0.2115457558196169,2,0.9530434782608695,0.0004347826086956,0.9565217391304348,2.516998424947609,0.0590385249230361,0.0,1.0,4.318902490828806e-06,0.1485998742425121,4.960690857831639e-06
1.6,9,0.9820392543923546,0.0027368665876756,1.0,0.0,1,1.0,0.0,1.0,2.4978154278086198,0.0582281055465822,0.0,1.0,0.0,0.1454430603663217,0.0
1.6,10,0.9833722771380128,0.002436549516292,1.3365217391304347,0.4725196908310409,1,0.6634782608695652,0.0004347826086956,0.9204347826086956,2.5150169630791424,0.0552475391706067,0.0,1.0,6.913631037481652e-05,0.1389484981824553,7.874269687127337e-05
1.6,11,0.9832857798186584,0.0024938072326209,2.0,0.0,2,1.0,0.0,1.0,2.50860165714001,0.0586404484028082,0.0,1.0,0.0,0.1471055260387179,0.0
1.6,12,0.9825698396778074,0.00255625530264,1.0,0.0,1,1.0,0.0,1.0,2.513256797091465,0.0558073100671291,0.0,1.0,0.0,0.1402581013536034,0.0
1.6,13,0.9799745252592094,0.0029278589648546,1.0,0.0,1,1.0,0.0,1.0,2.5117424093041545,0.0645394514508871,0.0,1.0,0.0,0.1621064772824197,0.0
1.6,14,0.9842360790646372,0.0022747998015284,2.0,0.0,2,1.0,0.0,1.0,2.520788713704977,0.0495770144331399,0.0,1.0,0.0,0.1249731784422478,0.0
1.6,15,0.9825498039059176,0.0025977659589141,1.3856521739130434,0.4867489852780252,1,0.6143478260869565,0.0004347826086956,0.9204347826086956,2.506593824811326,0.053668115874644,0.0,1.0,8.161575481251669e-05,0.1345241678406415,9.259504631135634e-05
1.6,16,0.9828542455329684,0.0024921414472904,2.0,0.0,2,1.0,0.0,1.0,2.5170214571027336,0.0544586906107079,0.0,1.0,0.0,0.137073692792871,0.0
1.6,17,0.9812783154545788,0.0027910902440581,2.0,0.0,2,1.0,0.0,1.0,2.504968609619605,0.062426569956716,0.0,1.0,0.0,0.1563765981477959,0.0
1.6,18,0.979811011579696,0.0029723540998358,1.0,0.0,1,1.0,0.0,1.0,2.507920280360333,0.0649681548725334,0.0,1.0,0.0,0.1629349531824175,0.0
1.6,19,0.9831928023035124,0.0024515272105336,1.0,0.0,1,1.0,0.0,1.0,2.515720150330385,0.0533670528133894,0.0,1.0,0.0,0.1342565701263897,0.0
1.7,0,0.9840747413186062,0.0022034294066512,2.0,0.0,2,1.0,0.0,1.0,2.6194709185288807,0.054278199039178,0.0,1.0,0.0,0.1421801638932492,0.0
1.7,1,0.987026054288606,0.0017928594989344,1.0,0.0,1,1.0,0.0,1.0,2.6243611016748103,0.0451646316725069,0.0,1.0,0.0,0.1185283025327974,0.0
1.7,2,0.9839412638610032,0.002221905432294,1.0,0.0,1,1.0,0.0,1.0,2.617818893489432,0.0490027211096625,0.0,1.0,0.0,0.1282802491532681,0.0
1.7,3,0.9832748914237838,0.0024209710456248,1.0,0.0,1,1.0,0.0,1.0,2.599279848586896,0.0558354868789722,0.0,1.0,0.0,0.1451320558805504,0.0
1.7,4,0.98323846837438,0.0024176283494868,1.0,0.0,1,1.0,0.0,1.0,2.6014734341516768,0.0555223114164655,0.0,1.0,0.0,0.1444398181526315,0.0
1.7,5,0.9853747281272298,0.0020353664419587,1.0,0.0,1,1.0,0.0,1.0,2.618189832689935,0.0470838268904539,0.0,1.0,0.0,0.1232743968487194,0.0
1.7,6,0.983481293109306,0.0022856600214885,1.3304347826086955,0.4703696812625573,1,0.6695652173913044,0.0004347826086956,0.9204347826086956,2.61807167425337,0.0516907941565088,0.0,1.0,6.757689602377059e-05,0.1353302040008174,7.67220911484095e-05
1.7,7,0.9867841036842584,0.0018169491810727,1.5295652173913044,0.4991251325275105,2,0.5295652173913044,0.0004347826086956,0.9204347826086956,2.625581686469574,0.0433685061911585,0.0,1.0,0.0001020897231602,0.1138675556250481,0.0001137144303909
1.7,8,0.9831836941742792,0.0022939445882187,2.0,0.0,2,1.0,0.0,1.0,2.622805173473802,0.0520054357692299,0.0,1.0,0.0,0.1364001259842958,0.0
1.7,9,0.9839751023639122,0.0022919611282966,1.0,0.0,1,1.0,0.0,1.0,2.607203087501598,0.0525544949911169,0.0,1.0,0.0,0.1370202416029273,0.0
1.7,10,0.9850629905734596,0.0020770460650621,1.0704347826086955,0.2558783382929501,1,0.9295652173913044,0.0004347826086956,0.9330434782608696,2.6197195194102343,0.0502019578156108,0.0,1.0,7.83598981923001e-06,0.1315150488021649,8.866540402719311e-06
1.7,11,0.9851080125444948,0.0020879108669236,2.0,0.0,2,1.0,0.0,1.0,2.6155644629937336,0.0515015791405586,0.0,1.0,0.0,0.1347057001881045,0.0
1.7,12,0.984370511877508,0.0021662575606576,1.0,0.0,1,1.0,0.0,1.0,2.6190423989693348,0.0499663894252082,0.0,1.0,0.0,0.1308640924280334,0.0
1.7,13,0.9821330286093704,0.0024623867160204,1.0,0.0,1,1.0,0.0,1.0,2.618044975552277,0.057076278360958,0.0,1.0,0.0,0.1494282637861293,0.0
1.7,14,0.9858146211273724,0.0019387146543987,2.0,0.0,2,1.0,0.0,1.0,2.625618268809649,0.0445835452150777,0.0,1.0,0.0,0.117059370805009,0.0
1.7,15,0.9843375266429718,0.0022035687861781,1.0,0.0,1,1.0,0.0,1.0,2.6129490537437485,0.0486677870505816,0.0,1.0,0.0,0.1271664481216195,0.0
1.7,16,0.984607394062588,0.0021171272966287,2.0,0.0,2,1.0,0.0,1.0,2.622416549153165,0.0488827628888014,0.0,1.0,0.0,0.128190966367923,0.0
1.7,17,0.9832866970295762,0.0023537047918842,1.8343478260869568,0.3717681148120778,2,0.8343478260869566,0.0004347826086956,0.9204347826086956,2.611398124106845,0.0560235032377549,0.0,1.0,2.677579915383755e-05,0.1462996712609669,3.069308976779366e-05
1.7,18,0.9819841181169576,0.0025037199765988,1.0,0.0,1,1.0,0.0,1.0,2.614592694945674,0.057941107158098,0.0,1.0,0.0,0.1514923955126275,0.0
1.7,19,0.984854501509418,0.0021034218733311,1.0,0.0,1,1.0,0.0,1.0,2.6202462344762587,0.0493650754124902,0.0,1.0,0.0,0.1293486529642142,0.0
1.8,0,0.985646649043618,0.0018855489016564,2.0,0.0,2,1.0,0.0,1.0,2.724312599928146,0.0486529460416932,0.0,1.0,0.0,0.1325458339250092,0.0
1.8,1,0.988256138094056,0.0015407269662307,1.0,0.0,1,1.0,0.0,1.0,2.728562068361124,0.0407692251309057,0.0,1.0,0.0,0.1112413612486644,0.0
1.8,2,0.9854657646379384,0.0019112609996579,1.0,0.0,1,1.0,0.0,1.0,2.7224250997002746,0.0444400349344817,0.0,1.0,0.0,0.1209846665371902,0.0
1.8,3,0.9849691097239388,0.0020548948004453,1.0,0.0,1,1.0,0.0,1.0,2.706425871582173,0.050392830544738,0.0,1.0,0.0,0.1363844603285353,0.0
1.8,4,0.9849574379460624,0.0020418906376982,1.0,0.0,1,1.0,0.0,1.0,2.7099713281527644,0.0498774648020765,0.0,1.0,0.0,0.1351664995345762,0.0
1.8,5,0.9867662188615326,0.001747770171707277,1.0,0.0,1,1.0,0.0,1.0,2.7229533696983372,0.0425403072521685,0.0,1.0,0.0,0.11583527298029483,0.0
1.8,6,0.985076657820188,0.0019598455371795907,1.0739130434782609,0.26162932840574576,1,0.9260869565217391,0.0004347826086956522,0.9295652173913044,2.722882493257632,0.046534303591480496,0.0,1.0,8.407767131577353e-06,0.126707440585178,9.473093785855703e-06
1.8,7,0.9880083512033963,0.0015688731266638267,1.1778260869565218,0.3823662769573872,1,0.8221739130434783,0.0004347826086956522,0.9204347826086956,2.72985152904494,0.0396342049369513,0.0,1.0,2.9562980523162202e-05,0.10819549494961701,3.2761561833051626e-05
1.8,8,0.9848002017141639,0.0019702829437653413,1.6517391304347826,0.4764191812835583,2,0.6517391304347826,0.0004347826086956522,0.9204347826086956,2.7272900362636663,0.0468113689244242,0.0,1.0,7.213849563614139e-05,0.12766818005144476,8.134828608565665e-05
1.8,9,0.98557282434315,0.0019461776299515472,1.0,0.0,1,1.0,0.0,1.0,2.714697441982108,0.047637562702879374,0.0,1.0,0.0,0.1293215696117689,0.0
1.8,10,0.9864895521569372,0.0017853595805757212,1.1317391304347826,0.33820693657444395,1,0.8682608695652174,0.0004347826086956522,0.9204347826086956,2.724548058716917,0.04570277293996537,0.0,1.0,1.9371821829578563e-05,0.1245194012915627,2.178398948572451e-05
1.8,11,0.9865757421866087,0.0017825294356640193,2.0,0.0,2,1.0,0.0,1.0,2.720907246985498,0.04628781916106928,0.0,1.0,0.0,0.1259448626025076,0.0
1.8,12,0.9858705079985591,0.0018588258690453421,1.0,0.0,1,1.0,0.0,1.0,2.7236447589697605,0.045068327113921294,0.0,1.0,0.0,0.12275011293936648,0.0
1.8,13,0.983900872156671,0.002102896947584766,1.0,0.0,1,1.0,0.0,1.0,2.7234117765862456,0.05118696207613439,0.0,1.0,0.0,0.13940317532581795,0.0
1.8,14,0.9871405146952301,0.0016708676538286222,1.9134782608695653,0.2811329361499285,2,0.9134782608695652,0.0004347826086956522,0.9204347826086956,2.729910547552772,0.040351230249813005,0.0,1.0,1.0575724568691998e-05,0.11015524906569499,1.1740696142606455e-05
1.8,15,0.9858660040667355,0.0018782098262120626,1.0,0.0,1,1.0,0.0,1.0,2.7191695636292548,0.04341871120041384,0.0,1.0,0.0,0.11806283798817394,0.0
1.8,16,0.9860656650426413,0.0018220265674003726,2.0,0.0,2,1.0,0.0,1.0,2.7269562907422955,0.044404556529366666,0.0,1.0,0.0,0.12108928476537831,0.0
1.8,17,0.9849769592992134,0.0019978843823844237,1.3695652173913044,0.4826870285037939,1,0.6304347826086957,0.0004347826086956522,0.9204347826086956,2.7177454774206704,0.0497606977422399,0.0,1.0,7.755858561084415e-05,0.13523691124226947,8.804736916917385e-05
1.8,18,0.9837971163353054,0.002129226449585475,1.0,0.0,1,1.0,0.0,1.0,2.720370776434609,0.051413375603964924,0.0,1.0,0.0,0.13986344451088226,0.0
1.8,19,0.9863256024404605,0.001796549969597929,1.0,0.0,1,1.0,0.0,1.0,2.7253403064988184,0.04376845438430668,0.0,1.0,0.0,0.11928393288670593,0.0
1.9,0,0.9869593209720717,0.0016328113540916042,1.7052173913043478,0.4559449772793184,2,0.7052173913043478,0.0004347826086956522,0.9204347826086956,2.8284850552243954,0.04417042766217231,0.0,1.0,5.84369386759878e-05,0.12493539452532461,6.573778066432454e-05
1.9,1,0.9893004858100318,0.0013370817827777586,1.0,0.0,1,1.0,0.0,1.0,2.832383199982467,0.0370321484108135,0.0,1.0,0.0,0.10488923501804558,0.0
1.9,2,0.9867616992660556,0.001659722755121312,1.0,0.0,1,1.0,0.0,1.0,2.8264022656506507,0.040604822344615536,0.0,1.0,0.0,0.11476556187116352,0.0
1.9,3,0.986389142704855,0.0017635395813156308,1.0,0.0,1,1.0,0.0,1.0,2.8126072237547355,0.04572246803406115,0.0,1.0,0.0,0.12859934388049538,0.0
1.9,4,0.9863658000816736,0.0017552455208887747,1.0,0.0,1,1.0,0.0,1.0,2.8162019507419505,0.045492852122603164,0.0,1.0,0.0,0.12811705889249012,0.0
1.9,5,0.9879507049468046,0.0015146426439106209,1.0,0.0,1,1.0,0.0,1.0,2.8270821266100277,0.03857767265567884,0.0,1.0,0.0,0.10906224885108204,0.0
1.9,6,0.9864085093091786,0.0017039621008439866,1.0469565217391303,0.21154575581961693,1,0.9530434782608695,0.0004347826086956522,0.9565217391304348,2.8270106763495684,0.04281121078551792,0.0,1.0,4.318902490828806e-06,0.12102774995811094,4.841609541582297e-06
1.9,7,0.9890699850110977,0.0013609674281782524,1.0,0.0,1,1.0,0.0,1.0,2.8337327293920573,0.03576637687659198,0.0,1.0,0.0,0.10135235276696997,0.0
1.9,8,0.9861638401014233,0.001710878475384415,1.363913043478261,0.4811240383359059,1,0.6360869565217391,0.0004347826086956522,0.9204347826086956,2.8311175739209715,0.04253704809435739,0.0,1.0,7.612509381834396e-05,0.12042738440265678,8.529263975429398e-05
1.9,9,0.9869224692878926,0.0016690116706293873,1.0,0.0,1,1.0,0.0,1.0,2.8207324712808877,0.042758739175196,0.0,1.0,0.0,0.12061096402250551,0.0
1.9,10,0.987720209020384,0.001542582876690583,1.0,0.0,1,1.0,0.0,1.0,2.828724689799523,0.04114701637878587,0.0,1.0,0.0,0.11639358114225697,0.0
1.9,11,0.9878023053735694,0.0015410220320990684,1.807391304347826,0.3943483054500706,2,0.8073913043478261,0.0004347826086956522,0.9204347826086956,2.8255141256385,0.04207042671794257,0.0,1.0,3.3023951061601074e-05,0.11887058496318609,3.6949527442089226e-05
1.9,12,0.9871266300489004,0.0016165422729815164,1.0,0.0,1,1.0,0.0,1.0,2.8274227034549715,0.04144584922169331,0.0,1.0,0.0,0.11718493505338723,0.0
1.9,13,0.9853920456264782,0.001813667774741723,1.0,0.0,1,1.0,0.0,1.0,2.828212040123016,0.0459053671695754,0.0,1.0,0.0,0.12983011213526097,0.0
1.9,14,0.9882692698635298,0.00145405903504353,1.5569565217391304,0.49674536196262564,2,0.5569565217391305,0.0004347826086956522,0.9204347826086956,2.8335357990174317,0.036806048051073806,0.0,1.0,9.568708659017399e-05,0.1042912547730734,0.00010566641291624296
1.9,15,0.9871367217519792,0.0016257501822814428,1.0,0.0,1,1.0,0.0,1.0,2.823906187458777,0.03950039490028771,0.0,1.0,0.0,0.11154540956598757,0.0
1.9,16,0.9873141660387639,0.0015800022310420573,1.7547826086956522,0.43021601818881433,2,0.7547826086956522,0.0004347826086956522,0.9204347826086956,2.8308749590876534,0.040254957500425084,0.0,1.0,4.586812709540834e-05,0.11395675116709109,5.1095109841320296e-05
1.9,17,0.9863680502772482,0.0017240536552433647,1.0,0.0,1,1.0,0.0,1.0,2.822339675857714,0.04503512265283495,0.0,1.0,0.0,0.1271044134702146,0.0
1.9,18,0.985288975543238,0.0018410960479721887,1.0,0.0,1,1.0,0.0,1.0,2.824778855624262,0.04661676418741458,0.0,1.0,0.0,0.13168204979423104,0.0
1.9,19,0.9875531403310236,0.0015564846425638135,1.0,0.0,1,1.0,0.0,1.0,2.8294214128559276,0.039581769615244504,0.0,1.0,0.0,0.11199350650810293,0.0
2.0,0,0.9880782417979571,0.001426988845315489,1.3143478260869565,0.4642556088205732,1,0.6856521739130435,0.0004347826086956522,0.9204347826086956,2.931993863811756,0.04044517216586956,0.0,1.0,6.345133784270821e-05,0.1185849966111396,7.097571452575804e-05
2.0,1,0.990193887079354,0.0011718626385301683,1.0,0.0,1,1.0,0.0,1.0,2.9354309766931834,0.034028780019483014,0.0,1.0,0.0,0.09988913496826851,0.0
2.0,2,0.9878842364929673,0.0014501918286888627,1.0,0.0,1,1.0,0.0,1.0,2.9302293034916858,0.03693759071274344,0.0,1.0,0.0,0.10823561070686318,0.0
2.0,3,0.987574403877707,0.001535891496205578,1.0,0.0,1,1.0,0.0,1.0,2.917424097508929,0.04233966894140343,0.0,1.0,0.0,0.12352277045020073,0.0
2.0,4,0.9875573791483637,0.0015258038267651907,1.0,0.0,1,1.0,0.0,1.0,2.921247208350162,0.041848041134908524,0.0,1.0,0.0,0.12224847334027428,0.0
2.0,5,0.988962488849087,0.0013259653479493763,1.0,0.0,1,1.0,0.0,1.0,2.930614024918566,0.035374603581831914,0.0,1.0,0.0,0.10366930938285115,0.0
2.0,6,0.9875723519243128,0.0014868249130243658,1.0,0.0,1,1.0,0.0,1.0,2.930699557502778,0.03884834769887471,0.0,1.0,0.0,0.11385283541080618,0.0
2.0,7,0.9899691825468128,0.0011960254174779215,1.0,0.0,1,1.0,0.0,1.0,2.9367017077268636,0.03321377532931289,0.0,1.0,0.0,0.09753895072964953,0.0
2.0,8,0.9873293885770347,0.0014997699616625683,1.2130434782608697,0.4094581231718086,1,0.7869565217391304,0.0004347826086956522,0.9204347826086956,2.9342998395404587,0.03909816067799955,0.0,1.0,3.7927210172682614e-05,0.11472572660378116,4.2278436917797946e-05
2.0,9,0.9880620390823396,0.0014486696196392864,1.0,0.0,1,1.0,0.0,1.0,2.9259801960504714,0.038699734434063285,0.0,1.0,0.0,0.11323465654648167,0.0
2.0,10,0.9887753461472205,0.0013437568747347243,1.0,0.0,1,1.0,0.0,1.0,2.9323909218299353,0.037060207455225674,0.0,1.0,0.0,0.10867501590283786,0.0
2.0,11,0.9888403477246628,0.0013478735177815482,1.4682608695652173,0.49899161075036513,1,0.5317391304347826,0.0004347826086956522,0.9204347826086956,2.929345978860688,0.038824213717758814,0.0,1.0,0.00010159077520420837,0.11372955433654475,0.0001131446487928871
2.0,12,0.9882040983531369,0.0014184756427894384,1.0,0.0,1,1.0,0.0,1.0,2.9306122910447443,0.03855304580703847,0.0,1.0,0.0,0.112984029899318,0.0
2.0,13,0.9866540979757505,0.0015820173283349309,1.0,0.0,1,1.0,0.0,1.0,2.932082239769055,0.04166989680434724,0.0,1.0,0.0,0.12217956435303584,0.0
2.0,14,0.9892405014838701,0.001276390615656595,1.2695652173913043,0.44373394164080254,1,0.7304347826086957,0.0004347826086956522,0.9204347826086956,2.936622825036261,0.03388529836401105,0.0,1.0,5.200674415536831e-05,0.09950834060891872,5.71818489667416e-05
2.0,15,0.9882181776314405,0.0014228955879441603,1.0,0.0,1,1.0,0.0,1.0,2.927700687003586,0.036473331215585235,0.0,1.0,0.0,0.10678299685717824,0.0
2.0,16,0.9883874422250459,0.001381285086739507,1.3730434782608696,0.4836135250258224,1,0.6269565217391304,0.0004347826086956522,0.9204347826086956,2.934119988955359,0.036718719475380884,0.0,1.0,7.843882019566842e-05,0.10773712878155949,8.688959346856273e-05
2.0,17,0.9875511071500074,0.0015022267970368512,1.0,0.0,1,1.0,0.0,1.0,2.92647027745752,0.04105511520691506,0.0,1.0,0.0,0.12014657439063117,0.0
2.0,18,0.9865578477413242,0.0016078311602667431,1.0,0.0,1,1.0,0.0,1.0,2.9285528701540455,0.042674927260147925,0.0,1.0,0.0,0.12497578071132133,0.0
2.0,19,0.9886031102668196,0.0013614063324839942,1.0,0.0,1,1.0,0.0,1.0,2.932852918657838,0.03609009179710424,0.0,1.0,0.0,0.10584693106176647,0.0
2.1,0,0.9890469061992423,0.0012477167047549459,1.0208695652173914,0.14294763539502273,1,0.9791304347826087,0.0004347826086956522,0.9826086956521739,2.995063716501256,0.021476468552038518,0.0,1.0,1.297070374362953e-06,0.06432339171879084,1.3805023401399398e-06
2.1,1,0.9909696983998433,0.0010270439078004208,1.0,0.0,1,1.0,0.0,1.0,2.996743000292435,0.015540348198214607,0.0,1.0,0.0,0.04657042968510677,0.0
2.1,2,0.9888481149806498,0.0012723899868942977,1.0,0.0,1,1.0,0.0,1.0,2.995433215409188,0.01736768509651973,0.0,1.0,0.0,0.05202374081288233,0.0
2.1,3,0.9886103766271935,0.001338642088100206,1.0,0.0,1,1.0,0.0,1.0,2.9928152154311305,0.023428608156100733,0.0,1.0,0.0,0.07011749496595215,0.0
2.1,4,0.9885863133706769,0.0013309538205229393,1.0,0.0,1,1.0,0.0,1.0,2.9933328561111416,0.02267455840721176,0.0,1.0,0.0,0.06787250067811808,0.0
2.1,5,0.9898319223752503,0.0011656402883729827,1.0,0.0,1,1.0,0.0,1.0,2.995836262391866,0.016583528128782145,0.0,1.0,0.0,0.04968153492660108,0.0
2.1,6,0.9885641717649568,0.001304592656289445,1.0,0.0,1,1.0,0.0,1.0,2.9949827607847284,0.019594220389485422,0.0,1.0,0.0,0.05868435227752546,0.0
2.1,7,0.9907613160732276,0.0010468157327610736,1.0,0.0,1,1.0,0.0,1.0,2.9970280734045573,0.01389879309413856,0.0,1.0,0.0,0.041655073089574654,0.0
2.1,8,0.9883454806880947,0.0013130338226696539,1.0,0.0,1,1.0,0.0,1.0,2.995376359903142,0.019050024745632114,0.0,1.0,0.0,0.05706199377863631,0.0
2.1,9,0.9890311594520715,0.0012662102979275757,1.0,0.0,1,1.0,0.0,1.0,2.9947081581391,0.01901755209544454,0.0,1.0,0.0,0.056952018408063104,0.0
2.1,10,0.9896737763503536,0.0011769314873369657,1.0,0.0,1,1.0,0.0,1.0,2.9957269218745273,0.017989004019753292,0.0,1.0,0.0,0.05389014363968403,0.0
2.1,11,0.9897423807485365,0.0011799441322785616,1.0,0.0,1,1.0,0.0,1.0,2.995156744514515,0.020142358531679106,0.0,1.0,0.0,0.06032952100658816,0.0
2.1,12,0.9891550283197427,0.0012405831327805782,1.0,0.0,1,1.0,0.0,1.0,2.9951393795320307,0.018487504848963526,0.0,1.0,0.0,0.05537265380242003,0.0
2.1,13,0.987734420951075,0.0013850383737055148,1.0,0.0,1,1.0,0.0,1.0,2.9943653607630507,0.02143343328860447,0.0,1.0,0.0,0.0641795302016229,0.0
2.1,14,0.9900850322566107,0.0011197840615188883,1.0326086956521738,0.17761015911269773,1,0.967391304347826,0.0004347826086956522,0.9708695652173913,2.9967475458011648,0.014532496327835442,0.0,1.0,2.518108236522645e-06,0.0435502227048053,2.6277724110180105e-06
2.1,15,0.9891493884386573,0.0012506024573406592,1.0,0.0,1,1.0,0.0,1.0,2.995208983164743,0.01732163317157612,0.0,1.0,0.0,0.05188191127858919,0.0
2.1,16,0.9893099354011365,0.0012107792583027374,1.0743478260869566,0.2623360951967918,1,0.9256521739130434,0.0004347826086956522,0.9291304347826087,2.995932635583921,0.01708591680248775,0.0,1.0,8.480070974562885e-06,0.05118825575744472,8.914151016450094e-06
2.1,17,0.9885662974327691,0.00131457791664876,1.0,0.0,1,1.0,0.0,1.0,2.994152443438599,0.02185964192860564,0.0,1.0,0.0,0.06545110029322743,0.0
2.1,18,0.9876491430864731,0.0014087103871178177,1.0,0.0,1,1.0,0.0,1.0,2.9937143919052454,0.02296243192522495,0.0,1.0,0.0,0.0687429629276904,0.0
2.1,19,0.9895085780967496,0.0011935467209072302,1.0,0.0,1,1.0,0.0,1.0,2.9960125537680318,0.016941103555207174,0.0,1.0,0.0,0.05075575892608493,0.0
2.2,0,0.9898104349958095,0.0010146654256637687,1.0,0.0,1,1.0,0.0,1.0,2.9995172480555046,0.006934333270605389,0.0,1.0,0.0,0.020799652248946,0.0
2.2,1,0.9915806985305604,0.0008303098149697954,1.0,0.0,1,1.0,0.0,1.0,2.9998316034091443,0.003540642777534718,0.0,1.0,0.0,0.01062133210043098,0.0
2.2,2,0.9896105540616645,0.0010373784712590778,1.0,0.0,1,1.0,0.0,1.0,2.999828726405864,0.003117319167267172,0.0,1.0,0.0,0.009351423587343668,0.0
2.2,3,0.9894375881512718,0.0011046031957186071,1.0,0.0,1,1.0,0.0,1.0,2.999529240110269,0.0062086088771103505,0.0,1.0,0.0,0.01862290386730068,0.0
2.2,4,0.9894141967381869,0.0010893069481408666,1.0,0.0,1,1.0,0.0,1.0,2.9995880890779514,0.0055957489507430765,0.0,1.0,0.0,0.016784941902119377,0.0
2.2,5,0.9905254761832145,0.0009497011916875191,1.0,0.0,1,1.0,0.0,1.0,2.9998337354753373,0.003199801571881407,0.0,1.0,0.0,0.009598872702156858,0.0
2.2,6,0.9893558176145212,0.001061821864901996,1.0,0.0,1,1.0,0.0,1.0,2.9997014088790266,0.004727345006954624,0.0,1.0,0.0,0.014180623477619019,0.0
2.2,7,0.9913798711997117,0.0008424603613989912,1.0,0.0,1,1.0,0.0,1.0,2.9998991288159402,0.002518578293489328,0.0,1.0,0.0,0.007555480828493373,0.0
2.2,8,0.9891463433753586,0.0010634491013258621,1.0,0.0,1,1.0,0.0,1.0,2.9997231854681554,0.0046862112474837505,0.0,1.0,0.0,0.014057336531078655,0.0
2.2,9,0.9898031750147889,0.0010324551168197512,1.0,0.0,1,1.0,0.0,1.0,2.9997849344380456,0.003664438985291337,0.0,1.0,0.0,0.010992528861244391,0.0
2.2,10,0.9903843327004938,0.0009558371956358142,1.0,0.0,1,1.0,0.0,1.0,2.999759666297445,0.004268255092633414,0.0,1.0,0.0,0.01280373947235038,0.0
2.2,11,0.9904578059165005,0.0009634679245111607,1.0,0.0,1,1.0,0.0,1.0,2.9996367591785127,0.0058075899616106185,0.0,1.0,0.0,0.01742066033108334,0.0
2.2,12,0.9899058713635888,0.0010102591612301853,1.0,0.0,1,1.0,0.0,1.0,2.999786436348521,0.0036390716458914053,0.0,1.0,0.0,0.010916437764245526,0.0
2.2,13,0.988588915463072,0.001129470659236433,1.0,0.0,1,1.0,0.0,1.0,2.9996100965076127,0.005332870521549652,0.0,1.0,0.0,0.015996532259808155,0.0
2.2,14,0.9907484055369646,0.0009035532134966273,1.0,0.0,1,1.0,0.0,1.0,2.999892696768413,0.0024735702671912435,0.0,1.0,0.0,0.007420445379490504,0.0
2.2,15,0.9899032153933907,0.0010175762628497481,1.0,0.0,1,1.0,0.0,1.0,2.9998664180540113,0.002778082260058279,0.0,1.0,0.0,0.008333875678540421,0.0
2.2,16,0.9900387887677755,0.0009801917004659154,1.0,0.0,1,1.0,0.0,1.0,2.999808562057126,0.0036208838847821955,0.0,1.0,0.0,0.010861958479784299,0.0
2.2,17,0.9893735624736651,0.0010782573892130123,1.0,0.0,1,1.0,0.0,1.0,2.9995749627464883,0.00601507689535809,0.0,1.0,0.0,0.018042674054311005,0.0
2.2,18,0.9885131548870215,0.0011568119543247483,1.0,0.0,1,1.0,0.0,1.0,2.9994928600940733,0.0064068062381279186,0.0,1.0,0.0,0.01921716956727086,0.0
2.2,19,0.9902224511801063,0.0009683871754986359,1.0,0.0,1,1.0,0.0,1.0,2.9998159121593075,0.003529997233633315,0.0,1.0,0.0,0.010589341871331554,0.0
