K_base,R_mean_mean,R_mean_std,R_std_mean,R_std_std,cluster_mean_mean,cluster_mean_std,cluster_std_mean,cluster_std_std,dominant_fraction_mean,dominant_fraction_std,switching_rate_mean,switching_rate_std,memory_score_mean,memory_score_std,Kij_mean_final_mean,Kij_mean_final_std,Kij_std_final_mean,Kij_std_final_std,Kij_density_weak_mean,Kij_density_weak_std,Kij_density_strong_mean,Kij_density_strong_std,reorganization_score_mean,reorganization_score_std,adaptive_network_score_mean,adaptive_network_score_std,adaptive_reorganization_score_mean,adaptive_reorganization_score_std
0.2,0.06484327969552037,0.012035162820743194,0.03295004041793421,0.006359501985320752,0.03404347826086952,0.009133267513060584,0.18212766851101372,0.024013810567705372,0.9664130434782608,0.008974781990108358,0.023347826086956486,0.004571152293483543,0.6912391304347827,0.12985548513712075,0.22099436994176663,0.002161734600544142,0.12263549490921795,0.004721746670388891,0.48100273760408896,0.005456189033418171,0.0,0.0,0.00015671295408705024,8.870662250086134e-05,0.027110947203702135,0.0013108206331906534,0.00016095532676131514,9.106775697126056e-05
0.3,0.07716452914363389,0.0215559235934998,0.03731951756397148,0.008071535532364527,0.03786956521739126,0.012217069631016982,0.19159231527723014,0.029857937121858538,0.9627608695652174,0.011850287360075533,0.02558695652173909,0.00624870895032853,0.6980652173913043,0.1322733483462112,0.31796576864820353,0.0036276207087945797,0.12878119674511843,0.008601480311069215,0.0540450213681211,0.0034942418583443348,0.0,0.0,0.00020984425149115187,0.00016072253660297,0.04097700386038989,0.0032508168517344596,0.00021874286339750143,0.00016847362445401637
0.4,0.09978435940998583,0.03883539071141968,0.043352207218630076,0.011281022244806689,0.05282608695652169,0.03362149513082896,0.22148177888469406,0.060080363354771155,0.9489130434782609,0.03130323542391702,0.03395652173913039,0.016161248455691835,0.583,0.16873651278013152,0.41871305846830087,0.00844163688335006,0.1421986227063802,0.018353315418059707,0.02287873016449968,0.0023917989127241177,0.0,0.0,0.000648150703619189,0.0011421607158347725,0.05968455734773287,0.00916241301272523,0.0006962935209652864,0.0012402304095427406
0.5,0.1550223280659051,0.07165707528680713,0.05263279764477965,0.010450327050900701,0.12728260869565214,0.11884830838480522,0.3272623323080849,0.14413572087080495,0.8859999999999999,0.09544919174177846,0.06804347826086952,0.05084765512233242,0.37428260869565216,0.19944701559224665,0.5304234368771168,0.022218231312307844,0.17691697961588373,0.04167965255791043,0.014285761331939895,0.002336725533463338,0.0,0.0,0.0065571277263956245,0.013089433405982693,0.09471033011019789,0.027165829796168526,0.007482500044524575,0.015180562665842773
0.6,0.29128405554557235,0.13154360857636627,0.059385212928315646,0.0206212879266513,0.6799347826086957,0.8257999414080444,0.6725718474283633,0.34280531422929716,0.657,0.22673752991486285,0.20195652173913042,0.1474822019787724,0.1918043478260869,0.15088821197226723,0.6884538618139333,0.07038624876668623,0.2595994458756844,0.07326628045032785,0.009913207936461025,0.004059323468067244,0.015548657864784021,0.011034416448947565,0.10411756479880588,0.15422498073279028,0.1833131019695879,0.07094807108717059,0.13284776544426904,0.20339432795485604
0.7,0.544955222924548,0.17017182046276413,0.044563126143307555,0.014892598309467585,3.5666956521739133,2.4353083830809616,1.369462153605002,0.4184254061714872,0.3293043478260869,0.1797798983744191,0.4665869565217391,0.15741085349596617,0.09406521739130427,0.031366032221428496,0.9769921420849913,0.14353819970125525,0.3698784223509515,0.05810270741666238,0.00523458471395964,0.0030014421295709954,0.14523014891985664,0.08453715680339685,0.5160125046653596,0.26974198134450544,0.36666741764778576,0.09190452721514586,0.7265388182063128,0.393056806001466
0.8,0.8167639949042987,0.045476130875434194,0.026727632761477826,0.005728862105051705,8.210456521739129,0.709139988949973,1.8327043781884313,0.15417082246007152,0.22023913043478255,0.025794884802648226,0.4958913043478261,0.06819276507545327,0.0865217391304347,0.0,1.3788398755619398,0.06990713797307495,0.3552998344573622,0.033135404242136124,0.0003815789473683806,0.00038883216353022954,0.5444805764411027,0.094942612289519,0.7075293307267867,0.11104399821657918,0.4881824929409387,0.030918179163582957,1.054673698451312,0.1772456437758592
0.9,0.9004482073401363,0.018863936832380187,0.017869682690303316,0.002766092004586832,8.239369565217391,0.825451429329956,1.7433589086789933,0.2327635640705725,0.23639130434782601,0.03516356029386168,0.3095434782608696,0.08931141696935797,0.0865217391304347,0.0,1.619618886721124,0.037154510376272556,0.27457799228314883,0.030763823289995884,5.012531328320802e-06,1.311148781405005e-05,0.806859022556391,0.042609797835056466,0.4290253775198719,0.18072159457372375,0.4438775489220304,0.04236105830944239,0.625332809498584,0.2774381930272295
1.0,0.9361960194183313,0.01187194886062472,0.011752009742844734,0.0015297841935372587,6.35295652173913,1.2960801099384143,1.2421202353540108,0.3309172160795137,0.33354347826086955,0.087865305492343,0.14115217391304344,0.07407255301485359,0.08721739130434775,0.003111051099130147,1.7943277271531357,0.024809040684843558,0.2106387246866356,0.029633878349071656,0.0,0.0,0.9261898496240601,0.022579096969529342,0.1370716223382466,0.10699363455295913,0.37737228755461205,0.048670494953262484,0.19305378023000438,0.15738991836042093
1.1,0.9546396372381352,0.007787204516583982,0.008446292897405661,0.0011332249370538132,4.560282608695653,1.3191139568592918,0.9108554744172096,0.29081630006628567,0.4467608695652173,0.1253018621610579,0.05315217391304344,0.03798891150419952,0.14184782608695645,0.09531549599482046,1.9362352422867126,0.019143556226666327,0.16172653813173613,0.02756378418607463,0.0,0.0,0.9717838345864662,0.012541125490227853,0.035735245729296095,0.03261953449092546,0.3127387510013021,0.050855721216973786,0.04830307427394638,0.04513872790311003
1.2,0.9659068205261704,0.004735665390743595,0.006318075874762305,0.0008371264920983521,3.129413043478261,1.0634469317643158,0.5339159649576497,0.2635950859496397,0.6612173913043479,0.1987946766148504,0.01519565217391299,0.01598581290729482,0.42741304347826087,0.31244178365308495,2.0636569729641723,0.014783912762505739,0.12236810067376572,0.019162998438820654,0.0,0.0,0.9906986215538847,0.005426550088564872,0.005285338346460765,0.007970158506129808,0.2523299843125123,0.03818938767860124,0.006826373569577745,0.010435751170947603
1.3,0.9726873843135275,0.0029477491689548878,0.00489334226401727,0.0005827614250572425,2.2275652173913043,0.8923269838042953,0.4018566857392048,0.3320882303591338,0.7599130434782608,0.21969052318549084,0.0039565217391304055,0.006029311878744616,0.7682608695652174,0.2708088607501423,2.181142706739958,0.012745928736006782,0.0948506166627197,0.013415841488351067,0.0,0.0,0.997546992481203,0.0023030417381536944,0.00124256427688294,0.002440775444131815,0.20679893124688448,0.028671757407601257,0.0015299628509460278,0.0030061001405081804
1.4,0.9770126585722428,0.002315426858232981,0.003851182938725505,0.00042418662496147554,1.7064782608695652,0.6320155656755563,0.1591362085907054,0.20498710998557945,0.9201086956521738,0.12815450540653822,0.001195652173913025,0.003122144501768199,0.9140869565217391,0.17400394649456088,2.2932815118598184,0.011880279290903966,0.07744462312494274,0.01145654613630194,0.0,0.0,0.9993364661654136,0.001504789445178621,0.00012881120864963728,0.0004407868463674829,0.17753600828946453,0.02580907153344285,0.00015720895543045956,0.0005393577080669294
1.5,0.9800816322093502,0.0018683118815079663,0.00312789612245077,0.00032359050966652964,1.5674565217391305,0.5643456624831151,0.13071623741293922,0.2102005823258241,0.9079565217391303,0.16852252906276738,0.000347826086956505,0.0010612521349429485,0.962391304347826,0.08237501574858812,2.4029058068083136,0.009914990566309179,0.06593971517538252,0.008416854854522041,0.0,0.0,0.9998721804511279,0.0005569504169725407,7.748462135741435e-05,0.0002856109072758464,0.15841005855695797,0.019947157839618077,9.360896331532633e-05,0.0003478884385842103
1.6,0.9824551131724573,0.0015494418880163388,0.00259084607305227,0.00025082290244267467,1.4310652173913043,0.48520509804149436,0.10770947364232437,0.1852525243222452,0.9362391304347826,0.127698318357729,0.00013043478260868,0.00020441841129633512,0.981108695652174,0.032714085983702505,2.510639651390867,0.008556919465706359,0.05699706874742631,0.005137985757668084,0.0,0.0,1.0,0.0,1.2389075169503329e-05,2.6243788285069424e-05,0.14307274296944467,0.01260604672269172,1.4139734818519774e-05,2.9897553290250572e-05
1.7,0.9842956871409541,0.001340840975668057,0.002189726684085485,0.00019957885257584367,1.3382391304347825,0.447367130017392,0.07985706334475479,0.16959949398651686,0.9481521739130436,0.1275546921231773,8.695652173911999e-05,0.0001784310177539184,0.9847173913043479,0.03145915036167475,2.6166923966490447,0.007263804788255958,0.05103581969101963,0.004206096870107243,0.0,0.0,1.0,0.0,1.0213920407851907e-05,2.683361129348672e-05,0.13352618619555484,0.010773502140919421,1.1499807585491125e-05,3.0081486488197192e-05
1.8,0.9858263944883203,0.0011802107415962025,0.001872582419841741,0.00016281482574078023,1.2659130434782608,0.3997387565961329,0.11112208439374287,0.18079840269906913,0.9406086956521739,0.11453429905983728,0.00013043478260869567,0.00020441841129635968,0.9765869565217391,0.03674289447632101,2.7220688320754003,0.0061551616159048516,0.045932657793149714,0.0035885782961550218,0.0,0.0,1.0,0.0,1.0880768764999783e-05,2.3264212377037065e-05,0.12501799961853194,0.009586793070992724,1.2257749825103439e-05,2.6298168672115606e-05
1.9,0.9871131735683101,0.001057277968917155,0.0016201562031900516,0.00013750639234008243,1.1617608695652173,0.2938327200913455,0.12349622285181758,0.2008460776383937,0.9206739130434782,0.1431228852509582,0.00013043478260869567,0.0002044184112963597,0.9779347826086957,0.035396998007085886,2.8265242860912743,0.005424055810578124,0.04169187412784428,0.0032161066836759876,0.0,0.0,1.0,0.0,1.56730049866172e-05,2.9617013149684027e-05,0.1178319946380818,0.008942961143899862,1.7479154007992665e-05,3.296783403294593e-05
2.0,0.9882107838037607,0.000954316778748049,0.001415607641951365,0.0001174964591432532,1.081913043478261,0.15236767004498633,0.1150026404704686,0.20499699083803935,0.9180869565217391,0.1523676700449863,0.00010869565217391305,0.00019315724274753015,0.980108695652174,0.03534777542279802,2.9302685887181945,0.0048500803618804,0.038191936090000246,0.0028934916885730304,0.0,0.0,1.0,0.0,1.6670744378531797e-05,3.1692857190248044e-05,0.11190341908267139,0.00835212341812792,1.852351213358737e-05,3.523147897178263e-05
2.1,0.9891584720506655,0.0008686759970593612,0.0012396768617015626,0.00010201246113894433,1.006391304347826,0.01807803203516496,0.029144694485225615,0.0739172216937097,0.9936086956521739,0.018078032035165004,6.521739130434783e-05,0.00015928154284022752,0.9941304347826087,0.016989933637026007,2.9951738289357186,0.0011134730556657338,0.01886936556317528,0.0027987382025381393,0.0,0.0,1.0,0.0,6.147624792724242e-07,1.9517361537345153e-06,0.056514229543970396,0.00836260128912048,6.461212883804023e-07,2.050976770036407e-06
2.2,0.9899100329773833,0.000798924597625373,0.0010094982064174259,8.755139889009022e-05,1.0,0.0,0.0,0.0,1.0,0.0,0.0,0.0,1.0,0.0,2.9997240835173375,0.0001326579961894022,0.004403261607459864,0.0013956128655003865,0.0,0.0,1.0,0.0,0.0,0.0,0.013208396548247453,0.004185820787213948,0.0,0.0
