K,R_mean_mean,R_mean_std,R_std_mean,R_std_std,R_var_mean,R_var_std,R_ac1_mean,R_ac1_std,recovery_proxy_mean,recovery_proxy_std,R_range_mean,R_range_std,rolling_var_mean,rolling_var_max_mean,rolling_ac1_mean,dR_dK,dVar_dK,dAC1_dK,dRecoveryProxy_dK,critical_slowing_score
0.4,0.1277078780857118,0.032220126897419384,0.047350851094625314,0.01584626779667334,0.0024806520923150712,0.0018810957199119761,0.9999621300222596,2.5797973205842595e-05,0.008151202742327768,0.002781569880808145,0.16384229609550643,0.040770655836649544,0.0001801279246905994,0.0008065388355738398,0.9997701469279787,0.8266162302146896,0.033896725801375066,0.00031664752312199384,-0.03578397446846291,0.7105637788465177
0.425,0.148373283841079,0.051518598279314994,0.05445306192736834,0.019545743488265908,0.0033280702373494468,0.002017350706821586,0.9999700462103377,2.2031348980372018e-05,0.007256603380616197,0.0025010531291596635,0.18577874238874018,0.061363051796584266,0.0001918031889277394,0.0007633389478353065,0.999779577059819,1.6912537075668919,0.014381074886750445,0.00022772929820646937,-0.021486772169041046,0.8884024799077876
0.45,0.21227056346405648,0.0585458978819673,0.055056598445291836,0.013317056901285856,0.0031997058366525916,0.001365703933057583,0.9999735164871701,1.354273030243819e-05,0.00707686413387572,0.0020286581152551345,0.18596673698918056,0.044143696722650415,0.0001992911665490713,0.0008481751130643897,0.9997737280221566,2.2406385770292534,-0.008859536679505453,-0.00014593931562600915,0.02061976718391967,0.9409331519928781
0.475,0.26040521269254163,0.08101890212331171,0.049580156908025454,0.021198347610622625,0.002885093403374174,0.002449938213292219,0.9999627492445562,1.825785486747813e-05,0.008287591739812177,0.00241823942258581,0.1697679323019239,0.06464469955227915,0.00019965279881624596,0.0008973089056791277,0.9997279700577334,2.3623723510717696,-0.019216359434340836,-0.0003791836569142504,0.041969180759162145,0.8946924747098536
0.5,0.33038918101764503,0.09681185535448966,0.04426324179740454,0.017157269152110043,0.0022388878649355496,0.0018361995004483396,0.9999545573043246,2.3330515109460313e-05,0.009175323171833828,0.002757145793785656,0.15972045977883184,0.05617954567743735,0.00018383775214898416,0.0008319291754899684,0.9997040055144557,2.598200672328307,-0.02994122250988127,-0.000648249637858811,0.06435020399422167,0.8504532044406168
0.525,0.3903152463089571,0.09691208103571353,0.03361070361853673,0.016490918717728485,0.001388032277880109,0.0017729509391324328,0.9999303367626633,3.494487495549953e-05,0.011505101939523263,0.0035518559754280565,0.12138529391617377,0.049401820288892236,0.00013574860762494945,0.0006587230791477074,0.9996340460586506,2.2266365981110754,-0.011098285076895371,-0.0003715029251232238,0.0360289605874731,0.7110091357674152
0.55,0.4417210109231989,0.08213947971963186,0.03668310334466476,0.0188714080610248,0.0016839736110907805,0.0022434325294736833,0.9999359821580684,2.8265117394261366e-05,0.010976771201207484,0.0028938382094856187,0.1349434327248789,0.059681988793165365,0.0001653272186418248,0.0007390983829511034,0.9995998634278582,1.8687040787906604,-0.007864962786781959,-0.00019113573983986498,0.010750982471578185,0.7037171599890025
0.575,0.48375045024849006,0.05736124467092326,0.02979934995383198,0.01060202964034766,0.0009947841385410162,0.0008844357971575232,0.9999207799756714,2.8911015489788585e-05,0.012042651063102166,0.0025569635566434325,0.11141502415579636,0.030530196270624796,0.0001367653298973057,0.0007100534081603153,0.9994808929835992,1.2071495964796313,-0.0159464787617723,-0.0008391254590911501,0.060130802971157665,0.5705329368630372
0.6,0.5020784907471801,0.05040554570856315,0.028662281687697366,0.00827954241408224,0.0008866496730021692,0.000499930005819433,0.9998940258851137,5.2370643998377976e-05,0.013983311349765364,0.003870451938989238,0.10872358063439128,0.024126355765892362,0.00013624487441223638,0.0006615015299161733,0.9993167437516943,0.7719256782125825,0.00040416940137099483,-0.0010559716961964227,0.05399105466853993,0.4982721009236494
0.625,0.5223467341591193,0.041311304155885784,0.031113608140217387,0.007028962422986194,0.0010149926086095659,0.0004440391497374293,0.9998679813908616,6.474961853717736e-05,0.014742203796529166,0.003644069770851367,0.11530706156697815,0.023148876181345087,0.00018266383014602284,0.000757408893628235,0.9990763325167858,0.691987514479159,0.01734677856993539,-0.0005457786656748453,0.010660442694635786,0.49345619124123746
0.65,0.5366778664711381,0.033424753659734234,0.040259356497594975,0.01183984423343911,0.0017539886014989394,0.0009896447562949891,0.9998667369518299,8.485855284705521e-05,0.014516333484497154,0.004117061643490489,0.15201366785953857,0.04000937810690268,0.00027557993579014077,0.0015041019811140586,0.9988912722630765,0.68411298234785,0.022347108758880168,-0.0007889960943643359,0.01687358013269108,0.5499538545781161
0.675,0.5565523832765118,0.03363706045176105,0.043812085838960534,0.014968358943666861,0.0021323480465535753,0.0015738622984891445,0.9998285315861434,8.891165038113216e-05,0.01558588280316372,0.0033057850770531563,0.16918299660897534,0.053110442008551445,0.0003556327052162206,0.002350333956671312,0.9983649990376829,0.7025214002562485,-0.00038604051228028485,-0.0013356260815520216,0.049832896574393104,0.572196631428805
0.7,0.5718039364839507,0.03407218521391295,0.039684929869862336,0.012969312651065676,0.0017346865758849292,0.0011187717634932933,0.9997999556477526,9.354412555273258e-05,0.017007978313216807,0.004073056245853296,0.15784176993441584,0.05383739737416686,0.00036721111399571553,0.002839807843558171,0.9982881805038011,0.6819408002698459,-0.018956897311597852,-0.004063590121582195,0.12253323909821173,0.5310819373256237
0.725,0.590649423290004,0.04449970890598581,0.03162373491859414,0.013933774596175444,0.001184503180973683,0.0008933482384242503,0.9996253520800641,0.00034757908280673205,0.021712544758074312,0.007731260425751072,0.13050916093217474,0.06122665367452171,0.00030633992294028993,0.0018042070012015874,0.9978952408898749,0.9371196152071253,-0.027289221347133845,-0.013068109259673832,0.29115486131411916,0.4940738590910356
0.75,0.618659917244307,0.053561622243945395,0.01681100103318018,0.009603494582738358,0.0003702255085282358,0.00034323519907669903,0.9991465501847688,0.0009056055111805384,0.03156572137892278,0.010639889529309707,0.06945359520110252,0.037569550493210604,0.00012384818463260537,0.0005353228114863801,0.9968686947933847,1.686391426419723,-0.02286882049648515,-0.05317666960378986,0.4757871744916299,0.4847352887892619
0.775,0.6749689946109902,0.050476628159805234,0.0057779843844899354,0.0028427289709223296,4.1062156149424616e-05,3.6689161864167984e-05,0.9969665185998746,0.004410944600820929,0.04550190348265583,0.009703068809313386,0.026217209591091,0.012945165238040734,2.288299620533141e-05,7.712065492076658e-05,0.9938991451246594,2.1853854891208506,-0.007253240986546536,-0.023358410273036867,0.27550614446984745,0.4925937756978056
0.8,0.7279291917003496,0.03927976426435885,0.0022838343764103727,0.0015719782180207006,7.5634592009087155e-06,1.2607578779044041e-05,0.9979786296711171,0.001904581643354404,0.045341028602415165,0.011041739297947316,0.00985020257983773,0.0068226994895699555,6.271969447189415e-06,1.582297119085346e-05,0.9966431624942086,1.8496689583617254,-0.0007770452724271542,0.037846465018130715,-0.21498373629452527,0.4567829823699769
0.825,0.7674524425290766,0.03010819338253312,0.0009823069246550058,0.001144766413241567,2.20989252806684e-06,5.335421809294016e-06,0.9988588418507813,0.0013572472193733442,0.03475271666792964,0.007711702173980306,0.00353020062593149,0.003992961743406569,1.9879030053177803e-06,3.775085606762174e-06,0.9985910255555426,1.3797196021140934,-0.00014742865180744709,0.030061415758218857,-0.311716023110291,0.4205059095654705
0.85,0.796915171806054,0.024446992036537756,0.00025690917906431154,0.00036422128069982094,1.9202661053638535e-07,4.037384929030753e-07,0.9994817004590277,0.00029804007232760686,0.02975522744690065,0.011565873892175955,0.0008372437635362328,0.0011525339920521395,1.7893896540544896e-07,2.933701190674591e-07,0.9993159106910747,1.0404991918779718,-4.4150109891855506e-05,0.014593060124749258,-0.1832661127466979,0.39441760019160704
0.875,0.8194774021229753,0.020903315949966184,2.7280622156576335e-05,4.158442432111898e-05,2.387033474062812e-09,4.7507320719475555e-09,0.9995884948570188,0.00029808371517445485,0.025589411030594734,0.013370933057169125,0.00011723089278805609,0.00017509971801350454,2.1582744655315216e-09,6.062902584317473e-09,0.999397411910196,0.8141237269279404,-3.840221809163248e-06,0.0036971011641568907,-0.1792617031942163,0.3806245192368748
0.9,0.837621358152451,0.018319220149135014,2.1321423123040963e-06,3.398768721769834e-06,1.5520078222794366e-11,3.621417792379484e-11,0.9996665555172356,0.00033536182881565885,0.020792142287189827,0.0150760969722252,1.140412552407266e-05,1.8054971670174558e-05,1.2913567894757247e-11,6.197171708843309e-11,0.9994789413636893,0.6645926992951132,-4.773864989786805e-08,0.0027573405328524814,-0.16064441219733777,0.3807042592087247
0.925,0.852707037087731,0.01627258350459777,1.6928146980361647e-07,2.759156114094081e-07,1.0097916940732883e-13,2.835671641652527e-13,0.9997263618836614,0.00033058266233073583,0.01755719042072784,0.015223987585317312,1.0259487496666608e-06,1.7189470729867828e-06,7.45078078446083e-14,5.253782335725275e-13,0.9995904888616609,0.5579515686503349,-3.103879239274271e-10,0.0027173077307800497,-0.12972129078182704,0.38489402158395747
0.95,0.8655189365849679,0.014545729931398403,1.465315535938902e-08,2.21789720461906e-08,6.820264229608102e-16,2.0375705972959315e-15,0.9998024209037748,0.00027662570563629464,0.014306077748098486,0.013100481553487683,8.96957776719276e-08,1.5000686180563162e-07,4.471107386522112e-16,4.187912816385612e-15,0.9996757239159149,0.476629827945235,-2.019479342790861e-12,0.002524438460458356,-0.12557819027019906,0.39862210185851416
0.975,0.8765385284849927,0.013063451257186923,1.5446074982919812e-09,1.7218275060498822e-09,5.202267786340272e-18,1.2833473336050605e-17,0.9998525838066842,0.00028776390087815285,0.011278280907217893,0.011205345023858693,8.648803301314346e-09,1.1646885000981215e-08,2.6228239923758152e-18,2.7370360909138097e-17,0.9997167165416286,0.41161167054556813,-1.3638741493452027e-14,0.002005182432156971,-0.10072702070290146,0.4238818162514707
1.0,0.8860995201122464,0.011797262351959083,2.2589154515722195e-10,2.008437413951543e-10,8.934828820824066e-20,1.5278471993058084e-19,0.9999026800253826,0.0002710274584514257,0.009269726712953407,0.010354933650331462,1.2948660810252478e-09,1.357744882403829e-09,1.625833662631552e-20,2.0166331594589803e-19,0.9998035822725964,0.3584287140335931,-1.0399063285650949e-16,0.001971624376036374,-0.06659433174227622,0.4511108361210868
1.025,0.8944599641866725,0.010717568894998246,3.7523285556288817e-11,3.7390493526447165e-11,2.736143514782516e-21,6.28927465174131e-21,0.9999511650254862,0.00014954310182629506,0.007948564320104084,0.006698319851028095,1.9687908525689578e-10,1.9315223477177922e-10,1.885582651546863e-22,3.2804649947172422e-21,0.9983349400547035,0.3145027587574951,-1.7850826757264325e-18,0.0014553622421829004,-0.04444126040282434,0.47711001991924806
1.05,0.9018246580501212,0.009793226254929852,6.57016975929441e-12,7.326038008275273e-12,9.415442191970598e-23,2.5056794407104083e-22,0.9999754481374918,7.719137727243734e-05,0.007047663692812192,0.002874173633621116,3.3938479804263014e-11,3.826911910010704e-11,4.81030310256382e-24,9.459846224614252e-23,0.9795877979956182,0.2779275682128244,-5.466335031325014e-20,0.0008781154875165953,-0.0246067947018814,0.500699724598989
1.075,0.9083563425973138,0.008996378994604632,1.1766609757819364e-12,1.294306588611022e-12,2.9759991199839046e-24,7.821750398459589e-24,0.9999950707998619,1.7092567235909195e-05,0.0067182245850100075,0.000588756817633932,6.2627181218744e-12,6.913247690571302e-12,1.5536626414038054e-25,3.336914422097684e-24,0.8802099230929507,0.24720502953344692,-1.8812827834121977e-21,0.000373745782596302,0.016883725194966392,0.5093893350792709
1.1,0.9141849095267934,0.008303883192396258,2.1098245663232867e-13,2.1949499955982792e-13,9.028274909679284e-26,2.213744041892631e-25,0.9999941354266216,1.6231585487729128e-05,0.007891849952560526,0.0017602203574928728,1.1447787162666145e-12,1.1939868065850877e-12,5.064186078724322e-27,1.1278584607641602e-25,0.7411530982941832,0.22117137773917506,-5.94635765904058e-23,-0.001594243681431351,0.15808803882877237,0.4691330315876848
1.125,0.9194149114842725,0.007697091689066708,3.8409282566843085e-14,3.762722245631301e-14,2.820290463587619e-27,6.401241704358678e-27,0.9999153586157904,0.00016391582408698406,0.014622626526448584,0.009048463137671006,2.1374013670083514e-13,2.089641710023187e-13,2.638566774077531e-28,3.8998972085968565e-27,0.6243255178808329,0.19892852732290578,-1.8038104297176135e-24,-0.03238851751845928,0.8700392108683362,0.3677352679114055
1.15,0.9241313358929387,0.007161204816073806,7.126496307424333e-15,6.604676277397438e-15,9.222761091248832e-29,1.9388571897700137e-28,0.9983747095506986,0.003531664451072254,0.05139381049597719,0.042250538973846806,4.0839553960836386e-14,3.756424771083217e-14,7.775236138018446e-29,1.697624129410012e-28,0.6072621969239533,0.17978056169570067,-5.63423973080746e-26,-0.5206697784364849,4.1792710154613815,0.2812651113230795
1.175,0.9284039395690575,0.006684543546135044,1.3569197891632454e-15,1.1829342953178621e-15,3.170598183910034e-30,6.158770190059414e-30,0.9738818696939658,0.0364957226135853,0.22358617729951905,0.1651678042189286,8.143485885625523e-15,6.935705078117265e-15,3.380767349297605e-29,3.6880728344279844e-29,0.43112307764317864,0.1631832095882011,-1.8417914707678855e-27,-5.398617252108462,11.21223103840093,0.23156988725893562
1.2,0.9322904963723488,0.006257873398173307,3.1966587294756426e-16,1.9426271892484636e-16,1.3803737409319846e-31,2.047397804675043e-31,0.7284438469452772,0.28721419513216023,0.6120053624160222,0.2801116633623438,1.915134717478395e-15,1.2765023974252066e-15,3.523548808789774e-30,3.8130618060994485e-30,0.4373760757642252,0.15546227213165287,-1.2130243239267385e-28,-9.81752090994758,15.536767404660184,0.0
