init_kind,K,R_mean_mean,R_mean_std,cluster_mean_mean,cluster_mean_std,cluster_final_mean,single_cluster_fraction_mean,multi_cluster_fraction_mean
near_sync,0.4,0.11703371973716084,0.04343201806532776,0.002,0.0030478637902981373,0.0,1.0,0.0
near_sync,0.425,0.13205503007673225,0.04956632883161712,0.0045,0.004489754418322021,0.0,1.0,0.0
near_sync,0.45,0.1557322004986541,0.0581805393662743,0.0045,0.006912993106043904,0.05,1.0,0.0
near_sync,0.475,0.18765317826247693,0.06589401216769077,0.008650000000000001,0.012866828014623292,0.0,0.9999750000000001,2.5e-05
near_sync,0.5,0.21325997206305267,0.07744539214347078,0.034525,0.06587617471238628,0.15,0.9964999999999999,0.0035000000000000005
near_sync,0.525,0.2714809400518818,0.0760811778303203,0.10515,0.16988503078320502,0.1,0.980325,0.019675
near_sync,0.55,0.31868628838021434,0.08908767462771751,0.3048,0.3632596722369334,0.25,0.9277000000000001,0.0723
near_sync,0.575,0.369514547816702,0.07443512355494156,0.647825,0.4100217348218455,0.7,0.8233750000000001,0.176625
near_sync,0.6,0.412904382139794,0.07573225697409691,1.1694499999999999,0.6887665348096438,1.25,0.647475,0.35252500000000003
near_sync,0.625,0.4611813787038197,0.08785163849292675,1.6303999999999998,0.6265252042647187,1.5,0.47867499999999996,0.521325
near_sync,0.65,0.5403443047417544,0.10215996119073618,2.1231,0.7461099925966891,2.15,0.354425,0.645575
near_sync,0.675,0.6284512125902746,0.10060740546503477,1.80005,0.6478719395065664,1.75,0.52295,0.47705000000000003
near_sync,0.7,0.7108617437693385,0.045629766779386766,1.18865,0.2794248839840032,1.15,0.8562749999999999,0.143725
near_sync,0.725,0.753779174335821,0.03218108907990032,1.009225,0.03512776492208198,1.0,0.990775,0.009225
near_sync,0.75,0.7841402998145801,0.025506088751365185,1.003225,0.0144226384548736,1.0,0.9967750000000001,0.003225
near_sync,0.775,0.8075677572493755,0.02124726848458166,1.01075,0.038785679668769786,1.0,0.98925,0.010750000000000001
near_sync,0.8,0.8264408704457237,0.018246732829201702,1.022575,0.0693337229029204,1.05,0.977425,0.022574999999999998
near_sync,0.825,0.8420932974222228,0.015985438545996798,1.027875,0.08401110124012746,1.0,0.9721249999999999,0.027875
near_sync,0.85,0.8553434362465362,0.014205115823870665,1.036575,0.09080854281051103,1.0,0.963425,0.036575
near_sync,0.875,0.8667329628954865,0.012760160105020799,1.05075,0.09737211586161831,1.1,0.9501,0.0499
near_sync,0.9,0.8766414308472326,0.0115607960395188,1.0607,0.11005960107811442,1.1,0.9393,0.0607
near_sync,0.925,0.885346017036337,0.010547937209784246,1.056125,0.09060932260041053,1.05,0.943875,0.056125
near_sync,0.95,0.8930555955900272,0.009680719484593122,1.0672000000000001,0.10981005130870783,1.05,0.9328,0.0672
near_sync,0.975,0.8999315170291087,0.008929766677276752,1.072175,0.11879884314074336,1.1,0.927825,0.072175
near_sync,1.0,0.9061009506950499,0.008273299421924122,1.0596,0.10982373437276177,1.1,0.94255,0.05745
near_sync,1.025,0.9116658107250517,0.007694760887041189,1.05355,0.10122407400364168,1.05,0.9464499999999999,0.05355
near_sync,1.05,0.9167089305322869,0.007181301272995252,1.0472,0.09296765141986928,1.05,0.9528000000000001,0.0472
near_sync,1.075,0.921298454363477,0.006722773244324935,1.043025,0.08283281751754391,1.0,0.9569749999999999,0.043024999999999994
near_sync,1.1,0.9254910349701069,0.0063110444016954955,1.035825,0.07385089441071893,1.05,0.964175,0.035824999999999996
near_sync,1.125,0.9293342092274928,0.005939513712594393,1.0271000000000001,0.06741185277632444,1.05,0.9728999999999999,0.027100000000000003
near_sync,1.15,0.9328681940096397,0.005602763320013043,1.0218,0.0605404171216482,1.1,0.980175,0.019825000000000002
near_sync,1.175,0.9361272646156003,0.005296302688978193,1.01895,0.05562607775419536,1.0,0.98105,0.01895
near_sync,1.2,0.9391408270844822,0.00501637725275622,1.0160500000000001,0.04974484897956777,1.0,0.9839499999999999,0.01605
random,0.4,0.11519943857896535,0.03953512186157403,0.0018249999999999998,0.0021780906655528417,0.0,1.0,0.0
random,0.425,0.13036583999891693,0.04217630673720545,0.002675,0.004793841992872895,0.0,1.0,0.0
random,0.45,0.1614503100809324,0.05064861712177861,0.005525,0.007663095087220925,0.0,1.0,0.0
random,0.475,0.1829984567025018,0.06975874487674152,0.011300000000000001,0.016325956085487404,0.05,0.999875,0.000125
random,0.5,0.21672382079779756,0.07997802763527519,0.031275000000000004,0.05125002567393452,0.0,0.99755,0.00245
random,0.525,0.2755078104634744,0.06629342620173279,0.09342500000000001,0.13663303474713032,0.0,0.98655,0.013449999999999998
random,0.55,0.32068768972292866,0.08705031553609756,0.28935,0.28955283582939073,0.3,0.9340250000000001,0.06597499999999999
random,0.575,0.3658363874154977,0.06903796664156908,0.5824,0.4756645379167749,0.35,0.845775,0.154225
random,0.6,0.42289550718578167,0.06726086517138369,1.18935,0.7037177420857852,0.65,0.64245,0.35755
random,0.625,0.4603749586956124,0.09265108807798232,1.603525,0.6134452207131371,1.55,0.49132499999999996,0.508675
random,0.65,0.5428396609479311,0.10265302037206817,2.13505,0.6886819581444573,2.2,0.340275,0.659725
random,0.675,0.6326799544053803,0.09521009308907144,1.8315249999999998,0.751359442943256,2.05,0.535775,0.464225
random,0.7,0.7111302356370365,0.045297660480761,1.185625,0.26354255998045667,1.15,0.8450000000000001,0.155
random,0.725,0.7538059621434264,0.032163696991822026,1.0126,0.05392846138513894,1.0,0.9874,0.0126
random,0.75,0.7841437401700178,0.025504286629135696,1.0031750000000001,0.014199031657123641,1.0,0.996825,0.003175
random,0.775,0.8075680266618551,0.021247162061959493,1.010775,0.03830709533012886,1.0,0.989225,0.010775000000000002
random,0.8,0.8264408639749842,0.018246715265146925,1.0224,0.07024329898738796,1.0,0.9776,0.022399999999999996
random,0.825,0.8420932953862936,0.015985436339228044,1.026625,0.078667667905463,1.05,0.9733750000000001,0.026625
random,0.85,0.8553434359440303,0.014205115555441636,1.0375,0.0945785666161097,1.1,0.9625,0.0375
random,0.875,0.8667329628559586,0.012760160073229719,1.049425,0.09656525949897958,1.05,0.9514250000000001,0.048575
random,0.9,0.8766414308427667,0.011560796035924865,1.065575,0.11805610564027334,1.0,0.9344250000000001,0.065575
random,0.925,0.8853460170359962,0.010547937209428511,1.0534000000000001,0.08757967800808587,1.05,0.9465999999999999,0.0534
random,0.95,0.8930555955900514,0.009680719484576925,1.0637750000000001,0.10015704444836408,1.0,0.936225,0.063775
random,0.975,0.8999315170291267,0.008929766677280094,1.070225,0.1178236276679771,1.1,0.929775,0.07022500000000001
random,1.0,0.9061009506950543,0.008273299421924236,1.0645,0.12202027441544722,1.1,0.93765,0.06235
random,1.025,0.9116658107250528,0.007694760887041162,1.0595,0.11224081254160628,1.05,0.9404999999999999,0.0595
random,1.05,0.9167089305322872,0.007181301272995218,1.049425,0.09531323360373423,1.05,0.9505750000000001,0.049425000000000004
random,1.075,0.921298454363477,0.006722773244324933,1.0407,0.08040512552397587,1.0,0.9593,0.0407
random,1.1,0.9254910349701069,0.006311044401695493,1.0344250000000001,0.07253679193492449,1.0,0.965575,0.034425
random,1.125,0.9293342092274928,0.0059395137125943884,1.027275,0.06820990725230774,1.05,0.972725,0.027275
random,1.15,0.9328681940096397,0.00560276332001304,1.0226250000000001,0.0618835653295343,1.0,0.9796250000000001,0.020374999999999997
random,1.175,0.9361272646156003,0.005296302688978193,1.0188000000000001,0.05557034423048624,1.0,0.9812,0.0188
random,1.2,0.9391408270844822,0.005016377252756212,1.015475,0.04850487631481797,1.05,0.984525,0.015475
three_clusters,0.4,0.1112823852362109,0.04589820470627372,0.0018,0.004780442613288791,0.0,1.0,0.0
three_clusters,0.425,0.12751528699633094,0.051231149171016926,0.002075,0.0024988155088698366,0.0,0.9999750000000001,2.5e-05
three_clusters,0.45,0.15074667530229593,0.060046574343279716,0.0052499999999999995,0.006159075460352453,0.0,1.0,0.0
three_clusters,0.475,0.18620904929166066,0.0676615692283226,0.01005,0.013420232173064197,0.0,0.9999750000000001,2.5e-05
three_clusters,0.5,0.21068780594110983,0.08151469513029805,0.0252,0.0400057232747621,0.0,0.9982,0.0018000000000000002
three_clusters,0.525,0.2716110222580189,0.08057456838781013,0.114075,0.20402807308128743,0.1,0.9798500000000001,0.02015
three_clusters,0.55,0.31751355924161373,0.08731139031971288,0.256,0.3535708073207878,0.4,0.9431750000000001,0.056825
three_clusters,0.575,0.37312516144887464,0.08536912767792941,0.67895,0.46503403667168053,0.45,0.8112,0.18880000000000002
three_clusters,0.6,0.41653265210510587,0.07824569687213671,1.184525,0.7120405901166619,1.55,0.64345,0.35655000000000003
three_clusters,0.625,0.4692799657170809,0.0843029759644693,1.649025,0.5213424845379576,1.8,0.46420000000000006,0.5357999999999999
three_clusters,0.65,0.5401793259241914,0.10543047624279986,2.07275,0.7320389244036858,2.05,0.36455000000000004,0.63545
three_clusters,0.675,0.6319675361833473,0.09486933261593657,1.8375,0.7272905377603847,1.95,0.522475,0.477525
three_clusters,0.7,0.7110538472400548,0.045414586643938486,1.1979,0.28854214323223676,1.1,0.8435750000000001,0.15642499999999998
three_clusters,0.725,0.7537927917293396,0.032179177074438306,1.0040749999999998,0.010906631251819083,1.0,0.9959250000000001,0.004075
three_clusters,0.75,0.7841419031749568,0.025506008206738172,1.003225,0.0144226384548736,1.0,0.9967750000000001,0.003225
three_clusters,0.775,0.8075677377773657,0.02124721536722647,1.01045,0.037569899765916986,1.0,0.98955,0.010450000000000001
three_clusters,0.8,0.8264408424401462,0.018246722191620435,1.022325,0.06920227312208142,1.0,0.977675,0.022324999999999998
three_clusters,0.825,0.8420932941031763,0.015985437401897958,1.028,0.08422213735742307,1.0,0.9720000000000001,0.027999999999999997
three_clusters,0.85,0.8553434359207935,0.01420511571386506,1.036275,0.089436315919559,1.0,0.9637249999999999,0.036275
three_clusters,0.875,0.8667329628656052,0.012760160095034733,1.050375,0.09714095496534375,1.05,0.950475,0.049525
three_clusters,0.9,0.8766414308445608,0.011560796038660339,1.0614000000000001,0.11076725242835231,1.1,0.9385999999999999,0.061399999999999996
three_clusters,0.925,0.8853460170360948,0.01054793720971657,1.0564,0.08841344265497914,1.05,0.9436,0.056400000000000006
three_clusters,0.95,0.8930555955900037,0.009680719484588875,1.066675,0.10901113837344191,1.05,0.933325,0.066675
three_clusters,0.975,0.899931517029106,0.008929766677276789,1.072975,0.12193165417344942,1.15,0.9270250000000001,0.072975
three_clusters,1.0,0.9061009506950496,0.008273299421924197,1.0590249999999999,0.10947812506807493,1.15,0.9431750000000001,0.056825
three_clusters,1.025,0.9116658107250517,0.007694760887041255,1.0535,0.10083741473543596,1.05,0.9465,0.053500000000000006
three_clusters,1.05,0.9167089305322869,0.007181301272995251,1.047475,0.09341270552034968,1.05,0.952525,0.047475
three_clusters,1.075,0.921298454363477,0.006722773244324944,1.0429249999999999,0.08258158246944593,1.0,0.957075,0.042925000000000005
three_clusters,1.1,0.9254910349701069,0.006311044401695497,1.03615,0.07369855029638964,1.0,0.9638500000000001,0.03615
three_clusters,1.125,0.9293342092274928,0.005939513712594392,1.0268000000000002,0.06728130263461404,1.05,0.9732,0.0268
three_clusters,1.15,0.9328681940096397,0.005602763320013042,1.0225,0.06274363041691748,1.05,0.9797499999999999,0.020249999999999997
three_clusters,1.175,0.9361272646156003,0.0052963026889781915,1.01905,0.05588778700970458,1.05,0.98095,0.01905
three_clusters,1.2,0.9391408270844822,0.005016377252756219,1.0151,0.04712458292430264,1.0,0.9849,0.015099999999999999
two_clusters,0.4,0.11647799477440383,0.04337338654593433,0.0026,0.004333468283998517,0.0,1.0,0.0
two_clusters,0.425,0.131614836560607,0.050077634131203565,0.004775,0.00567421452945831,0.0,0.9999499999999999,5e-05
two_clusters,0.45,0.15444383339505274,0.05860035809739472,0.00485,0.00762803002781604,0.0,1.0,0.0
two_clusters,0.475,0.18645410367115958,0.06713092843818004,0.01085,0.01442959312990969,0.0,0.9999499999999999,5e-05
two_clusters,0.5,0.21279747783180175,0.07858178457909304,0.029075,0.05685722538910397,0.05,0.996975,0.003025
two_clusters,0.525,0.2709280888878288,0.07741480226790913,0.10487500000000001,0.15505464868538243,0.35,0.9822,0.017800000000000003
two_clusters,0.55,0.3198313393455763,0.0909375690616223,0.307475,0.34010569080956676,0.35,0.9286749999999999,0.071325
two_clusters,0.575,0.3708299463018401,0.07487924533547076,0.6582,0.4306413026858285,0.95,0.81785,0.18214999999999998
two_clusters,0.6,0.41255494070260995,0.07440164965192822,1.1208,0.7405335629765453,1.3,0.664825,0.335175
two_clusters,0.625,0.4650164370473516,0.08826515874023574,1.63645,0.628752961696488,1.45,0.47175,0.52825
two_clusters,0.65,0.5324853170229908,0.11160322300052994,2.0273250000000003,0.805264001741044,2.05,0.400575,0.599425
two_clusters,0.675,0.6280609898824944,0.10126505424587133,1.79785,0.668819661398859,1.8,0.5359499999999999,0.46405
two_clusters,0.7,0.7108263925031819,0.04569849869173572,1.1793749999999998,0.25522868357818373,1.15,0.858,0.142
two_clusters,0.725,0.753776440786953,0.03219228392887029,1.007625,0.03086766107109506,1.0,0.992375,0.007625000000000002
two_clusters,0.75,0.7841397071232635,0.02550767371968698,1.0032,0.01431083505599865,1.0,0.9968,0.0032
two_clusters,0.775,0.807567723395124,0.02124725567466707,1.010825,0.03920099186446559,1.0,0.989175,0.010825
two_clusters,0.8,0.8264408605613071,0.018246727423601936,1.0227249999999999,0.06951400370088252,1.05,0.977275,0.022725000000000002
two_clusters,0.825,0.8420932964430745,0.015985437975731584,1.027925,0.08413871300605799,1.0,0.972075,0.027925
two_clusters,0.85,0.8553434361619271,0.014205115772634043,1.0367250000000001,0.09145195387973426,1.05,0.963275,0.036725
two_clusters,0.875,0.866732962888553,0.012760160100729508,1.0508250000000001,0.09753167838950422,1.15,0.9500249999999999,0.049975000000000006
two_clusters,0.9,0.8766414308466774,0.011560796039177113,1.0604,0.10929482098771576,1.05,0.9396000000000001,0.060399999999999995
two_clusters,0.925,0.8853460170362919,0.010547937209758737,1.0545,0.0889435066118997,1.05,0.9455,0.05450000000000001
two_clusters,0.95,0.8930555955900232,0.009680719484591436,1.06735,0.11037485173143755,1.05,0.93265,0.06735
two_clusters,0.975,0.8999315170291082,0.008929766677276747,1.072775,0.12011501889088595,1.1,0.927225,0.072775
two_clusters,1.0,0.9061009506950499,0.008273299421924115,1.05995,0.11049373642643139,1.1,0.9422,0.0578
two_clusters,1.025,0.9116658107250517,0.007694760887041219,1.053325,0.10070648792667886,1.05,0.9466749999999999,0.053325
two_clusters,1.05,0.9167089305322869,0.007181301272995255,1.046475,0.09146921757158469,1.05,0.953525,0.046475
two_clusters,1.075,0.921298454363477,0.006722773244324933,1.04285,0.08259398155721569,1.0,0.9571500000000001,0.04285
two_clusters,1.1,0.9254910349701069,0.006311044401695514,1.036125,0.07384387424260654,1.0,0.963875,0.036125000000000004
two_clusters,1.125,0.9293342092274928,0.005939513712594361,1.027,0.06738381814180924,1.05,0.9730000000000001,0.027000000000000003
two_clusters,1.15,0.9328681940096397,0.005602763320013052,1.0221500000000001,0.061595902973800847,1.1,0.980025,0.019975
two_clusters,1.175,0.9361272646156003,0.005296302688978193,1.0189,0.05548152845767681,1.0,0.9811,0.0189
two_clusters,1.2,0.9391408270844822,0.005016377252756212,1.0162,0.05008398210164499,1.0,0.9838000000000001,0.0162
