K,run,global_R,outsider_R,outsider_R_std,outsider_recruitment_score
0.3,0,0.9178003928583719,0.5992362368003885,6.5273085934232085e-06,0.6529047508178669
0.3,1,0.8337251091840315,0.8550812770777784,0.00012107263027215183,1.0256153588964383
0.3,2,0.8424907911300045,0.4015654447427905,0.00019002353166083235,0.476640752599453
0.3,3,0.9010348498689563,0.6090889454005152,1.2177351807655679e-05,0.6759882211974633
0.3,4,0.8768218280348913,0.48022185381006777,0.00208729236179541,0.5476846475021955
0.3,5,0.9296489022932192,0.6490080603474868,4.764548527269503e-05,0.6981216873874025
0.3,6,0.9255709127400252,0.6944940691889896,8.1901891755236e-05,0.7503412862578894
0.3,7,0.8611282523917393,0.654036137301848,0.00021195912909299097,0.7595107180429127
0.3,8,0.8290982183245078,0.7408688328149832,0.07952999132692859,0.8935839161628913
0.3,9,0.9562762649396079,0.8525322296675271,3.191410687668707e-07,0.8915124853804417
0.3,10,0.9492613945095865,0.7893217704094809,1.2023131929698334e-07,0.8315115046013579
0.3,11,0.9499147759779709,0.8466112030542142,7.711528936230149e-06,0.891249640981431
0.3,12,0.831409376894373,0.27845450105182684,0.0818080291511131,0.33491864391958664
0.3,13,0.8772650816202814,0.6731453587252308,9.15915774767593e-05,0.7673226403599525
0.3,14,0.8650378314243162,0.6683086825512499,6.764785898430212e-05,0.7725774044472515
0.3,15,0.8617964337492459,0.46179663662151355,7.869766561702856e-05,0.5358535015188345
0.3,16,0.8980435191792043,0.4776651154631414,7.321634199411234e-05,0.5318952871005481
0.3,17,0.8570519678028723,0.28488683713546004,0.00010121204703985306,0.332403223885548
0.3,18,0.9831518944009257,0.9524332188917798,6.962625923388302e-07,0.96875490380982
0.3,19,0.9389901506104624,0.7080617006669407,3.553091400456943e-05,0.7540672287199786
0.35,0,0.8654779879393139,0.6501961027864149,0.0014269755821105716,0.7512566603037102
0.35,1,0.9676927850203199,0.8354565503179295,6.9329307477868775e-06,0.8633489504621273
0.35,2,0.8305205328144905,0.8128208536583292,2.3569643430797118e-05,0.9786884508476164
0.35,3,0.9013559778788401,0.5049724434471609,1.2431392416999237e-07,0.5602364169536564
0.35,4,0.8632089674670379,0.8205642976193361,9.963793036745301e-07,0.9505975129361932
0.35,5,0.9148629929606633,0.6865814612567065,3.586716317065043e-06,0.7504746246583364
0.35,6,0.9552038818654697,0.7810269754481907,2.877580449710938e-06,0.817654733481676
0.35,7,0.9666713523162954,0.8354100610058297,3.7055569830605227e-06,0.8642131154535537
0.35,8,0.9441761197190776,0.7486913115451889,3.0496433781623855e-05,0.7929572628538364
0.35,9,0.928753411382153,0.6075426962453615,7.009308203236321e-06,0.6541485487957175
0.35,10,0.9194985226608607,0.5967252078237447,8.494666393694204e-05,0.6489680984981705
0.35,11,0.8695657592246929,0.5623023665489911,1.4701231665803794e-05,0.6466473185992221
0.35,12,0.8633367426301863,0.8512644096124405,1.1476678620955721e-05,0.9860166579011186
0.35,13,0.9046531360766148,0.7013244088252434,0.00011104492001765868,0.775241228771989
0.35,14,0.923219027457843,0.699089446747848,8.505774838334569e-07,0.7572303277501647
0.35,15,0.9160956438936874,0.7256021514490858,1.7701345600653812e-06,0.7920593840663428
0.35,16,0.9123028413432253,0.6008131955598218,5.99785181035168e-06,0.6585677127504705
0.35,17,0.8888770695354518,0.7145997013652121,2.2350888277224617e-06,0.803935353780557
0.35,18,0.825123907507666,0.915045115007249,9.831375708952945e-06,1.1089790353670472
0.35,19,0.9542199255434604,0.7928215680243851,1.4325631230470798e-05,0.8308583239571482
0.39999999999999997,0,0.9284180978141563,0.7742639411140255,3.81630077740476e-06,0.8339604138869101
0.39999999999999997,1,0.9448434754188991,0.7730695145461871,1.4432746410325134e-06,0.8181985002358473
0.39999999999999997,2,0.9522701565999101,0.7752248172101156,8.357616533852689e-07,0.8140807646196215
0.39999999999999997,3,0.9076904380003128,0.8721990514849849,7.625892065529815e-07,0.9608992393987558
0.39999999999999997,4,0.8876473810547447,0.8868606832056656,1.1020366839300214e-07,0.9991137270645203
0.39999999999999997,5,0.9578245078896923,0.8808884083113875,1.0946678933025572e-06,0.919676204831371
0.39999999999999997,6,0.9033785911073988,0.6586197955602443,1.4134631894124626e-06,0.7290628780035089
0.39999999999999997,7,0.8840997239629013,0.7491137557925991,4.257510756164355e-06,0.8473181650073518
0.39999999999999997,8,0.9532691473058315,0.7665566427736044,2.1637578068739296e-06,0.8041345352876197
0.39999999999999997,9,0.8458310554705583,0.5839161896533357,7.851336152524842e-06,0.6903461227582821
0.39999999999999997,10,0.9428388315185043,0.7658500078914715,4.876093604903103e-06,0.8122809352869006
0.39999999999999997,11,0.9341001524494518,0.8835459053314633,6.173089871610145e-07,0.9458792004408006
0.39999999999999997,12,0.9153335619913583,0.6652633603242855,2.756207541236344e-05,0.7267988282612973
0.39999999999999997,13,0.9486108273995072,0.9193035677167859,2.4799761537400854e-07,0.9691050757200058
0.39999999999999997,14,0.9245435068082952,0.6295487137297657,1.927988381655607e-06,0.6809292468046311
0.39999999999999997,15,0.9015248639497792,0.6207831507018675,1.769802395334921e-06,0.6885923788961196
0.39999999999999997,16,0.9662574837052359,0.8418031091720195,1.0997108096156907e-05,0.8711995750275054
0.39999999999999997,17,0.9595850524555343,0.8118915652369761,2.2600402556252513e-06,0.8460860901892299
0.39999999999999997,18,0.970386632504157,0.8864486923784223,7.11380492059662e-08,0.9135005189529044
0.39999999999999997,19,0.9267899586681345,0.7133727311575871,3.553903046618841e-05,0.7697242773130458
0.44999999999999996,0,0.9639850128787163,0.8375075896898654,1.051955192547049e-06,0.8687973137548847
0.44999999999999996,1,0.9521023858605413,0.7552681624350642,3.377905412890088e-07,0.7932635960696968
0.44999999999999996,2,0.9473786840570213,0.753339769272104,9.632429628845948e-07,0.7951833643176697
0.44999999999999996,3,0.9430531273401465,0.9340484968464141,5.415003060242212e-07,0.9904516190724906
0.44999999999999996,4,0.98234105045223,0.9247016436786515,8.762513602413116e-08,0.941324444552139
0.44999999999999996,5,0.980146751385137,0.92993431258937,8.53154798428119e-08,0.9487704889846792
0.44999999999999996,6,0.9039155683047853,0.5925650800751582,1.0764288659467616e-05,0.6555535725375399
0.44999999999999996,7,0.9710925533928437,0.8938529515929021,2.7286259236411167e-07,0.9204611326376676
0.44999999999999996,8,0.9804522045494672,0.9069380049637717,4.260802618961438e-09,0.9250201088380423
0.44999999999999996,9,0.9761372916097742,0.9077127633732996,1.0386065695789686e-07,0.9299027618086757
0.44999999999999996,10,0.9751867268471485,0.940747889998084,1.4428508592610084e-07,0.9646848794165068
0.44999999999999996,11,0.9536598699884024,0.9357333306206215,3.213091785181817e-08,0.9812023763053173
0.44999999999999996,12,0.943909792942836,0.8940377530296353,1.073197885303518e-06,0.9471644003621773
0.44999999999999996,13,0.8601474048718573,0.8274294546892663,2.5127830185312323e-06,0.9619623915642376
0.44999999999999996,14,0.9001718577743012,0.7830214317543519,2.563623879755192e-07,0.869857711048114
0.44999999999999996,15,0.9534232739303817,0.7654017296418142,3.6629842364521656e-06,0.8027932090284807
0.44999999999999996,16,0.9534570567694801,0.7655765648082418,5.029536846166946e-07,0.8029481342362484
0.44999999999999996,17,0.9502975503928266,0.7947942152383488,1.060420727709931e-06,0.8363635315159622
0.44999999999999996,18,0.9186322062595368,0.7644716197928233,1.987958516820799e-06,0.8321846486362015
0.44999999999999996,19,0.9444786922834049,0.8051083814956576,2.6890478215853063e-06,0.8524367866344839
0.5,0,0.9701511758307746,0.9297838075909033,6.94508542598431e-08,0.9583906413283871
0.5,1,0.8459604943883352,0.9624557058600945,2.898231881558201e-07,1.1377076261165748
0.5,2,0.9542692518386405,0.8477895188408954,3.1612602031838e-07,0.8884175165515671
0.5,3,0.917893925712046,0.6555202852614895,2.2472472157204766e-07,0.7141569051699115
0.5,4,0.9235165707316288,0.8802653648470034,1.7975536949866013e-07,0.9531668328903788
0.5,5,0.9257054281431293,0.885146341142982,4.4846917367159375e-07,0.9561857522187583
0.5,6,0.9704597821028571,0.8609944595405886,1.1919195894894195e-08,0.8872026182002526
0.5,7,0.8222459786501045,0.8250095084386208,1.8475485076022495e-06,1.003360952633724
0.5,8,0.9610993432672048,0.8915960094776448,8.252084415805675e-09,0.9276835071448339
0.5,9,0.9051231789937885,0.5390938806155966,2.127185566683307e-07,0.595602778855253
0.5,10,0.8646260491429675,0.8578872341285017,5.457698695764501e-08,0.9922060930015495
0.5,11,0.9749840166535828,0.8826458053750712,5.301477342615926e-08,0.9052925897222938
0.5,12,0.9313515741711111,0.6834596707155948,9.749458249685908e-07,0.7338363832402708
0.5,13,0.9494781191948908,0.8878720316666191,3.8404473814887524e-08,0.9351158428153714
0.5,14,0.9493299480338285,0.8255416942070032,1.374252091054065e-07,0.8696046047171748
0.5,15,0.9668128810474839,0.887906590704164,7.626406737345989e-08,0.9183851478491392
0.5,16,0.9043298883177603,0.860013117391914,1.2081377030488644e-07,0.9509949062844361
0.5,17,0.9659729981906815,0.9105057283686009,1.5524162563264652e-07,0.9425788609754969
0.5,18,0.974422004393094,0.9342069917227476,6.86714988741473e-09,0.9587293672659285
0.5,19,0.9862729370680118,0.9334822646750374,2.135629993822958e-08,0.9464745808083747
0.5499999999999999,0,0.9601752813725495,0.8929674189420972,3.261916052906589e-09,0.9300045900626497
0.5499999999999999,1,0.8466601737504524,0.8659758702260377,1.5827655311468206e-06,1.022813989689629
0.5499999999999999,2,0.9647740857667096,0.8978989640640782,7.3297172066998736e-09,0.9306831281124055
0.5499999999999999,3,0.9404668136193117,0.8929873819356094,3.543685286007611e-08,0.949515037641859
0.5499999999999999,4,0.9533932226666437,0.8554927224929731,8.557829203614096e-09,0.8973136185080697
0.5499999999999999,5,0.9448312723238302,0.7519001573340259,3.804725290989564e-07,0.7958036311434925
0.5499999999999999,6,0.9305944524045952,0.718418987152897,4.0593895495266067e-07,0.7720000751087408
0.5499999999999999,7,0.919245699556312,0.8482875266654386,1.8111371903070164e-08,0.9228082623328614
0.5499999999999999,8,0.9541753697133315,0.8989030240542453,2.496965040739973e-08,0.9420731791927996
0.5499999999999999,9,0.8647939949072452,0.7843279819130711,1.9419337387706365e-07,0.9069535479328674
0.5499999999999999,10,0.9749745593011792,0.8909820971325085,1.5272154032233494e-08,0.913851637082934
0.5499999999999999,11,0.9602699453957568,0.8167789379883353,2.4859606117807247e-07,0.8505722186805139
0.5499999999999999,12,0.9291763544158409,0.8975025491823193,1.0985702411343458e-09,0.9659119551590394
0.5499999999999999,13,0.9021258351828034,0.6949189216178109,4.542702437775847e-05,0.7703126265929684
0.5499999999999999,14,0.9492949727185209,0.8555166303050412,7.804697683417785e-08,0.9012126418979916
0.5499999999999999,15,0.9683485078199856,0.8617865738375468,3.449061439320046e-08,0.8899549768262374
0.5499999999999999,16,0.9832316750425983,0.9381257494038249,6.252300877635774e-09,0.9541248245101813
0.5499999999999999,17,0.9234937101326035,0.8572239110756226,1.0289974807609283e-07,0.9282401186593967
0.5499999999999999,18,0.9222568911223402,0.9374853896484349,7.387369784938889e-09,1.0165122089860947
0.5499999999999999,19,0.9187123697198671,0.8185663023776992,1.5408536718353777e-08,0.8909930129997103
0.6,0,0.9414700970057482,0.9411427260988547,1.5345232013464526e-08,0.999652276892347
0.6,1,0.9725900926552263,0.9005939645355714,7.193233051143348e-10,0.9259748493591711
0.6,2,0.9598145544068153,0.8101052896682618,7.960373537070243e-08,0.8440227187095315
0.6,3,0.9713351635440709,0.8753588889251271,1.2075846148538077e-08,0.9011913928147518
0.6,4,0.9873610643075111,0.9599469284301113,2.237961823400024e-09,0.9722349433562087
0.6,5,0.9940678322968496,0.9759400794225792,4.677354266623542e-09,0.9817640685209913
0.6,6,0.9799336820638836,0.9322880992831295,1.3158898834934325e-08,0.9513787681209641
0.6,7,0.9781471108632755,0.8918133069053403,1.4345741785392725e-08,0.9117374033005607
0.6,8,0.9862792894064735,0.9450468655288066,4.482846743653672e-10,0.9581939676504431
0.6,9,0.9216691170575623,0.8977047003609793,1.0346296128520065e-07,0.9739988936875051
0.6,10,0.9650108946997032,0.8355517711283733,1.9222617501768127e-08,0.8658469823675085
0.6,11,0.9859453421766938,0.9492164619855086,9.32699168873337e-10,0.9627475493610419
0.6,12,0.9782203723766868,0.9569051188381875,3.128609349693526e-09,0.978210172123394
0.6,13,0.8815592217909154,0.9069433628526858,1.8158840951387194e-08,1.028794595341165
0.6,14,0.990319992165178,0.9690286827052801,1.056208181299055e-09,0.9785005759458352
0.6,15,0.9512705666610886,0.8704300827220516,6.78279447110105e-08,0.9150184114035
0.6,16,0.9850176751604629,0.9256384665827931,4.990218020233873e-09,0.939717621240719
0.6,17,0.951567201695817,0.8515958775286315,3.9190534932618864e-08,0.8949403426369483
0.6,18,0.9887189086042658,0.9527346073960771,1.8310789256779474e-08,0.963605124878263
0.6,19,0.9536039391093533,0.9497789801213422,2.0309934068105205e-09,0.9959889438034626
0.6499999999999999,0,0.9572406950337725,0.9362264142721126,5.760850470607617e-11,0.9780470252971261
0.6499999999999999,1,0.977492749414666,0.9296127270553961,2.5679173026664803e-10,0.9510175166118705
0.6499999999999999,2,0.9847242571807767,0.9335468950568,5.498385645830233e-10,0.9480287382465389
0.6499999999999999,3,0.9304602919963028,0.9698548603442704,6.896694832915135e-09,1.0423387958473802
0.6499999999999999,4,0.9754437446885645,0.9151926158635182,4.91688041275206e-08,0.9382320824198619
0.6499999999999999,5,0.9953705420625794,0.9801188512355652,2.570353555857541e-10,0.9846773737181385
0.6499999999999999,6,0.9472191461714218,0.9256708949885124,4.2556115285207706e-10,0.9772510392436822
0.6499999999999999,7,0.9558805365216053,0.9155205653390577,3.356309649369094e-10,0.9577771806816225
0.6499999999999999,8,0.9883225894342837,0.9463793157361444,3.2907728773360043e-09,0.9575611504305439
0.6499999999999999,9,0.9734599492955407,0.9360828577195376,3.2025434547232424e-10,0.9616038732728417
0.6499999999999999,10,0.9692744276273098,0.9083000531249693,6.530605656317444e-10,0.9370927646852947
0.6499999999999999,11,0.9750262077064236,0.9303317870722227,2.8636712056323773e-10,0.9541608007232024
0.6499999999999999,12,0.9730863543723481,0.8699672722012796,5.360233778258063e-09,0.894028847790723
0.6499999999999999,13,0.9914547982115027,0.9548150303658034,3.8104483454670284e-10,0.9630444394310691
0.6499999999999999,14,0.9595083983290021,0.8790395514061287,1.8418321906930509e-09,0.9161353386130572
0.6499999999999999,15,0.9464178728306439,0.8008138976533817,8.116965909681318e-09,0.8461525512587574
0.6499999999999999,16,0.9182529290389682,0.8327987841731588,1.5065384726379635e-08,0.9069383367432854
0.6499999999999999,17,0.9604361104568072,0.8382795134116889,7.953130615058914e-10,0.8728113242348933
0.6499999999999999,18,0.9496789066667497,0.9324178704855256,2.5889458029599233e-09,0.981824344985412
0.6499999999999999,19,0.968009938773279,0.9127150027519757,1.0727619278635484e-10,0.9428777187016083
0.7,0,0.9928214893214431,0.9774904727685169,2.976014670090717e-10,0.9845581338449987
0.7,1,0.9867770676914003,0.9404073253109154,3.008115751715202e-11,0.9530088974504429
0.7,2,0.9706656625024038,0.9170111865541698,1.0874744183684681e-09,0.944724040396303
0.7,3,0.982094764296291,0.9421247028442401,1.165380507750901e-10,0.9593012172489788
0.7,4,0.9659870667334063,0.9740150392550759,1.2370263219359615e-11,1.0083106418265089
0.7,5,0.9665236691273208,0.8828307512796829,1.582193765441363e-09,0.9134083100891693
0.7,6,0.9946318291233304,0.9816265405961414,7.649944901271459e-12,0.9869245200612183
0.7,7,0.9905792309691903,0.9625799025336401,6.018120853909918e-09,0.9717343877590416
0.7,8,0.9405114153995612,0.9635483949488741,2.6766586884494076e-09,1.0244940988180367
0.7,9,0.9605663941364635,0.8291013473048854,1.18452817473634e-09,0.8631379906324679
0.7,10,0.9917785725447522,0.9680719994968376,8.864199604897604e-11,0.976096909425999
0.7,11,0.9624293985254483,0.813469001237607,5.7093792109773685e-09,0.8452245977555228
0.7,12,0.9684865069500951,0.8626670527488153,1.0181433061112724e-10,0.8907372963456028
0.7,13,0.9612557130979974,0.9534527752299609,1.3531653951801186e-10,0.9918825576142684
0.7,14,0.9603557326716259,0.9261595351938791,1.2455415257767897e-09,0.9643921556196886
0.7,15,0.9881662131007527,0.980274444275049,3.028716548552229e-11,0.9920137232764392
0.7,16,0.97187670221642,0.9138962023121633,4.6253729302683353e-10,0.9403417123046893
0.7,17,0.9829060530353165,0.9388398728180596,3.8088400759772787e-10,0.9551674546289229
0.7,18,0.9575786270088052,0.7991961997978492,2.3682386251312873e-11,0.834601125438095
0.7,19,0.9649057543784685,0.8157923600086432,4.038413811938292e-09,0.8454632551479391
0.75,0,0.9929087806841298,0.9670750096790715,6.597813683442035e-11,0.9739817277190032
0.75,1,0.9897810170147542,0.953316154977924,4.1132750114203455e-10,0.9631586569039545
0.75,2,0.9641114185118,0.9124216051542847,7.309716069742395e-10,0.9463860583268997
0.75,3,0.9715555175494751,0.9265278283854486,7.081240620891242e-11,0.9536540235203932
0.75,4,0.9751352283629457,0.8829112989022636,3.246632225426667e-10,0.9054244716228611
0.75,5,0.9045748713857445,0.9235893913143397,3.257772906030278e-12,1.0210203936999105
0.75,6,0.9661616257725736,0.8739484837086645,4.727460100370988e-10,0.9045572297584505
0.75,7,0.9796819273769064,0.9621637290837245,4.06610661157701e-12,0.982118483760266
0.75,8,0.9687767650141814,0.8944937129518985,8.688206037353728e-10,0.9233228389182943
0.75,9,0.9826079462031548,0.90157611352203,2.4266543780515527e-09,0.9175339126910653
0.75,10,0.9657361524150068,0.9578427575668932,1.6346787363673398e-11,0.991826551352182
0.75,11,0.9288445079151786,0.8087315911732365,2.326590543791393e-09,0.8706856575893309
0.75,12,0.9679212849221235,0.844547775157536,1.950844656848144e-09,0.8725376622176603
0.75,13,0.9679938417081053,0.9090559949326179,3.620479652605786e-10,0.9391134072997553
0.75,14,0.9858416522573291,0.9237000112661349,1.522604988365732e-10,0.9369659003047371
0.75,15,0.9915408836148073,0.9614136619345375,1.4748506629014739e-10,0.9696157544493715
0.75,16,0.991849693042831,0.9687090046165963,3.0212716848324e-12,0.9766691580493214
0.75,17,0.9845348231719975,0.9558526159899445,2.0615314385029834e-10,0.9708672496818195
0.75,18,0.983071973920348,0.930165706762834,3.35916074053195e-11,0.9461827123933992
0.75,19,0.9791706921028156,0.9176617915013091,4.010403796588609e-10,0.9371826576320924
0.7999999999999999,0,0.9714561919347146,0.9265216960627598,1.5103656297308488e-10,0.9537452164637309
0.7999999999999999,1,0.9640436473649785,0.9576492092473484,1.1724750537843283e-12,0.9933670657587949
0.7999999999999999,2,0.9806886940551226,0.9754463384921838,1.8370515910406314e-11,0.9946544141930947
0.7999999999999999,3,0.9756475144057764,0.9255112468053334,8.848900869808192e-11,0.9486123145284419
0.7999999999999999,4,0.9873268203654868,0.9443371109634102,4.009530786818403e-12,0.9564584811064697
0.7999999999999999,5,0.9645629633283744,0.8980890440557651,4.627861839629438e-11,0.9310838983033707
0.7999999999999999,6,0.9749611731404553,0.8834654843075084,1.4856097936790352e-10,0.9061545307090173
0.7999999999999999,7,0.9762164317334743,0.9046989141205372,3.005780164770557e-11,0.926740100566767
0.7999999999999999,8,0.9945619996331407,0.9761867749795277,3.732839138310575e-13,0.9815243045065339
0.7999999999999999,9,0.9437242060070863,0.9668733382854459,2.834096953088424e-11,1.0245295523098634
0.7999999999999999,10,0.9472251410310226,0.965381960508367,1.6962402586118678e-10,1.0191684307033513
0.7999999999999999,11,0.9796113802908962,0.9679752639329318,5.7543123782251065e-11,0.9881217015307671
0.7999999999999999,12,0.947419460287416,0.76182310773108,2.557652463630377e-10,0.8041032928531611
0.7999999999999999,13,0.9787900128756233,0.8957809153599403,3.0508554420993785e-11,0.9151921286234597
0.7999999999999999,14,0.9743400298163223,0.930832861901758,1.0511262808405505e-11,0.95534703842177
0.7999999999999999,15,0.9852817894006981,0.9248563336974773,4.2392929073825313e-11,0.9386719044701786
0.7999999999999999,16,0.9595313599994961,0.9407361246344075,7.75144009696961e-13,0.9804120676513596
0.7999999999999999,17,0.9819633583735192,0.9813202032024757,3.309160314560498e-11,0.9993450313939329
0.7999999999999999,18,0.9923969438871344,0.9718713152704092,4.397009180993118e-12,0.9793171182719412
0.7999999999999999,19,0.9774373025236212,0.9494258843405792,4.2491220840972266e-11,0.9713419795707701
0.8499999999999999,0,0.9882912483209949,0.9616447570910756,2.7367248423074227e-12,0.9730378152430652
0.8499999999999999,1,0.9635920129959388,0.938924640226275,5.1789019317625646e-12,0.9744006047809135
0.8499999999999999,2,0.9108797271687037,0.9788792863676309,1.5641991962107215e-11,1.0746526211635166
0.8499999999999999,3,0.9757958658593529,0.9002159024837675,3.221983639163495e-13,0.9225453129892623
0.8499999999999999,4,0.956272190315125,0.8483294420228333,4.63738599790225e-11,0.8871213140082973
0.8499999999999999,5,0.9871272140714398,0.942403347609097,1.781902856611634e-10,0.9546929050017451
0.8499999999999999,6,0.9961285735002392,0.9825114513855744,8.450993217627167e-14,0.9863299553110874
0.8499999999999999,7,0.986091617729243,0.9552452254144694,1.2024335423911059e-11,0.9687185330844056
0.8499999999999999,8,0.9793928039790359,0.8954019691061077,8.023369395265716e-11,0.9142419318044731
0.8499999999999999,9,0.9827368052055135,0.9515950628551315,6.574561638407308e-12,0.9683112078570846
0.8499999999999999,10,0.9900124543008529,0.9562304705678679,5.9492578660858365e-12,0.9658772133752522
0.8499999999999999,11,0.9712881850200332,0.9697769889766328,9.426595172552e-13,0.9984441321662245
0.8499999999999999,12,0.9863860216534767,0.9553821826260478,1.8171826699654928e-11,0.9685682498050553
0.8499999999999999,13,0.9888408333205163,0.9478390123650822,1.022170166118167e-11,0.9585354694357544
0.8499999999999999,14,0.941429398784307,0.9505706625695831,7.554838388630254e-11,1.0097099833466756
0.8499999999999999,15,0.9469973694530609,0.9447315234338957,1.8752305571824693e-11,0.997607336521461
0.8499999999999999,16,0.981891775773699,0.9323368927321916,1.0277847751989095e-10,0.9495312169170484
0.8499999999999999,17,0.9916585590898113,0.9684130539294918,7.271933243774039e-12,0.9765589628121278
0.8499999999999999,18,0.989221067208222,0.9675680326239616,9.034547992651588e-14,0.9781110256311588
0.8499999999999999,19,0.9766886814036695,0.9593262316425905,4.913413221684199e-12,0.9822231483863328
0.8999999999999999,0,0.9839162414845548,0.9485671719924335,4.187594456693125e-12,0.964073090774729
0.8999999999999999,1,0.9843029731484978,0.9271939226488891,4.776551212070637e-12,0.9419802113185989
0.8999999999999999,2,0.9716881861953407,0.873929218638806,3.691116306121152e-11,0.8993926560533676
0.8999999999999999,3,0.99229680074478,0.9750081959890554,2.3358066891557e-13,0.982577183818661
0.8999999999999999,4,0.9811148760599759,0.9676292998435716,2.2780547515017822e-12,0.9862548448235269
0.8999999999999999,5,0.9661364801337221,0.9757196139364468,4.205230526284155e-12,1.0099190269685174
0.8999999999999999,6,0.9686939956315288,0.9693024421676023,3.3493789663121046e-13,1.0006281101543075
0.8999999999999999,7,0.984918531209574,0.9843979521450095,2.274690107667165e-13,0.9994714496183511
0.8999999999999999,8,0.9853052551883095,0.9648988735453937,3.719253723751151e-12,0.9792892796050346
0.8999999999999999,9,0.9733542132674036,0.9682983878290347,9.319637898603053e-13,0.9948057702217242
0.8999999999999999,10,0.9590441738346297,0.9769582777048724,1.9762592662739007e-13,1.018679122774498
0.8999999999999999,11,0.9635481309821414,0.9712598559880127,5.137404698394105e-12,1.0080034663105026
0.8999999999999999,12,0.9894893469381362,0.9768097923818541,1.1291035422379726e-13,0.9871857594055916
0.8999999999999999,13,0.9955453761013374,0.9787052818861173,5.638279063194525e-13,0.9830845538330449
0.8999999999999999,14,0.9900702731810777,0.9501895224850923,3.784715081126503e-12,0.9597192726847469
0.8999999999999999,15,0.9922011730724601,0.9838854031842379,1.0035308367330584e-13,0.9916188671058883
0.8999999999999999,16,0.983226893194185,0.9465518247470801,4.587809521831591e-12,0.9626992826356466
0.8999999999999999,17,0.9907766338875497,0.9571282195645306,2.917102704849477e-14,0.9660383448972172
0.8999999999999999,18,0.9552673982705139,0.9111277901026378,1.327872848296371e-12,0.95379345275601
0.8999999999999999,19,0.9944302605313633,0.9784604175580813,6.698769777087126e-12,0.9839407109697843
0.95,0,0.9662290411964114,0.8367635724413438,4.095786092379535e-12,0.8660095451119686
0.95,1,0.9413196061441523,0.9062243451007391,1.5670693075967995e-11,0.9627169552027779
0.95,2,0.9828254487257355,0.9297694053034194,5.014486492827399e-13,0.946016819678356
0.95,3,0.9498581635240411,0.8639877768086986,5.541495362255656e-12,0.909596621881243
0.95,4,0.974447162287736,0.9575346156624422,1.7701928742901215e-12,0.9826439572294815
0.95,5,0.9652729248029371,0.9250562517110251,4.041694742030699e-12,0.958336474524984
0.95,6,0.9773726970736596,0.9307286518781865,3.7724829815666836e-13,0.9522760914684012
0.95,7,0.9395297290726841,0.9542560335309233,5.861690963397528e-12,1.0156741229165345
0.95,8,0.9717059185853743,0.9838196659153855,1.0602184121379847e-12,1.0124664747814176
0.95,9,0.9541777578135145,0.7971316851005706,3.5448792088609745e-13,0.8354121426246109
0.95,10,0.9621932320129529,0.9098314381353368,8.143529836626613e-11,0.9455807917407418
0.95,11,0.9573399889902532,0.9785112715143898,9.788567869163785e-13,1.0221146956844922
0.95,12,0.9828548648156142,0.9751251758106139,9.791456429549357e-14,0.9921354726087228
0.95,13,0.9852921617637321,0.9227574935379718,7.470406839500532e-13,0.9365318525271163
0.95,14,0.9871691857483859,0.9378734387815904,2.438556737936442e-14,0.9500635274283062
0.95,15,0.9797620370244596,0.8941309886652608,1.3233641358808825e-12,0.9126001568501539
0.95,16,0.9810000251674915,0.954193763896989,5.640200535064197e-13,0.9726745559798549
0.95,17,0.9889339731783335,0.9720819919025329,2.5527004923754345e-12,0.9829594475123319
0.95,18,0.9906944238171436,0.9803703679099524,6.867192488935341e-14,0.9895789704070381
0.95,19,0.9800507283687081,0.9101333907021029,2.849681217171292e-11,0.9286594707358555
1.0,0,0.951975883254528,0.9889704503317304,3.4087395421154884e-13,1.0388608238159247
1.0,1,0.9806133435844296,0.944428787227344,4.76363106433488e-13,0.9631000775231311
1.0,2,0.9584415409572018,0.9390417829235344,1.9521598844771622e-13,0.9797590596759063
1.0,3,0.9935401367503331,0.976169689248533,1.6992001975293848e-13,0.9825166122029072
1.0,4,0.9832790989228486,0.9576406267263402,7.734379495242215e-14,0.9739255393249298
1.0,5,0.994006211074696,0.9750692967827991,1.8262942753639857e-13,0.9809488974194601
1.0,6,0.9908256030901887,0.9927444247118855,1.998031225549672e-14,1.0019365886536544
1.0,7,0.9595109739660235,0.9592024945928808,4.411892408855195e-13,0.9996785035476277
1.0,8,0.9935408125078732,0.9736925372799108,1.4190779037018145e-13,0.9800226875644475
1.0,9,0.9950371046659183,0.9825338143132477,5.5689096469002895e-15,0.9874343476288193
1.0,10,0.9952783938678856,0.9811069061772958,1.1528089167767583e-13,0.9857612826934765
1.0,11,0.997408239135017,0.9890006523605334,8.495209175755833e-15,0.9915705661477526
1.0,12,0.9697360840541682,0.8893873208772176,3.427440471867142e-12,0.9171436801217562
1.0,13,0.992441079349405,0.9744456593053549,7.288988308285836e-15,0.9818675179620449
1.0,14,0.9614075389110164,0.9142546001504269,4.011446321507937e-13,0.9509542656437349
1.0,15,0.9674340597859238,0.9484674695042561,5.443098407174933e-13,0.980394952926461
1.0,16,0.9911352513465912,0.9544707618934163,1.1215655865125775e-13,0.9630075820587309
1.0,17,0.9668854423045564,0.9626861366753932,1.2174818977461486e-12,0.9956568736621477
1.0,18,0.9682708117032787,0.9440865050628443,2.0694729267971476e-14,0.9750231997607499
1.0,19,0.9869428676587219,0.9581988973795662,1.4215614386551796e-13,0.9708757505403383
1.0499999999999998,0,0.9894202259666185,0.9568212686042012,8.117060483378103e-14,0.9670524651630842
1.0499999999999998,1,0.9942394606299222,0.9765848084033437,3.8274744688579414e-15,0.9822430582101668
1.0499999999999998,2,0.9231714360505995,0.9740824491961122,7.752798853534181e-13,1.0551479510265818
1.0499999999999998,3,0.9842336268939117,0.9607932924321257,3.9908956723014296e-14,0.9761841763761555
1.0499999999999998,4,0.9954427075204243,0.9794399367930626,3.9341956930490355e-14,0.9839239660831839
1.0499999999999998,5,0.9970667195983208,0.9865555839832233,6.626087816819736e-16,0.9894579415705285
1.0499999999999998,6,0.9933289393316129,0.9789668106764374,1.3745164441543797e-15,0.9855414172612096
1.0499999999999998,7,0.9904653452954714,0.9675333470107222,3.194886496101645e-14,0.9768472482205978
1.0499999999999998,8,0.9830023646016022,0.9649144205775289,3.1595737392098886e-14,0.9815992873705999
1.0499999999999998,9,0.9802028203301029,0.9782890360946079,3.61278240625524e-15,0.9980475630177758
1.0499999999999998,10,0.9872729385215598,0.948801488614619,6.467030194931273e-14,0.9610326097203548
1.0499999999999998,11,0.9887898785271388,0.9478040790224892,4.0980472991836037e-14,0.9585495357551
1.0499999999999998,12,0.9944575588039577,0.9752242920911222,2.2711319768437897e-14,0.9806595399235054
1.0499999999999998,13,0.9516886018344118,0.9358747791260092,5.4164910897692445e-14,0.9833834064221172
1.0499999999999998,14,0.9911019097545831,0.9577155311244928,2.9030635626026783e-14,0.9663138792262809
1.0499999999999998,15,0.9675850153185683,0.9601444320546192,1.5498892112746638e-13,0.9923101503773375
1.0499999999999998,16,0.9662639803857938,0.9422285673446184,2.5649691056147497e-13,0.9751254175566453
1.0499999999999998,17,0.9910652245658944,0.981186707618412,2.4502954880365894e-14,0.9900324250073456
1.0499999999999998,18,0.9865937218533181,0.9416719678862233,5.116464958483321e-13,0.954467829084029
1.0499999999999998,19,0.989684118821973,0.9661201617619135,1.0911104147385623e-14,0.9761904262047935
1.0999999999999999,0,0.9858767163550111,0.955439078034312,1.2665707545470855e-14,0.969126323994949
1.0999999999999999,1,0.9769125510551417,0.9557429325873763,2.6201072686886365e-14,0.9783300783208498
1.0999999999999999,2,0.9902942232550762,0.9652121863564979,5.587876594227399e-15,0.9746721365120067
1.0999999999999999,3,0.9878562540752182,0.9663994622291345,5.747128884385953e-14,0.9782794391810086
1.0999999999999999,4,0.9606368753724459,0.9723093785186003,4.2604621500358087e-14,1.0121507964605427
1.0999999999999999,5,0.9752925407146724,0.9580621108700013,2.679899700407982e-14,0.9823330650790917
1.0999999999999999,6,0.992197287582025,0.975530505227543,5.422335251847781e-14,0.9832021488427146
1.0999999999999999,7,0.9685200878345833,0.9388078661085341,4.967074155179245e-13,0.9693220387473335
1.0999999999999999,8,0.9568420904783823,0.9169823968327084,2.1081263230640503e-13,0.9583424537410306
1.0999999999999999,9,0.9943584757828623,0.9740791292168807,1.2234061875101336e-16,0.9796055979198094
1.0999999999999999,10,0.9857852882937624,0.9447661676650834,1.0199424089507584e-13,0.9583893966396729
1.0999999999999999,11,0.9947744728682191,0.973091755980385,2.3295310762112895e-14,0.9782033843044898
1.0999999999999999,12,0.9866891487396362,0.9414073388607201,4.643084297127767e-14,0.9541073194757319
1.0999999999999999,13,0.9897179543614026,0.9853581749150193,1.731076118006572e-14,0.9955949273950557
1.0999999999999999,14,0.9907164415498229,0.9697800693669942,1.1781090704475952e-14,0.9788674424832844
1.0999999999999999,15,0.9920023872484285,0.9582439759857285,5.040176717426818e-15,0.9659694253788003
1.0999999999999999,16,0.9646348403092133,0.9789418103944536,8.908613056293588e-15,1.0148314880267433
1.0999999999999999,17,0.9871189883947571,0.9459155899784183,1.069145802070288e-14,0.9582589344327156
1.0999999999999999,18,0.9897353356417429,0.9932536152922329,1.4435308668996335e-15,1.0035547681514323
1.0999999999999999,19,0.9931569178765297,0.970897666356956,4.769253915332214e-16,0.9775873770600684
1.15,0,0.9799766652725351,0.9638090134270796,2.6438947106729544e-15,0.9835020032421459
1.15,1,0.9858850832699221,0.9665359089412875,6.01156733798165e-15,0.9803738035416473
1.15,2,0.9943012984180671,0.9852777012842516,4.978791939954804e-16,0.9909246853552711
1.15,3,0.9950358771195512,0.9833193112999863,2.3508319492536903e-15,0.9882249815408963
1.15,4,0.9674042711788109,0.9606956623310098,1.6268383659158103e-14,0.9930653512201062
1.15,5,0.9844537439602609,0.9418791296329112,7.067658697386623e-16,0.956753057632716
1.15,6,0.9920210970718969,0.9561245170630429,3.164625304726608e-15,0.9638147010020532
1.15,7,0.9883501060478053,0.9512080377621822,6.79338564992886e-15,0.9624201302156901
1.15,8,0.9930834078143357,0.9872921370668054,2.1620822261223903e-15,0.9941683944138485
1.15,9,0.9856792071788547,0.9405372812613677,3.697209368397522e-15,0.954202213468981
1.15,10,0.9910807391856482,0.9795660800585428,1.8284692855476064e-15,0.9883817143519961
1.15,11,0.9965898026142191,0.9895713678741176,4.0266498435632047e-16,0.9929575491112954
1.15,12,0.9833531197085297,0.9251012621319986,1.178683071956946e-13,0.9407620147737591
1.15,13,0.9729798132741594,0.982917242266248,1.1852563984773408e-15,1.0102133968819333
1.15,14,0.9940629544095213,0.9770219328664695,1.3723080289030152e-16,0.9828572008760179
1.15,15,0.9894955496218875,0.9839309956076657,1.9520450579469384e-16,0.99437637287268
1.15,16,0.9782866105900215,0.9653133742138872,2.0041206015942905e-16,0.9867388184232669
1.15,17,0.9765264116996679,0.9004391582042839,8.853139851450539e-16,0.9220837730708437
1.15,18,0.9933108332387711,0.9890343956318195,1.9367721677659863e-15,0.995694763950169
1.15,19,0.9930857855584045,0.9862118506311478,3.3111831703195847e-16,0.9930782063058282
1.2,0,0.9934294471905769,0.9796356640857125,6.061074034365359e-16,0.9861149846676486
1.2,1,0.9764086376966874,0.9675163044606604,3.2832313632794203e-15,0.990892815882913
1.2,2,0.9815870008221665,0.9187244632892243,2.8346707587979324e-15,0.9359582619969241
1.2,3,0.9882373488455157,0.977810681504341,3.9135502223537047e-16,0.9894492276027163
1.2,4,0.9853021928743679,0.9512405044635477,8.289668672777388e-15,0.9654302115045341
1.2,5,0.9903026644977542,0.970379258957848,6.76719802558949e-15,0.979881498601248
1.2,6,0.9886499028928865,0.9700724336055134,2.6780483577819703e-16,0.9812092539189103
1.2,7,0.9909266375019251,0.9881436018727364,1.517917169125249e-16,0.997191481664877
1.2,8,0.9897049788014306,0.9551233054213126,2.265012401852306e-15,0.9650586042085363
1.2,9,0.9951227357674864,0.9772395251330986,2.146043752885322e-16,0.982029140735512
1.2,10,0.9855333371515349,0.9776252132162939,1.1745748843812966e-16,0.991975792560108
1.2,11,0.9890939663132728,0.9865358408583005,1.2868875809073862e-16,0.9974136679192324
1.2,12,0.9956354088968385,0.9900137182924758,1.8012125243138017e-16,0.9943536654531141
1.2,13,0.9709530601347569,0.8579292279994027,3.2963168775249032e-15,0.8835949575970734
1.2,14,0.9907133062914004,0.9715684597195767,2.3524567889020265e-15,0.9806756945210815
1.2,15,0.9876168339850668,0.9529117477804033,1.6173476614217176e-15,0.9648597664484999
1.2,16,0.9866278229666373,0.9507439548763159,4.281921656285468e-16,0.9636297829272767
1.2,17,0.9904695788171622,0.9851823389641129,3.5097048049688453e-16,0.9946618856680504
1.2,18,0.9934568998555502,0.967967029014866,1.1034817436946212e-15,0.9743422479169808
1.2,19,0.9901884510989,0.9752932696919991,4.890385249648709e-16,0.9849572256762283
