epsilon,N,R,T,DISCARD,mean_spatial_var,sync_score,mean_clusters,median_clusters,std_clusters,min_clusters,max_clusters,total_switches,mean_switches_per_step,mean_switch_fraction,n_dwell_segments,mean_sync_dwell,max_sync_dwell,mean_nonsync_dwell,max_nonsync_dwell
0.0,200,3.8,5000,1000,0.0605598713219841,0.942898205976343,18.84525,19.0,2.5742576478472388,11,27,792151,198.0872718179545,0.9904363590897723,1,0,0,4000.0,4000
0.02,200,3.8,5000,1000,0.0560973675122695,0.9468823905466104,17.80875,18.0,2.455437524658284,11,27,792268,198.11652913228303,0.9905826456614154,1,0,0,4000.0,4000
0.04,200,3.8,5000,1000,0.0485169019152933,0.9537280688306796,16.9995,17.0,2.482740371041644,9,27,787750,196.9867466866717,0.9849337334333584,1,0,0,4000.0,4000
0.06,200,3.8,5000,1000,0.0500897735232315,0.9522995321103148,14.7385,15.0,2.5547245937673986,6,26,797997,199.5491372843211,0.9977456864216054,1,0,0,4000.0,4000
0.08,200,3.8,5000,1000,0.0503949728046711,0.952022835114956,11.616,12.0,2.343297676352708,3,21,799440,199.9099774943736,0.999549887471868,1,0,0,4000.0,4000
0.1,200,3.8,5000,1000,0.0496230090960027,0.9527230170585332,6.05725,6.0,1.4455007566583975,3,13,799793,199.9982495623906,0.999991247811953,1,0,0,4000.0,4000
0.12,200,3.8,5000,1000,0.0464881767074495,0.9555769690072232,7.8725,8.0,1.577575275541551,4,16,799800,200.0,1.0,1,0,0,4000.0,4000
0.14,200,3.8,5000,1000,0.0415149712708268,0.9601398228388676,8.126,8.0,1.437749630498996,4,14,799800,200.0,1.0,1,0,0,4000.0,4000
0.16,200,3.8,5000,1000,0.038346109789501,0.9630700116002026,6.1815,6.0,1.425151834016292,4,14,799760,199.98999749937485,0.9999499874968742,1,0,0,4000.0,4000
0.18,200,3.8,5000,1000,0.0476838107668354,0.954486448796098,19.2595,19.0,2.6570961123000427,11,29,795617,198.95398849712427,0.9947699424856216,1,0,0,4000.0,4000
0.2,200,3.8,5000,1000,0.0470943598738361,0.9550237670275386,19.728,20.0,2.730845290381716,9,30,797634,199.45836459114776,0.9972918229557388,1,0,0,4000.0,4000
0.22,200,3.8,5000,1000,0.0465675592905689,0.9555044880980876,16.571,17.0,2.438433718598888,7,26,798714,199.728432108027,0.998642160540135,1,0,0,4000.0,4000
0.24,200,3.8,5000,1000,0.0441731086023228,0.9576956079040853,19.12275,19.0,2.7647210415338472,11,30,799530,199.9324831207802,0.999662415603901,1,0,0,4000.0,4000
0.26,200,3.8,5000,1000,0.0430007699943446,0.9587720630402048,19.87375,20.0,2.75623129245352,10,30,798875,199.7686921730433,0.9988434608652164,1,0,0,4000.0,4000
0.28,200,3.8,5000,1000,0.0417754132753201,0.959899789587106,18.022,18.0,2.8924066104197728,9,28,798802,199.75043760940235,0.9987521880470116,1,0,0,4000.0,4000
0.3,200,3.8,5000,1000,0.0408023917261306,0.9607971772062692,12.19475,11.0,4.525739987836244,5,26,798991,199.7976994248562,0.9989884971242812,1,0,0,4000.0,4000
0.32,200,3.8,5000,1000,0.0405392398401018,0.961040162362035,17.03575,17.0,3.0517981482234378,8,28,797822,199.505376344086,0.99752688172043,1,0,0,4000.0,4000
0.34,200,3.8,5000,1000,0.0407390446234762,0.9608556584535416,18.8185,19.0,2.7383494572460982,10,29,797119,199.3295823955989,0.9966479119779944,1,0,0,4000.0,4000
0.36,200,3.8,5000,1000,0.0401315514654053,0.961416850196626,17.14925,17.0,2.768749616252795,9,27,797837,199.50912728182047,0.9975456364091024,1,0,0,4000.0,4000
0.38,200,3.8,5000,1000,0.0400171834098103,0.9615225747726496,15.62225,16.0,2.7694864031982536,6,25,798224,199.60590147536885,0.9980295073768444,1,0,0,4000.0,4000
0.4,200,3.8,5000,1000,0.0398453736696879,0.9616814435312908,16.069,16.0,2.6039852150117904,7,26,797479,199.4196049012253,0.9970980245061264,1,0,0,4000.0,4000
0.42,200,3.8,5000,1000,0.0391239044705732,0.9623491440219476,15.87125,16.0,2.4854925945373485,8,25,796263,199.11552888222056,0.9955776444111027,1,0,0,4000.0,4000
0.44,200,3.8,5000,1000,0.0389384271930357,0.9625209481391134,15.94675,16.0,2.40487306057929,7,25,796537,199.1840460115029,0.9959202300575144,1,0,0,4000.0,4000
0.46,200,3.8,5000,1000,0.0386924573696028,0.9627488800028566,14.803,15.0,2.22860741271315,7,24,793932,198.5326331582896,0.992663165791448,1,0,0,4000.0,4000
0.48,200,3.8,5000,1000,0.0398727116272055,0.961656161199949,15.8925,16.0,2.6744053077273087,6,26,791945,198.03575893973493,0.9901787946986746,1,0,0,4000.0,4000
0.5,200,3.8,5000,1000,0.0389386136871902,0.9625207753622737,15.35975,15.0,2.460961181632088,6,25,793116,198.3285821455364,0.991642910727682,1,0,0,4000.0,4000
0.52,200,3.8,5000,1000,0.0385970498184907,0.9628373199931234,15.421,15.0,2.4011994919206527,8,25,791196,197.8484621155289,0.9892423105776444,1,0,0,4000.0,4000
0.54,200,3.8,5000,1000,0.0390723419277496,0.9623968992810834,15.29175,15.0,2.53665763111619,7,24,789215,197.353088272068,0.98676544136034,1,0,0,4000.0,4000
0.56,200,3.8,5000,1000,0.0391000449372009,0.9623712412219518,14.57275,15.0,2.540414816029068,7,25,791073,197.81770442610653,0.9890885221305328,1,0,0,4000.0,4000
0.58,200,3.8,5000,1000,0.0388348583806582,0.9626169086767128,14.771,15.0,2.527559890487266,7,24,789372,197.39234808702176,0.9869617404351088,1,0,0,4000.0,4000
0.6,200,3.8,5000,1000,0.0393477631572764,0.96214186959161,15.48925,16.0,2.598438846211317,7,24,789906,197.5258814703676,0.987629407351838,1,0,0,4000.0,4000
0.62,200,3.8,5000,1000,0.0386790672595615,0.9627612912604352,13.6035,13.0,2.251174748881126,7,24,790093,197.5726431607902,0.987863215803951,1,0,0,4000.0,4000
0.64,200,3.8,5000,1000,0.0392400513512413,0.962241590573592,14.7615,15.0,2.521729119076829,7,24,788818,197.2538134533633,0.9862690672668168,1,0,0,4000.0,4000
0.66,200,3.8,5000,1000,0.0394007603736547,0.962092811670168,15.0365,15.0,2.553951399302657,8,25,789977,197.54363590897725,0.9877181795448864,1,0,0,4000.0,4000
0.68,200,3.8,5000,1000,0.0394334031066616,0.9620625977683582,14.917,15.0,2.6440709143288874,6,24,788635,197.20805201300325,0.9860402600650162,1,0,0,4000.0,4000
0.7,200,3.8,5000,1000,0.0393913668869986,0.962101506572085,14.775,15.0,2.6704634429252163,6,23,790248,197.61140285071264,0.9880570142535634,1,0,0,4000.0,4000
0.72,200,3.8,5000,1000,0.0394673906485904,0.9620311411366506,14.782,15.0,2.7097003524375163,6,25,789858,197.5138784696174,0.987569392348087,1,0,0,4000.0,4000
0.74,200,3.8,5000,1000,0.0391778449254179,0.962299191503424,13.702,14.0,2.577827767714515,4,25,790071,197.56714178544635,0.9878357089272318,1,0,0,4000.0,4000
0.76,200,3.8,5000,1000,0.0391247685380604,0.962348343795996,13.85175,14.0,2.411902140946021,5,25,788123,197.08002000500124,0.9854001000250062,1,0,0,4000.0,4000
0.78,200,3.8,5000,1000,0.0396166203269482,0.9618930483099728,15.157,15.0,2.7849328537686504,7,26,788045,197.06051512878216,0.985302575643911,1,0,0,4000.0,4000
0.8,200,3.8,5000,1000,0.0397585225742911,0.9617617728433188,15.21375,15.0,2.6271773707726704,6,27,789436,197.408352088022,0.98704176044011,1,0,0,4000.0,4000
0.82,200,3.8,5000,1000,0.0392417560267595,0.9622400122019836,14.52775,15.0,2.267648548055893,8,25,779705,194.9749937484371,0.9748749687421856,1,0,0,4000.0,4000
0.84,200,3.8,5000,1000,0.0399270622905238,0.9616059012806328,15.44675,15.0,2.661233630762245,6,25,788046,197.06076519129783,0.9853038259564892,1,0,0,4000.0,4000
0.86,200,3.8,5000,1000,0.0394667330155007,0.9620317497790358,14.8865,15.0,2.538428204617968,7,25,785122,196.3295823955989,0.9816479119779944,1,0,0,4000.0,4000
0.88,200,3.8,5000,1000,0.0397056367071859,0.9618106940028368,16.06375,16.0,2.3813202089387304,7,26,756145,189.08352088022005,0.9454176044011002,1,0,0,4000.0,4000
0.9,200,3.8,5000,1000,0.0399807718442,0.9615562393780588,16.1415,16.0,2.439462594507241,8,25,753910,188.52463115778943,0.9426231557889472,1,0,0,4000.0,4000
0.92,200,3.8,5000,1000,0.0402140660601979,0.9613405861617422,16.63775,17.0,2.255443401528844,10,26,729686,182.4671167791948,0.912335583895974,1,0,0,4000.0,4000
0.94,200,3.8,5000,1000,0.0430011498587128,0.9587717138523406,16.22725,16.0,2.682556138741555,7,25,782533,195.68217054263565,0.9784108527131784,1,0,0,4000.0,4000
0.96,200,3.8,5000,1000,0.0411697502117324,0.9604581767734222,16.31375,16.0,2.604862940252328,7,25,770326,192.6296574143536,0.963148287071768,1,0,0,4000.0,4000
0.98,200,3.8,5000,1000,0.040503928587218,0.961072776878206,14.6855,14.0,3.3873425793680805,7,27,710420,177.64941235308828,0.8882470617654413,1,0,0,4000.0,4000
1.0,200,3.8,5000,1000,0.0408912461654157,0.9607151599016162,18.988,19.0,2.840573181595574,11,30,762346,190.6341585396349,0.9531707926981744,1,0,0,4000.0,4000
