epsilon,N,R,T,DISCARD,mean_spatial_var,sync_score,mean_clusters,median_clusters,std_clusters,min_clusters,max_clusters,total_switches,mean_switches_per_step,mean_switch_fraction,n_dwell_segments,mean_sync_dwell,max_sync_dwell,mean_nonsync_dwell,max_nonsync_dwell,mean_cluster_count,median_cluster_count,std_cluster_count,min_cluster_count,max_cluster_count,mean_dwell,median_dwell,std_dwell,max_dwell,switching_count,switching_rate,dominant_cluster_state,dominant_fraction,n_segments,n_steps,cluster_threshold,state_tol,d_sync_score_dEps,abs_d_sync_score_dEps,d_mean_spatial_var_dEps,abs_d_mean_spatial_var_dEps,d_mean_clusters_dEps,abs_d_mean_clusters_dEps,d_mean_switch_fraction_dEps,abs_d_mean_switch_fraction_dEps,d_mean_dwell_dEps,abs_d_mean_dwell_dEps,d_max_dwell_dEps,abs_d_max_dwell_dEps,d_switching_rate_dEps,abs_d_switching_rate_dEps,d_dominant_fraction_dEps,abs_d_dominant_fraction_dEps,d_mean_cluster_count_dEps,abs_d_mean_cluster_count_dEps,abs_d_sync_score_dEps_norm,abs_d_mean_spatial_var_dEps_norm,abs_d_mean_clusters_dEps_norm,abs_d_mean_switch_fraction_dEps_norm,abs_d_mean_dwell_dEps_norm,abs_d_switching_rate_dEps_norm,abs_d_dominant_fraction_dEps_norm,abs_d_mean_cluster_count_dEps_norm,reorganization_score
0.0,200,3.8,5000,1000,0.0605598713219841,0.942898205976343,18.84525,19.0,2.5742576478472388,11,27,792151,198.0872718179545,0.9904363590897723,1,0,0,4000.0,4000,18.84525,19.0,2.5742576478472388,11,27,1.118881118881119,1.0,0.3658405493457515,4,3574,0.8935,19,0.15175,3575,4000,0.01,1,0.19920922851336953,0.19920922851336953,-0.22312519048573,0.22312519048573,-51.82500000000001,51.82500000000001,0.007314328582153085,0.007314328582153085,0.2515046066605464,0.2515046066605464,0.0,0.0,-0.20000000000000018,0.20000000000000018,0.4250000000000004,0.4250000000000004,-51.82500000000001,51.82500000000001,0.7355651694545543,0.7408948256128497,0.14962293168300353,0.002185950214264515,0.03272048924113238,0.039151712887438676,0.12267657992565303,0.14962293168300353,0.24655507383773745
0.02,200,3.8,5000,1000,0.0560973675122695,0.9468823905466104,17.80875,18.0,2.455437524658284,11,27,792268,198.11652913228303,0.9905826456614154,1,0,0,4000.0,4000,17.80875,18.0,2.455437524658284,11,27,1.12391121101433,1.0,0.3749515866257942,4,3558,0.8895,18,0.16025,3559,4000,0.01,1,0.2707465713584156,0.2707465713584156,-0.30107423516727017,0.30107423516727017,-46.14375000000001,46.14375000000001,-0.13756564141034744,0.13756564141034744,0.24467631691108238,0.24467631691108238,0.0,0.0,-0.19374999999999787,0.19374999999999787,0.2437500000000008,0.2437500000000008,-46.14375000000001,46.14375000000001,1.0,1.0,0.13277992921862586,0.042313062737733165,0.031536461695891686,0.037520391517128125,0.0687732342007462,0.13277992921862586,0.3057128760735939
0.04,200,3.8,5000,1000,0.0485169019152933,0.9537280688306796,16.9995,17.0,2.482740371041644,9,27,787750,196.9867466866717,0.9849337334333584,1,0,0,4000.0,4000,16.9995,17.0,2.482740371041644,9,27,1.1286681715575622,1.0,0.3908256994641831,4,3543,0.88575,17,0.1615,3544,4000,0.01,1,0.1354285390926151,0.1354285390926151,-0.15018984972594995,0.15018984972594995,-76.75625000000002,76.75625000000002,0.17907601900475356,0.17907601900475356,0.3922482146702464,0.3922482146702464,25.00000000000003,25.00000000000003,-0.306249999999995,0.306249999999995,-0.16874999999999973,0.16874999999999973,-76.75625000000002,76.75625000000002,0.4998024876398096,0.4984553670696915,0.22353573347662573,0.05510135297799744,0.05712547421019066,0.06688417618270649,0.04646840148699127,0.22353573347662573,0.20886359081507982
0.06,200,3.8,5000,1000,0.0500897735232315,0.9522995321103148,14.7385,15.0,2.5547245937673986,6,26,797997,199.5491372843211,0.9977456864216054,1,0,0,4000.0,4000,14.7385,15.0,2.5547245937673986,6,26,1.1396011396011396,1.0,0.3999983766332591,5,3509,0.87725,14,0.1535,3510,4000,0.01,1,-0.04263084289308594,0.04263084289308594,0.04695177223444502,0.04695177223444502,-134.58749999999998,134.58749999999998,0.36540385096274264,0.36540385096274264,0.963336563118137,0.963336563118137,25.00000000000003,25.00000000000003,-0.7312499999999993,0.7312499999999993,0.16875000000000018,0.16875000000000018,-134.58749999999998,134.58749999999998,0.15677963980098256,0.1552886203684927,0.3949860104875019,0.11250421300977556,0.15615236969033583,0.17781402936378427,0.046468401486991405,0.3949860104875019,0.19937241183692078
0.08,200,3.8,5000,1000,0.0503949728046711,0.952022835114956,11.616,12.0,2.343297676352708,3,21,799440,199.9099774943736,0.999549887471868,1,0,0,4000.0,4000,11.616,12.0,2.343297676352708,3,21,1.1672016340822875,1.0,0.453625110399756,5,3426,0.8565,11,0.16825,3427,4000,0.01,1,0.010587123705459334,0.010587123705459334,-0.011669110680719852,0.011669110680719852,-217.03124999999997,217.03124999999997,0.05613903475869009,0.05613903475869009,2.269737735748194,2.269737735748194,49.99999999999997,49.99999999999997,-1.6187499999999986,1.6187499999999986,2.9874999999999994,2.9874999999999994,-217.03124999999997,217.03124999999997,0.03833135647880335,0.03800789919904204,0.6394041023550551,0.01722759882517284,0.38268273531375585,0.4094616639477971,0.8847583643122685,0.6394041023550551,0.3811597278483687
0.1,200,3.8,5000,1000,0.0496230090960027,0.9527230170585332,6.05725,6.0,1.4455007566583975,3,13,799793,199.9982495623906,0.999991247811953,1,0,0,4000.0,4000,6.05725,6.0,1.4455007566583975,3,13,1.2303906490310674,1.0,0.5519567284170258,7,3250,0.8125,6,0.273,3251,4000,0.01,1,0.08885334730668148,0.08885334730668148,-0.09766990243054008,0.09766990243054008,-93.58749999999986,93.58749999999986,0.011252813203299183,0.011252813203299183,0.9585968815172521,0.9585968815172521,24.999999999999943,24.999999999999943,-0.6812499999999986,0.6812499999999986,1.8374999999999968,1.8374999999999968,-93.58749999999986,93.58749999999986,0.32763921657434153,0.32387734422955017,0.2734347495784614,0.0033992970292262966,0.15533050744121865,0.16476345840130446,0.5427509293680304,0.2734347495784614,0.2580787815250743
0.12,200,3.8,5000,1000,0.0464881767074495,0.9555769690072232,7.8725,8.0,1.577575275541551,4,16,799800,200.0,1.0,1,0,0,4000.0,4000,7.8725,8.0,1.577575275541551,4,16,1.2055455093429777,1.0,0.5236475339304746,6,3317,0.82925,7,0.24175,3318,4000,0.01,1,0.1854201445083561,0.1854201445083561,-0.20270094562939733,0.20270094562939733,51.71875000000003,51.71875000000003,0.00021880470117352502,0.00021880470117352502,0.8457963532372226,0.8457963532372226,24.999999999999886,24.999999999999886,-0.5437499999999993,0.5437499999999993,0.012499999999997513,0.012499999999997513,51.71875000000003,51.71875000000003,0.6845943904567828,0.6730039675934032,0.14930793603735515,0.0,0.13577086110199574,0.12887438825448574,1.8489959666619672e-15,0.14930793603735515,0.24010743493517245
0.14,200,3.8,5000,1000,0.0415149712708268,0.9601398228388676,8.126,8.0,1.437749630498996,4,14,799800,200.0,1.0,1,0,0,4000.0,4000,8.126,8.0,1.437749630498996,4,14,1.2642225031605565,1.0,0.5925981457750565,8,3163,0.79075,8,0.2735,3164,4000,0.01,1,0.18732606482448233,0.18732606482448233,-0.20355167294871224,0.20355167294871224,-42.27500000000006,42.27500000000006,-0.0012503125781435642,0.0012503125781435642,3.5540846383932134,3.5540846383932134,49.999999999999915,49.999999999999915,-2.1874999999999964,2.1874999999999964,0.16249999999999876,0.16249999999999876,-42.27500000000006,42.27500000000006,0.6916395461165289,0.6758318130317605,0.12131038188589799,0.0003177813086814537,0.6053888837304428,0.557911908646002,0.044609665427511436,0.12131038188589799,0.3522900452540904
0.16,200,3.8,5000,1000,0.038346109789501,0.9630700116002026,6.1815,6.0,1.425151834016292,4,14,799760,199.98999749937485,0.9999499874968742,1,0,0,4000.0,4000,6.1815,6.0,1.425151834016292,4,14,1.3477088948787062,1.0,0.7575239004362845,8,2967,0.74175,6,0.24825,2968,4000,0.01,1,-0.14133435106923642,0.14133435106923642,0.15422098740021495,0.15422098740021495,278.33750000000015,278.33750000000015,-0.13075143785946253,0.13075143785946253,-3.562937789333599,3.562937789333599,-75.00000000000004,75.00000000000004,2.5124999999999993,2.5124999999999993,-2.8875000000000024,2.8875000000000024,278.33750000000015,278.33750000000015,0.5216330774711073,0.5118550005653462,0.8211565898941982,0.040213780153112715,0.6069240228297191,0.6427406199021203,0.8550185873605965,0.8211565898941982,0.6025872835087998
0.18,200,3.8,5000,1000,0.0476838107668354,0.954486448796098,19.2595,19.0,2.6570961123000427,11,29,795617,198.95398849712427,0.9947699424856216,1,0,0,4000.0,4000,19.2595,19.0,2.6570961123000427,11,29,1.1217049915872126,1.0,0.3756393068535015,5,3565,0.89125,19,0.158,3566,4000,0.01,1,-0.20115611431659985,0.20115611431659985,0.2187062521083779,0.2187062521083779,338.66250000000036,338.66250000000036,-0.06645411352839048,0.06645411352839048,-5.829807911115058,5.829807911115058,-75.00000000000011,75.00000000000011,3.8812500000000014,3.8812500000000014,-2.7062500000000025,2.7062500000000025,338.66250000000036,338.66250000000036,0.7427617523439087,0.7262061298944141,1.0,0.020405411911987376,1.0,1.0,0.8011152416356896,1.0,0.7863110669732499
0.2,200,3.8,5000,1000,0.0470943598738361,0.9550237670275386,19.728,20.0,2.730845290381716,9,30,797634,199.45836459114776,0.9972918229557388,1,0,0,4000.0,4000,19.728,20.0,2.730845290381716,9,30,1.1145165784341042,1.0,0.3618524851736597,5,3588,0.897,19,0.14,3589,4000,0.01,1,0.025450982549742207,0.025450982549742207,-0.027906286906662636,0.027906286906662636,-67.21250000000003,67.21250000000003,0.09680545136284024,0.09680545136284024,0.6765021488607559,0.6765021488607559,-25.000000000000014,25.000000000000014,-0.5250000000000021,0.5250000000000021,0.01250000000000151,0.01250000000000151,-67.21250000000003,67.21250000000003,0.09327499623983135,0.09198080412386823,0.19524171283514644,0.029755886176513535,0.10641519393115272,0.12398042414355663,3.0376362309446606e-15,0.19524171283514644,0.10448634128565229
0.22,200,3.8,5000,1000,0.0465675592905689,0.9555044880980876,16.571,17.0,2.438433718598888,7,26,798714,199.728432108027,0.998642160540135,1,0,0,4000.0,4000,16.571,17.0,2.438433718598888,7,26,1.1487650775416427,1.0,0.407757801177192,4,3481,0.87025,16,0.1585,3482,4000,0.01,1,0.0667960219136674,0.0667960219136674,-0.07303128178783269,0.07303128178783269,-15.13125000000008,15.13125000000008,0.0592648162040561,0.0592648162040561,0.6840452879341505,0.6840452879341505,-25.000000000000014,25.000000000000014,-0.537500000000005,0.537500000000005,0.11874999999999947,0.11874999999999947,-15.13125000000008,15.13125000000008,0.2461052250865469,0.2419777632357193,0.04083825900053806,0.018190572487844607,0.1077231765692916,0.12724306688417727,0.03159851301115479,0.04083825900053806,0.10681435440947633
0.24,200,3.8,5000,1000,0.0441731086023228,0.9576956079040853,19.12275,19.0,2.7647210415338472,11,30,799530,199.9324831207802,0.999662415603901,1,0,0,4000.0,4000,19.12275,19.0,2.7647210415338472,11,30,1.1418783899514702,1.0,0.3992879904087365,4,3502,0.8755,19,0.14475,3503,4000,0.01,1,0.08168937355292982,0.08168937355292982,-0.08916973240560755,0.08916973240560755,82.56875000000002,82.56875000000002,0.005032508127033708,0.005032508127033708,-0.7236062218557429,0.7236062218557429,24.999999999999957,24.999999999999957,0.5625,0.5625,-0.35625000000000107,0.35625000000000107,82.56875000000002,82.56875000000002,0.3011578837450145,0.29562250100948756,0.24076784820915734,0.0014829794405134507,0.11458305469357435,0.1337683523654158,0.10223048327137818,0.24076784820915734,0.17879761886796233
0.26,200,3.8,5000,1000,0.0430007699943446,0.9587720630402048,19.87375,20.0,2.7562312924535197,10,30,798875,199.7686921730433,0.9988434608652164,1,0,0,4000.0,4000,19.87375,20.0,2.7562312924535197,10,30,1.1198208286674132,1.0,0.3751508413796924,5,3571,0.89275,20,0.14425,3572,4000,0.01,1,0.055104542075515184,0.055104542075515184,-0.05994238317506739,0.05994238317506739,-27.51875000000001,27.51875000000001,-0.022755688922234896,0.022755688922234896,-0.1701152538945827,0.1701152538945827,0.0,0.0,0.13125000000000142,0.13125000000000142,-0.22499999999999964,0.22499999999999964,-27.51875000000001,27.51875000000001,0.2028881531787472,0.19846983608341345,0.0775630454520192,0.006943040107854946,0.01860755040871429,0.021207177814029546,0.0631970260223072,0.0775630454520192,0.08330485931488814
0.28,200,3.8,5000,1000,0.0417754132753201,0.959899789587106,18.022,18.0,2.8924066104197728,9,28,798802,199.75043760940235,0.9987521880470116,1,0,0,4000.0,4000,18.022,18.0,2.8924066104197728,9,28,1.135073779795687,1.0,0.396388664053527,4,3523,0.88075,17,0.13575,3524,4000,0.01,1,0.05062785415161386,0.05062785415161386,-0.05495945670534996,0.05495945670534996,-191.97500000000042,191.97500000000042,0.00362590647662131,0.00362590647662131,1.6165610126602488,1.6165610126602488,50.0000000000003,50.0000000000003,-1.2187500000000036,1.2187500000000036,-0.7687500000000012,0.7687500000000012,-191.97500000000042,191.97500000000042,0.18634026132978868,0.1819064254968019,0.5651207174489067,0.0010496412923118664,0.2694216903929704,0.3050570962479615,0.22490706319702855,0.5651207174489067,0.2873654516068345
0.3,200,3.8,5000,1000,0.0408023917261306,0.9607971772062692,12.19475,11.0,4.525739987836244,5,26,798991,199.7976994248562,0.9989884971242812,1,0,0,4000.0,4000,12.19475,11.0,4.525739987836244,5,26,1.184483269173823,1.0,0.4927868581489566,7,3376,0.844,9,0.1135,3377,4000,0.01,1,0.02850931937322798,0.02850931937322798,-0.03090433588045749,0.03090433588045749,-24.656250000000682,24.656250000000682,-0.03063265816453864,0.03063265816453864,-0.3263536113017018,0.3263536113017018,25.000000000000355,25.000000000000355,0.2562499999999943,0.2562499999999943,-0.1250000000000031,0.1250000000000031,-24.656250000000682,24.656250000000682,0.10458001187930113,0.1019464169848081,0.06907669217514002,0.009369733737782066,0.04569932969469299,0.053833605220226705,0.03345724907063542,0.06907669217514002,0.06087996636721579
0.32,200,3.8,5000,1000,0.0405392398401018,0.961040162362035,17.03575,17.0,3.0517981482234378,8,28,797822,199.505376344086,0.99752688172043,1,0,0,4000.0,4000,17.03575,17.0,3.0517981482234378,8,28,1.1220196353436185,1.0,0.3782003070665394,5,3564,0.891,17,0.13075,3565,4000,0.01,1,0.001462031181809209,0.001462031181809209,-0.00158367756636002,0.00158367756636002,165.59374999999983,165.59374999999983,-0.05851462865716783,0.05851462865716783,-1.7491672684929647,1.7491672684929647,-74.99999999999994,74.99999999999994,1.3250000000000028,1.3250000000000028,0.9437499999999988,0.9437499999999988,165.59374999999983,165.59374999999983,0.00460082918720948,0.004483589612666854,0.4869091515499631,0.01795945880880325,0.2924156559887472,0.33278955954323053,0.27695167286245526,0.4869091515499631,0.23787738363787983
0.34,200,3.8,5000,1000,0.0407390446234762,0.9608556584535416,18.8185,19.0,2.7383494572460982,10,29,797119,199.3295823955989,0.9966479119779944,1,0,0,4000.0,4000,18.8185,19.0,2.7383494572460982,10,29,1.1145165784341042,1.0,0.3610816566057276,4,3588,0.897,19,0.15125,3589,4000,0.01,1,0.009417195864774186,0.009417195864774186,-0.010192209367412497,0.010192209367412497,2.837499999999693,2.837499999999693,0.00046886721681005383,0.00046886721681005383,-0.06280546517456642,0.06280546517456642,-24.999999999999943,24.999999999999943,0.05000000000000071,0.05000000000000071,0.18749999999999822,0.18749999999999822,2.837499999999693,2.837499999999693,0.03400676657934219,0.03309863092127779,0.004391409883451233,7.703789301597425e-05,0.0,0.0,0.052044609665429474,0.004391409883451233,0.016001233103245985
0.36,200,3.8,5000,1000,0.0401315514654053,0.961416850196626,17.14925,17.0,2.768749616252795,9,27,797837,199.50912728182047,0.9975456364091024,1,0,0,4000.0,4000,17.14925,17.0,2.768749616252795,9,27,1.119507416736636,1.0,0.3748197936459279,4,3572,0.893,17,0.13825,3573,4000,0.01,1,0.016672907977699936,0.016672907977699936,-0.018046530341647715,0.018046530341647715,-79.90625000000011,79.90625000000011,0.034539884971248824,0.034539884971248824,0.45767460740001553,0.45767460740001553,24.999999999999943,24.999999999999943,-0.3625000000000007,0.3625000000000007,0.018749999999998046,0.018749999999998046,-79.90625000000011,79.90625000000011,0.06082720646098541,0.05920665076983686,0.23287442791232055,0.010573450816122598,0.06847043085674524,0.08156606851549754,0.001858736059481558,0.23287442791232055,0.09353142491291377
0.38,200,3.8,5000,1000,0.0400171834098103,0.9615225747726496,15.62225,16.0,2.7694864031982536,6,25,798224,199.60590147536885,0.9980295073768444,1,0,0,4000.0,4000,15.62225,16.0,2.7694864031982536,6,25,1.1328235627301049,1.0,0.396353296611496,5,3530,0.8825,16,0.152,3531,4000,0.01,1,0.006614833366619166,0.006614833366619166,-0.007154444892935041,0.007154444892935041,-27.006249999999966,27.006249999999966,-0.011190297574401598,0.011190297574401598,0.276870828051031,0.276870828051031,24.99999999999997,24.99999999999997,-0.21875,0.21875,0.37499999999999956,0.37499999999999956,-27.006249999999966,27.006249999999966,0.023647949451738304,0.02300100243689725,0.07604365469065606,0.00338003755597586,0.03711899984144267,0.044045676998368484,0.10780669144981639,0.07604365469065606,0.04888595838944388
0.4,200,3.8,5000,1000,0.0398453736696879,0.9616814435312908,16.069,16.0,2.6039852150117904,7,26,797479,199.4196049012253,0.9970980245061264,1,0,0,4000.0,4000,16.069,16.0,2.6039852150117904,7,26,1.1305822498586773,1.0,0.3927231682437842,5,3537,0.88425,16,0.15325,3538,4000,0.01,1,0.020664231232448316,0.020664231232448316,-0.022331973480927525,0.022331973480927525,6.225000000000023,6.225000000000023,-0.06129657414354028,0.06129657414354028,0.19381070363218456,0.19381070363218456,0.0,0.0,-0.15000000000000568,0.15000000000000568,-0.06875000000000053,0.06875000000000053,6.225000000000023,6.225000000000023,0.0755809678749037,0.07345160395002986,0.014434212232949127,0.018816505368580108,0.02271634868992215,0.02610114192496051,0.016728624535318704,0.014434212232949127,0.03278295210120166
0.42,200,3.8,5000,1000,0.0391239044705732,0.9623491440219476,15.87125,16.0,2.4854925945373485,8,25,796263,199.11552888222056,0.9955776444111027,1,0,0,4000.0,4000,15.87125,16.0,2.4854925945373485,8,25,1.140575990875392,1.0,0.419001228192487,5,3506,0.8765,16,0.14925,3507,4000,0.01,1,0.020987615195565468,0.020987615195565468,-0.022673661916304932,0.022673661916304932,-3.0562499999999773,3.0562499999999773,-0.029444861215299767,0.029444861215299767,0.30687232496164185,0.30687232496164185,0.0,0.0,-0.23749999999999716,0.23749999999999716,0.5687499999999983,0.5687499999999983,-3.0562499999999773,3.0562499999999773,0.0767763433262009,0.07458738748652138,0.0050399303303753085,0.00900380374596686,0.042321268644316075,0.0489396411092976,0.16542750929368208,0.0050399303303753085,0.05339197678334194
0.44,200,3.8,5000,1000,0.0389384271930357,0.9625209481391134,15.94675,16.0,2.40487306057929,7,25,796537,199.1840460115029,0.9959202300575144,1,0,0,4000.0,4000,15.94675,16.0,2.40487306057929,7,25,1.1428571428571428,1.0,0.4169862719807549,5,3499,0.87475,16,0.176,3500,4000,0.01,1,0.009993399522727486,0.009993399522727486,-0.010786177524260032,0.010786177524260032,-26.706249999999955,26.706249999999955,-0.07286196549137003,0.07286196549137003,0.23775663984607576,0.23775663984607576,-24.99999999999997,24.99999999999997,-0.18124999999999858,0.18124999999999858,0.9062499999999991,0.9062499999999991,-26.706249999999955,26.706249999999955,0.036136679581291194,0.03507300050449914,0.07515425522058988,0.0223795079204581,0.030336587561994355,0.03425774877650841,0.26579925650557806,0.07515425522058988,0.07178641141143863
0.46,200,3.8,5000,1000,0.0386924573696028,0.9627488800028566,14.803,15.0,2.22860741271315,7,24,793932,198.5326331582896,0.992663165791448,1,0,0,4000.0,4000,14.803,15.0,2.22860741271315,7,24,1.1500862564692351,1.0,0.4220949743516647,4,3477,0.86925,15,0.1855,3478,4000,0.01,1,-0.021619673479108314,0.021619673479108314,0.023357110854245078,0.023357110854245078,-1.356249999999818,1.356249999999818,-0.14353588397099415,0.14353588397099415,-0.6384676775738214,0.6384676775738214,-24.999999999999943,24.999999999999943,0.5,0.5,-0.47500000000000275,0.47500000000000275,-1.356249999999818,1.356249999999818,0.07911272064266803,0.07685919411318594,0.0,0.044152342433435514,0.09982000489777408,0.11745513866231627,0.13754646840149015,0.0,0.06936823364385875
0.48,200,3.8,5000,1000,0.0398727116272055,0.961656161199949,15.8925,16.0,2.6744053077273087,6,26,791945,198.03575893973493,0.9901787946986746,1,0,0,4000.0,4000,15.8925,16.0,2.6744053077273087,6,26,1.11731843575419,1.0,0.36720530577253,4,3579,0.89475,16,0.157,3580,4000,0.01,1,-0.005702616014573891,0.005702616014573891,0.006153907939685177,0.006153907939685177,13.918750000000102,13.918750000000102,-0.025506376594151448,0.025506376594151448,-0.18888877391311354,0.18888877391311354,0.0,0.0,0.14375000000000426,0.14375000000000426,-0.7187500000000018,0.7187500000000018,13.918750000000102,13.918750000000102,0.020275975720043964,0.019675184874774026,0.037243602809020775,0.0077904569310043945,0.02186288456099055,0.02446982055465019,0.21003717472119232,0.037243602809020775,0.04732483787258713
0.5,200,3.8,5000,1000,0.0389386136871902,0.9625207753622737,15.35975,15.0,2.460961181632088,6,25,793116,198.3285821455364,0.991642910727682,1,0,0,4000.0,4000,15.35975,15.0,2.460961181632088,6,25,1.1425307055127107,1.0,0.4020360840011107,4,3500,0.875,16,0.15675,3501,4000,0.01,1,0.029528969829357266,0.029528969829357266,-0.031891545217869965,0.031891545217869965,-11.787500000000023,11.787500000000023,-0.02341210302575547,0.02341210302575547,0.4197467897290217,0.4197467897290217,49.99999999999997,49.99999999999997,-0.3312500000000007,0.3312500000000007,0.24999999999999956,0.24999999999999956,-11.787500000000023,11.787500000000023,0.10834910763906634,0.10522793311591545,0.030925160740425617,0.00714526457701408,0.06189373559321332,0.07340946166394778,0.07063197026022537,0.030925160740425617,0.0610634742912792
0.52,200,3.8,5000,1000,0.0385970498184907,0.9628373199931234,15.421,15.0,2.4011994919206527,8,25,791196,197.8484621155289,0.9892423105776444,1,0,0,4000.0,4000,15.421,15.0,2.4011994919206527,8,25,1.134108307343351,1.0,0.406764035546763,6,3526,0.8815,15,0.167,3527,4000,0.01,1,-0.003096902029756876,0.003096902029756876,0.0033432060139850783,0.0033432060139850783,-1.6999999999999886,1.6999999999999886,-0.12193673418354933,0.12193673418354933,-0.4812681994577588,0.4812681994577588,24.99999999999997,24.99999999999997,0.375,0.375,0.10625000000000018,0.10625000000000018,-1.6999999999999886,1.6999999999999886,0.01064406169274373,0.010332319730189502,0.0010191035594512997,0.03749819442438417,0.07256156698489986,0.08482871125611725,0.0278810408921959,0.0010191035594512997,0.03072301276242913
0.54,200,3.8,5000,1000,0.0390723419277496,0.9623968992810834,15.29175,15.0,2.53665763111619,7,24,789215,197.353088272068,0.98676544136034,1,0,0,4000.0,4000,15.29175,15.0,2.53665763111619,7,24,1.1232799775344005,1.0,0.3839229400377401,5,3560,0.89,15,0.161,3561,4000,0.01,1,-0.011651969279288465,0.011651969279288465,0.012574877967755027,0.012574877967755027,-21.206249999999955,21.206249999999955,-0.0038447111777912824,0.0038447111777912824,-0.20747829996430056,0.20747829996430056,0.0,0.0,0.16250000000000142,0.16250000000000142,-0.38124999999999964,0.38124999999999964,-21.206249999999955,21.206249999999955,0.04226751412282568,0.0410186992905665,0.058848598269377175,0.00111704944869715,0.025086314102670832,0.0293637846655793,0.10966542750929596,0.058848598269377175,0.04577699820979872
0.56,200,3.8,5000,1000,0.0391000449372009,0.9623712412219518,14.57275,15.0,2.540414816029068,7,25,791073,197.81770442610653,0.9890885221305328,1,0,0,4000.0,4000,14.57275,15.0,2.540414816029068,7,25,1.125809175344779,1.0,0.4042983583601629,6,3552,0.888,15,0.15175,3553,4000,0.01,1,0.005500234890739364,0.005500234890739364,-0.005937088677285041,0.005937088677285041,-13.01874999999984,13.01874999999984,0.004907476869224325,0.004907476869224325,0.3594112556104143,0.3594112556104143,-2.7000623958883807e-13,2.7000623958883807e-13,-0.28124999999999645,0.28124999999999645,-0.03749999999999698,0.03749999999999698,-13.01874999999984,13.01874999999984,0.01952788226202023,0.018954470553973826,0.034575404398821556,0.0014444604940081999,0.05143153539749834,0.06035889070146706,0.007434944237919893,0.034575404398821556,0.028537874055566334
0.58,200,3.8,5000,1000,0.0388348583806582,0.9626169086767128,14.771,15.0,2.527559890487266,7,24,789372,197.39234808702176,0.9869617404351088,1,0,0,4000.0,4000,14.771,15.0,2.527559890487266,7,24,1.1376564277588168,1.0,0.4045300539539327,5,3515,0.87875,15,0.1595,3516,4000,0.01,1,-0.005734290758550031,0.005734290758550031,0.006192955501887254,0.006192955501887254,22.91249999999991,22.91249999999991,-0.036477869467372415,0.036477869467372415,-0.15754396520357616,0.15754396520357616,-3.126388037344441e-13,3.126388037344441e-13,0.12499999999999645,0.12499999999999645,0.05625000000000169,0.05625000000000169,22.91249999999991,22.91249999999991,0.020393060101749946,0.019804980248855863,0.06390705775537825,0.011170494486978065,0.016427685078527765,0.019575856443718297,0.013011152416359945,0.06390705775537825,0.028524668035868297
0.6,200,3.8,5000,1000,0.0393477631572764,0.96214186959161,15.48925,16.0,2.598438846211317,7,24,789906,197.5258814703676,0.987629407351838,1,0,0,4000.0,4000,15.48925,16.0,2.598438846211317,7,24,1.119507416736636,1.0,0.391617431942511,6,3572,0.893,16,0.154,3573,4000,0.01,1,0.0036095645930629416,0.0036095645930629416,-0.003894778027417445,0.003894778027417445,-29.1875,29.1875,0.022536884221054265,0.022536884221054265,0.927164930111811,0.927164930111811,124.99999999999989,124.99999999999989,-0.6937500000000014,0.6937500000000014,1.0374999999999992,1.0374999999999992,-29.1875,29.1875,0.012539097665053695,0.01216576314583806,0.08251033000426211,0.006875631951466379,0.1498801973884517,0.16802610114192512,0.30483271375464865,0.08251033000426211,0.10241752063198849
0.62,200,3.8,5000,1000,0.0386790672595615,0.9627612912604352,13.6035,13.0,2.251174748881126,7,24,790093,197.5726431607902,0.987863215803951,1,0,0,4000.0,4000,13.6035,13.0,2.251174748881126,7,24,1.1747430249632893,1.0,0.5034471188829612,10,3404,0.851,13,0.201,3405,4000,0.01,1,0.002493024549551137,0.002493024549551137,-0.002692795150877614,0.002692795150877614,-18.193749999999966,18.193749999999966,-0.034008502125530526,0.034008502125530526,0.5755822194018698,0.5755822194018698,-25.0,25.0,-0.4499999999999993,0.4499999999999993,0.11250000000000027,0.11250000000000027,-18.193749999999966,18.193749999999966,0.008411853550846362,0.008170332745008831,0.049917545257462975,0.010409745293466525,0.08891564708599305,0.10440456769983648,0.029739776951675477,0.049917545257462975,0.043735876730219087
0.64,200,3.8,5000,1000,0.0392400513512413,0.962241590573592,14.7615,15.0,2.521729119076829,7,24,788818,197.2538134533633,0.9862690672668168,1,0,0,4000.0,4000,14.7615,15.0,2.521729119076829,7,24,1.1425307055127107,1.0,0.4090790465992015,5,3500,0.875,14,0.1585,3501,4000,0.01,1,-0.016711989756679202,0.016711989756679202,0.018042327852329842,0.018042327852329842,35.82499999999999,35.82499999999999,-0.0036259064766142046,0.0036259064766142046,-1.302339306372435,1.302339306372435,-24.99999999999997,24.99999999999997,0.9875000000000007,0.9875000000000007,-1.056249999999999,1.056249999999999,35.82499999999999,35.82499999999999,0.06097167064138113,0.059192681557872606,0.1021882932794756,0.0010496412923096774,0.21493554976214743,0.2446982055464926,0.3104089219330872,0.1021882932794756,0.13695415716153023
0.66,200,3.8,5000,1000,0.0394007603736547,0.962092811670168,15.0365,15.0,2.553951399302657,8,25,789977,197.54363590897725,0.9877181795448864,1,0,0,4000.0,4000,15.0365,15.0,2.553951399302657,8,25,1.122649452708392,1.0,0.4053398103079656,9,3562,0.8905,15,0.15875,3563,4000,0.01,1,-0.004474820130845103,0.004474820130845103,0.004833793885507642,0.004833793885507642,3.8874999999999886,3.8874999999999886,-0.005720180045013734,0.005720180045013734,-0.37042861892856394,0.37042861892856394,0.0,0.0,0.28749999999999787,0.28749999999999787,-0.1312500000000001,0.1312500000000001,3.8874999999999886,3.8874999999999886,0.015737478991678253,0.0152870825751752,0.007504308028683626,0.0016948336463010864,0.053341949589520224,0.061990212071777386,0.03531598513011407,0.007504308028683626,0.024797019757741685
0.68,200,3.8,5000,1000,0.0394334031066616,0.9620625977683582,14.917,15.0,2.6440709143288874,6,24,788635,197.20805201300325,0.9860402600650162,1,0,0,4000.0,4000,14.917,15.0,2.6440709143288874,6,24,1.1277135607555682,1.0,0.3803555668016325,5,3546,0.8865,14,0.15325,3547,4000,0.01,1,0.00021737254792952854,0.00021737254792952854,-0.00023483716640237962,0.00023483716640237962,-6.537499999999966,6.537499999999966,0.008470867716930286,0.008470867716930286,-0.25756001070201506,0.25756001070201506,-99.99999999999963,99.99999999999963,0.20625000000000782,0.20625000000000782,-0.40000000000000124,0.40000000000000124,-6.537499999999966,6.537499999999966,0.0,0.0,0.015360670014267863,0.002542250469450535,0.033770498166606516,0.04078303425775062,0.1152416356877351,0.015360670014267863,0.02788234482625981
0.7,200,3.8,5000,1000,0.0393913668869986,0.962101506572085,14.775,15.0,2.6704634429252163,6,23,790248,197.61140285071264,0.9880570142535634,1,0,0,4000.0,4000,14.775,15.0,2.6704634429252163,6,23,1.1123470522803114,1.0,0.3693678990511854,5,3595,0.89875,14,0.14275,3596,4000,0.01,1,-0.0007864157926960047,0.0007864157926960047,0.0008496885482198735,0.0008496885482198735,-3.375000000000057,3.375000000000057,0.03822830707676772,0.03822830707676772,-0.1737860628791239,0.1737860628791239,24.999999999999886,24.999999999999886,0.13750000000000284,0.13750000000000284,-0.22500000000000275,0.22500000000000275,-3.375000000000057,3.375000000000057,0.0021034448306081303,0.0020437861061526267,0.005984917267320826,0.01170975973807128,0.019244069817011947,0.022838499184339868,0.06319702602230813,0.005984917267320826,0.016638302529141707
0.72,200,3.8,5000,1000,0.0394673906485904,0.9620311411366506,14.782,15.0,2.7097003524375163,6,25,789858,197.5138784696174,0.987569392348087,1,0,0,4000.0,4000,14.782,15.0,2.7097003524375163,6,25,1.1207621182404035,1.0,0.3798480499603335,6,3568,0.892,15,0.14425,3569,4000,0.01,1,0.004942123283477429,0.004942123283477429,-0.005338049039517401,0.005338049039517401,-26.82499999999999,26.82499999999999,-0.005532633158289002,0.005532633158289002,0.32863376614922757,0.32863376614922757,0.0,0.0,-0.26250000000000284,0.26250000000000284,0.5000000000000004,0.5000000000000004,-26.82499999999999,26.82499999999999,0.017464845777544816,0.016963243202275987,0.07550630917749117,0.0016370552265399267,0.04609470924739819,0.05546492659053888,0.14498141263940767,0.07550630917749117,0.05420235137983598
0.74,200,3.8,5000,1000,0.0391778449254179,0.962299191503424,13.702,14.0,2.577827767714515,4,25,790071,197.56714178544635,0.9878357089272318,1,0,0,4000.0,4000,13.702,14.0,2.577827767714515,4,25,1.1254924029262805,1.0,0.3773371694107678,5,3553,0.88825,13,0.16275,3554,4000,0.01,1,0.00793006648363459,0.00793006648363459,-0.008565552763250106,0.008565552763250106,-23.256249999999966,23.256249999999966,-0.054232308077022395,0.054232308077022395,0.4790946643945837,0.4790946643945837,-25.0,25.0,-0.375,0.375,0.34375,0.34375,-23.256249999999966,23.256249999999966,0.02850965429838144,0.027691571157922926,0.06492616131482921,0.01664018489094478,0.07218467533563326,0.08482871125611725,0.09851301115241877,0.06492616131482921,0.05727751634013461
0.76,200,3.8,5000,1000,0.0391247685380604,0.962348343795996,13.85175,14.0,2.411902140946021,5,25,788123,197.08002000500124,0.9854001000250062,1,0,0,4000.0,4000,13.85175,14.0,2.411902140946021,5,25,1.139925904816187,1.0,0.4045538658331835,5,3508,0.877,13,0.158,3509,4000,0.01,1,-0.010153579836281068,0.010153579836281068,0.010969385038257617,0.010969385038257617,36.37499999999994,36.37499999999994,-0.06332833208302091,0.06332833208302091,-0.22773708962365902,0.22773708962365902,0.0,0.0,0.18125000000000213,0.18125000000000213,-0.6937499999999996,0.6937499999999996,36.37499999999994,36.37499999999994,0.036728779488650144,0.035681988274103224,0.10381885897459674,0.019442438249314513,0.028599194468036212,0.034257748776509334,0.2026022304832735,0.10381885897459674,0.07061876221113506
0.78,200,3.8,5000,1000,0.0396166203269482,0.9618930483099728,15.157,15.0,2.7849328537686504,7,26,788045,197.06051512878216,0.985302575643911,1,0,0,4000.0,4000,15.157,15.0,2.7849328537686504,7,26,1.1163829193413342,1.0,0.3737359653086475,5,3582,0.8955,16,0.135,3583,4000,0.01,1,-0.014664273816929807,0.014664273816929807,0.015843850905767565,0.015843850905767565,34.049999999999955,34.049999999999955,0.04104151037759607,0.04104151037759607,-0.22560026388785204,0.22560026388785204,0.0,0.0,0.17499999999999716,0.17499999999999716,-0.2625000000000002,0.2625000000000002,34.049999999999955,34.049999999999955,0.053402373320599564,0.051884872271018706,0.09692601308158412,0.012576436034475542,0.028228668227439392,0.03262642740619809,0.07434944237918466,0.09692601308158412,0.05586503072526052
0.8,200,3.8,5000,1000,0.0397585225742911,0.9617617728433188,15.21375,15.0,2.6271773707726704,6,27,789436,197.408352088022,0.98704176044011,1,0,0,4000.0,4000,15.21375,15.0,2.6271773707726704,6,27,1.1309018942606728,1.0,0.3872408151989948,5,3536,0.884,15,0.1475,3537,4000,0.01,1,0.008674097300275463,0.008674097300275463,-0.009371607504717439,0.009371607504717439,-15.731250000000102,15.731250000000102,-0.26069017254313565,0.26069017254313565,1.261955604564676,1.261955604564676,25.0000000000002,25.0000000000002,-0.96875,0.96875,2.700000000000017,2.700000000000017,-15.731250000000102,15.731250000000102,0.031259933454614364,0.030370923486187484,0.042617057940670416,0.08024459531031893,0.20793300343304266,0.2398042414355626,0.7992565055762144,0.042617057940670416,0.18426291482216017
0.82,200,3.8,5000,1000,0.0392417560267595,0.9622400122019836,14.52775,15.0,2.267648548055893,8,25,779705,194.9749937484371,0.9748749687421856,1,0,0,4000.0,4000,14.52775,15.0,2.267648548055893,8,25,1.166861143523921,1.0,0.4086846825492537,6,3427,0.85675,15,0.243,3428,4000,0.01,1,-0.0038967890671521843,0.0038967890671521843,0.004213492905817184,0.004213492905817184,5.824999999999761,5.824999999999761,-0.04344836209052616,0.04344836209052616,-0.24564152692040508,0.24564152692040508,25.000000000000156,25.000000000000156,0.1937499999999872,0.1937499999999872,0.15625000000002576,0.15625000000002576,5.824999999999761,5.824999999999761,0.013600811059955855,0.013225181827425835,0.013248346272860156,0.013317925754732268,0.0317038294087322,0.03752039151712534,0.04275092936803991,0.013248346272860156,0.022326970185216465
0.84,200,3.8,5000,1000,0.0399270622905238,0.9616059012806328,15.44675,15.0,2.661233630762245,6,25,788046,197.06076519129783,0.9853038259564892,1,0,0,4000.0,4000,15.44675,15.0,2.661233630762245,6,25,1.1210762331838564,1.0,0.3764713538732481,6,3567,0.89175,15,0.15375,3568,4000,0.01,1,-0.005206560573693508,0.005206560573693508,0.0056244247185300855,0.0056244247185300855,8.96875,8.96875,0.16932358089522026,0.16932358089522026,-0.8749807669322038,0.8749807669322038,-25.0,25.0,0.6624999999999979,0.6624999999999979,-2.081249999999998,2.081249999999998,8.96875,8.96875,0.01844232728925892,0.017915165327222732,0.022568511552929035,0.05209687515046419,0.14083144742366877,0.15986949429037442,0.6152416356877333,0.022568511552929035,0.13119174603432254
0.86,200,3.8,5000,1000,0.0394667330155007,0.9620317497790358,14.8865,15.0,2.538428204617968,7,25,785122,196.3295823955989,0.9816479119779944,1,0,0,4000.0,4000,14.8865,15.0,2.538428204617968,7,25,1.1318619128466327,1.0,0.3982674520822388,5,3533,0.88325,14,0.15975,3534,4000,0.01,1,0.005119818055099756,0.005119818055099756,-0.005535639583447383,0.005535639583447383,15.424999999999955,15.424999999999955,-0.9971555388847264,0.9971555388847264,-0.6596370830173228,0.6596370830173228,-49.99999999999997,49.99999999999997,0.5374999999999979,0.5374999999999979,0.25,0.25,15.424999999999955,15.424999999999955,0.01812168715512494,0.017620040633872406,0.04170912931497745,0.30713081997207653,0.10349078632052222,0.12724306688417542,0.07063197026022551,0.04170912931497745,0.09095707873199399
0.88,200,3.8,5000,1000,0.0397056367071859,0.9618106940028368,16.06375,16.0,2.3813202089387304,7,26,756145,189.08352088022005,0.9454176044011002,1,0,0,4000.0,4000,16.06375,16.0,2.3813202089387304,7,26,1.0946907498631635,1.0,0.3255398449130059,4,3653,0.91325,17,0.16375,3654,4000,0.01,1,-0.011887760024425376,0.011887760024425376,0.012850970717482424,0.012850970717482424,31.375,31.375,-0.9756189047261792,0.9756189047261792,-0.2224321558092761,0.2224321558092761,0.0,0.0,0.1750000000000007,0.1750000000000007,0.037499999999999645,0.037499999999999645,31.375,31.375,0.04313910486487378,0.04193644062219421,0.08899553447349444,0.3004959314362756,0.027679317311036362,0.03262642740619902,0.0074349442379206855,0.08899553447349444,0.07891290435318607
0.9,200,3.8,5000,1000,0.0399807718442,0.9615562393780588,16.1415,16.0,2.439462594507241,8,25,753910,188.52463115778943,0.9426231557889472,1,0,0,4000.0,4000,16.1415,16.0,2.439462594507241,8,25,1.1229646266142617,1.0,0.3732121873158434,5,3561,0.89025,16,0.16125,3562,4000,0.01,1,-0.011752696027365062,0.011752696027365062,0.01271073382530008,0.01271073382530008,14.35000000000008,14.35000000000008,-0.8270505126281549,0.8270505126281549,1.351858191961977,1.351858191961977,24.99999999999997,24.99999999999997,-1.0749999999999993,1.0749999999999993,0.8125,0.8125,14.35000000000008,14.35000000000008,0.04263984638314911,0.04147028860515707,0.0385221145472408,0.254725793249555,0.22352213977207527,0.2675367047308316,0.23791821561338505,0.0385221145472408,0.14310715218107933
0.92,200,3.8,5000,1000,0.0402140660601979,0.9613405861617422,16.63775,17.0,2.255443401528844,10,26,729686,182.4671167791948,0.912335583895974,1,0,0,4000.0,4000,16.63775,17.0,2.255443401528844,10,26,1.1487650775416427,1.0,0.4243248818433326,5,3481,0.87025,16,0.19625,3482,4000,0.01,1,-0.06961313814295167,0.06961313814295167,0.07550945036282053,0.07550945036282053,2.1437499999999545,2.1437499999999545,0.8946924231057984,0.8946924231057984,-0.19566570717422138,0.19566570717422138,-25.000000000000185,25.000000000000185,0.15625000000001066,0.15625000000001066,0.012499999999991296,0.012499999999991296,2.1437499999999545,2.1437499999999545,0.25651857877136575,0.25021527664472,0.002334673608924042,0.27556454330974833,0.02303800687533572,0.02773246329527176,0.0,0.002334673608924042,0.10471727701428621
0.94,200,3.8,5000,1000,0.0430011498587128,0.9587717138523406,16.22725,16.0,2.682556138741555,7,25,782533,195.68217054263565,0.9784108527131784,1,0,0,4000.0,4000,16.22725,16.0,2.682556138741555,7,25,1.115137998327293,1.0,0.3648357214166967,4,3586,0.8965,16,0.16175,3587,4000,0.01,1,-0.02206023470800389,0.02206023470800389,0.02389210378836304,0.02389210378836304,-8.100000000000193,8.100000000000193,1.2703175793948596,1.2703175793948596,-0.4864900102519769,0.4864900102519769,-25.0000000000002,25.0000000000002,0.37500000000000355,0.37500000000000355,-0.9562500000000065,0.9562500000000065,-8.100000000000193,8.100000000000193,0.08074123701292572,0.0786375281268593,0.019992958920863058,0.3912850883528382,0.07346703058460649,0.08482871125611818,0.28066914498141665,0.019992958920863058,0.12870183226956133
0.96,200,3.8,5000,1000,0.0411697502117324,0.9604581767734222,16.31375,16.0,2.604862940252328,7,25,770326,192.6296574143536,0.963148287071768,1,0,0,4000.0,4000,16.31375,16.0,2.604862940252328,7,25,1.129305477131564,1.0,0.3767592243340079,4,3541,0.88525,16,0.158,3542,4000,0.01,1,0.05752657564663721,0.05752657564663721,-0.0624305317873699,0.0624305317873699,-38.543750000000045,38.543750000000045,-2.2540947736934243,2.2540947736934243,1.327157518453184,1.327157518453184,0.0,0.0,-1.0187499999999972,1.0187499999999972,0.9999999999999991,0.9999999999999991,-38.543750000000045,38.543750000000045,0.21184110014998608,0.20674052346291463,0.11024847597695023,0.6943617892050674,0.2192390353793972,0.2528548123980414,0.2936802973977713,0.11024847597695023,0.26240181374338484
0.98,200,3.8,5000,1000,0.040503928587218,0.961072776878206,14.6855,14.0,3.3873425793680805,7,27,710420,177.64941235308828,0.8882470617654413,1,0,0,4000.0,4000,14.6855,14.0,3.3873425793680805,7,27,1.1682242990654206,1.0,0.4161961998778136,4,3423,0.85575,14,0.20175,3424,4000,0.01,1,0.0064245782048502065,0.0064245782048502065,-0.006962601157917581,0.006962601157917581,66.85624999999999,66.85624999999999,-0.24943735933984001,0.24943735933984001,-0.1664006105793021,0.1664006105793021,24.99999999999997,24.99999999999997,0.13125000000000142,0.13125000000000142,-0.5937499999999991,0.5937499999999991,66.85624999999999,66.85624999999999,0.022944679111214956,0.022363307586115416,0.19418555096444273,0.07677789012470734,0.0179634301139682,0.021207177814029546,0.17286245353160054,0.19418555096444273,0.09031125502631518
1.0,200,3.8,5000,1000,0.0408912461654157,0.9607151599016162,18.988,19.0,2.840573181595574,11,30,762346,190.6341585396349,0.9531707926981744,1,0,0,4000.0,4000,18.988,19.0,2.840573181595574,11,30,1.122649452708392,1.0,0.3758803639989398,5,3562,0.8905,20,0.13425,3563,4000,0.01,1,-0.01788084882949346,0.01788084882949346,0.01936587890988514,0.01936587890988514,215.12499999999983,215.12499999999983,3.246186546636651,3.246186546636651,-2.278742317851432,2.278742317851432,49.99999999999996,49.99999999999996,1.7374999999999958,1.7374999999999958,-3.3749999999999973,3.3749999999999973,215.12499999999983,215.12499999999983,0.06529230988458933,0.06359220856913021,0.6337527098890093,1.0,0.3842441326233021,0.44045676998368544,1.0,0.6337527098890093,0.5276363551048407
