shuffle_id,epsilon_star,peak_score,orig_epsilon_star,orig_peak_score
0,0.06,0.481656474476593,0.18,0.7656098373095557
1,1.0,0.46399866596723793,0.18,0.7656098373095557
2,0.0,0.6604793433250129,0.18,0.7656098373095557
3,0.36,0.47052228092473186,0.18,0.7656098373095557
4,0.62,0.4766090624584176,0.18,0.7656098373095557
5,0.74,0.3811708381946366,0.18,0.7656098373095557
6,0.8,0.38645514174448387,0.18,0.7656098373095557
7,0.5,0.47085656152506505,0.18,0.7656098373095557
8,1.0,0.5398275093896128,0.18,0.7656098373095557
9,0.9,0.364930034047959,0.18,0.7656098373095557
10,1.0,0.4964871430729858,0.18,0.7656098373095557
11,0.0,0.45661692715832924,0.18,0.7656098373095557
12,1.0,0.3659009251480289,0.18,0.7656098373095557
13,1.0,0.445689806959716,0.18,0.7656098373095557
14,0.0,0.40287237361406536,0.18,0.7656098373095557
15,1.0,0.40320475530060584,0.18,0.7656098373095557
16,0.74,0.35012055495686556,0.18,0.7656098373095557
17,0.0,0.44264006356792357,0.18,0.7656098373095557
18,0.0,0.4305271706737364,0.18,0.7656098373095557
19,0.12,0.4179247182384073,0.18,0.7656098373095557
20,0.0,0.44781544749377467,0.18,0.7656098373095557
21,0.22,0.34862432646037933,0.18,0.7656098373095557
22,1.0,0.46421998920581964,0.18,0.7656098373095557
23,0.0,0.6473041894982258,0.18,0.7656098373095557
24,0.1,0.40582805799146926,0.18,0.7656098373095557
25,1.0,0.5297326493372413,0.18,0.7656098373095557
26,0.36,0.35311758522400966,0.18,0.7656098373095557
27,0.0,0.4533548357989554,0.18,0.7656098373095557
28,1.0,0.38411189198064455,0.18,0.7656098373095557
29,0.84,0.39418929325941465,0.18,0.7656098373095557
30,0.56,0.4188094634957369,0.18,0.7656098373095557
31,0.0,0.5366676497247254,0.18,0.7656098373095557
32,1.0,0.5738957503285105,0.18,0.7656098373095557
33,0.3,0.3965694828160106,0.18,0.7656098373095557
34,0.4,0.4668268906154375,0.18,0.7656098373095557
35,0.3,0.3665779250198582,0.18,0.7656098373095557
36,0.88,0.41730917226017966,0.18,0.7656098373095557
37,0.0,0.3988264643099483,0.18,0.7656098373095557
38,1.0,0.5605372039053605,0.18,0.7656098373095557
39,0.7,0.4056557180658476,0.18,0.7656098373095557
40,1.0,0.385581875364121,0.18,0.7656098373095557
41,0.0,0.5792657723510535,0.18,0.7656098373095557
42,0.0,0.512386073217628,0.18,0.7656098373095557
43,0.14,0.4646582644620827,0.18,0.7656098373095557
44,0.0,0.39922173658843785,0.18,0.7656098373095557
45,1.0,0.4101679413543066,0.18,0.7656098373095557
46,0.0,0.6139256868102007,0.18,0.7656098373095557
47,0.0,0.42717101018611814,0.18,0.7656098373095557
48,0.0,0.5000074482940778,0.18,0.7656098373095557
49,0.78,0.372484169448837,0.18,0.7656098373095557
50,1.0,0.4141397744242912,0.18,0.7656098373095557
51,0.0,0.6120785099178678,0.18,0.7656098373095557
52,1.0,0.46329704475460637,0.18,0.7656098373095557
53,0.38,0.49315224857077183,0.18,0.7656098373095557
54,0.0,0.47952677576752895,0.18,0.7656098373095557
55,0.0,0.6156875875266811,0.18,0.7656098373095557
56,0.0,0.4996528439902694,0.18,0.7656098373095557
57,0.58,0.44581173467326896,0.18,0.7656098373095557
58,1.0,0.40376964938928644,0.18,0.7656098373095557
59,0.0,0.5186296284119991,0.18,0.7656098373095557
60,0.44,0.3783804898143336,0.18,0.7656098373095557
61,1.0,0.5931193071396246,0.18,0.7656098373095557
62,0.0,0.47258780416058915,0.18,0.7656098373095557
63,1.0,0.36391571801018485,0.18,0.7656098373095557
64,0.0,0.3901109729614044,0.18,0.7656098373095557
65,1.0,0.39266408922232127,0.18,0.7656098373095557
66,1.0,0.48073502369337123,0.18,0.7656098373095557
67,1.0,0.5187640082639895,0.18,0.7656098373095557
68,1.0,0.49472572918634544,0.18,0.7656098373095557
69,0.0,0.48801701727092933,0.18,0.7656098373095557
70,0.0,0.464688713467595,0.18,0.7656098373095557
71,0.24,0.42927669787681205,0.18,0.7656098373095557
72,0.0,0.41575378046981437,0.18,0.7656098373095557
73,0.0,0.39949406538035626,0.18,0.7656098373095557
74,1.0,0.4692052539117776,0.18,0.7656098373095557
75,0.26,0.42506014699063727,0.18,0.7656098373095557
76,0.0,0.39303185981123845,0.18,0.7656098373095557
77,1.0,0.6750388793124318,0.18,0.7656098373095557
78,1.0,0.48154823180967987,0.18,0.7656098373095557
79,1.0,0.4867695625297064,0.18,0.7656098373095557
80,0.0,0.5874893019709124,0.18,0.7656098373095557
81,0.28,0.38366841747552033,0.18,0.7656098373095557
82,0.0,0.4226777118662885,0.18,0.7656098373095557
83,1.0,0.5212013927102953,0.18,0.7656098373095557
84,0.34,0.5488154692946422,0.18,0.7656098373095557
85,0.02,0.3705576790422986,0.18,0.7656098373095557
86,0.0,0.5998978395475862,0.18,0.7656098373095557
87,1.0,0.4246877727646494,0.18,0.7656098373095557
88,0.9,0.4552355873203376,0.18,0.7656098373095557
89,0.12,0.389274876118103,0.18,0.7656098373095557
90,0.82,0.3126717493985828,0.18,0.7656098373095557
91,1.0,0.40592200459628813,0.18,0.7656098373095557
92,0.3,0.34952148603414906,0.18,0.7656098373095557
93,1.0,0.4628597588559539,0.18,0.7656098373095557
94,0.1,0.4638959408791938,0.18,0.7656098373095557
95,1.0,0.4471738263140462,0.18,0.7656098373095557
96,1.0,0.5772917511759607,0.18,0.7656098373095557
97,1.0,0.4297373753442499,0.18,0.7656098373095557
98,0.82,0.4429721135749364,0.18,0.7656098373095557
99,0.14,0.47016273602721204,0.18,0.7656098373095557
100,1.0,0.5107975253496562,0.18,0.7656098373095557
101,1.0,0.3964528306796351,0.18,0.7656098373095557
102,0.28,0.40570584290499956,0.18,0.7656098373095557
103,0.0,0.4208486374191656,0.18,0.7656098373095557
104,0.12,0.40092646702899554,0.18,0.7656098373095557
105,0.9,0.3896479354881801,0.18,0.7656098373095557
106,1.0,0.4361167880422515,0.18,0.7656098373095557
107,0.88,0.4156686367709268,0.18,0.7656098373095557
108,0.48,0.37999992402890886,0.18,0.7656098373095557
109,0.0,0.5244792696557768,0.18,0.7656098373095557
110,0.14,0.4256024839245132,0.18,0.7656098373095557
111,1.0,0.5159791908111669,0.18,0.7656098373095557
112,0.88,0.35707476656841247,0.18,0.7656098373095557
113,1.0,0.4031942449132209,0.18,0.7656098373095557
114,0.32,0.4313655214474066,0.18,0.7656098373095557
115,0.22,0.5283170938832014,0.18,0.7656098373095557
116,1.0,0.5915288857999011,0.18,0.7656098373095557
117,1.0,0.4832826307485164,0.18,0.7656098373095557
118,0.86,0.4027280171092609,0.18,0.7656098373095557
119,0.0,0.5218673111762335,0.18,0.7656098373095557
120,0.82,0.4106346287184714,0.18,0.7656098373095557
121,1.0,0.3249795901625754,0.18,0.7656098373095557
122,0.0,0.4319757969035471,0.18,0.7656098373095557
123,0.42,0.42541760173039705,0.18,0.7656098373095557
124,1.0,0.5233653890200098,0.18,0.7656098373095557
125,1.0,0.4197646774208185,0.18,0.7656098373095557
126,0.92,0.3936571202966741,0.18,0.7656098373095557
127,1.0,0.31392011004734843,0.18,0.7656098373095557
128,0.82,0.4434414018157525,0.18,0.7656098373095557
129,1.0,0.41508926564864296,0.18,0.7656098373095557
130,0.84,0.456883345547472,0.18,0.7656098373095557
131,0.4,0.40955610661675534,0.18,0.7656098373095557
132,0.0,0.5178820928120813,0.18,0.7656098373095557
133,0.0,0.4604880602217622,0.18,0.7656098373095557
134,0.0,0.5108389664336855,0.18,0.7656098373095557
135,0.74,0.43405096568208756,0.18,0.7656098373095557
136,0.0,0.4594465775159866,0.18,0.7656098373095557
137,0.0,0.4509711233129646,0.18,0.7656098373095557
138,0.0,0.6493699473330619,0.18,0.7656098373095557
139,0.0,0.4115964070808491,0.18,0.7656098373095557
140,1.0,0.5250786874379929,0.18,0.7656098373095557
141,0.0,0.43353653062010744,0.18,0.7656098373095557
142,0.0,0.5165544523401304,0.18,0.7656098373095557
143,0.12,0.47629485761259094,0.18,0.7656098373095557
144,1.0,0.4017634426783812,0.18,0.7656098373095557
145,0.0,0.4657119823652278,0.18,0.7656098373095557
146,0.0,0.4316002256993819,0.18,0.7656098373095557
147,0.62,0.41941971869354977,0.18,0.7656098373095557
148,0.58,0.38335453198895136,0.18,0.7656098373095557
149,1.0,0.6877743173001737,0.18,0.7656098373095557
150,0.0,0.4165083855106511,0.18,0.7656098373095557
151,0.0,0.44964966372240345,0.18,0.7656098373095557
152,0.82,0.5207543281210959,0.18,0.7656098373095557
153,1.0,0.6462003533033847,0.18,0.7656098373095557
154,0.48,0.5315950125563148,0.18,0.7656098373095557
155,1.0,0.48307724817799297,0.18,0.7656098373095557
156,0.74,0.4907484184825008,0.18,0.7656098373095557
157,1.0,0.3917867397568442,0.18,0.7656098373095557
158,0.0,0.39046965398664557,0.18,0.7656098373095557
159,1.0,0.44693906078174866,0.18,0.7656098373095557
160,0.76,0.3854565523046791,0.18,0.7656098373095557
161,0.56,0.47155830216967387,0.18,0.7656098373095557
162,0.0,0.431159562820579,0.18,0.7656098373095557
163,0.0,0.42382496415959836,0.18,0.7656098373095557
164,0.0,0.3922432160606254,0.18,0.7656098373095557
165,0.22,0.4299755916903899,0.18,0.7656098373095557
166,0.82,0.463700219860742,0.18,0.7656098373095557
167,1.0,0.3815599184866324,0.18,0.7656098373095557
168,0.4,0.3977417670318227,0.18,0.7656098373095557
169,1.0,0.38842746376781156,0.18,0.7656098373095557
170,0.84,0.44317772008654926,0.18,0.7656098373095557
171,0.14,0.4445195346916279,0.18,0.7656098373095557
172,1.0,0.6490017210061845,0.18,0.7656098373095557
173,0.0,0.5102189797573317,0.18,0.7656098373095557
174,0.62,0.4228880255995897,0.18,0.7656098373095557
175,0.0,0.3425416060203623,0.18,0.7656098373095557
176,1.0,0.47770854246373623,0.18,0.7656098373095557
177,1.0,0.4068856980481739,0.18,0.7656098373095557
178,0.62,0.5016468215400404,0.18,0.7656098373095557
179,0.0,0.5212902409218453,0.18,0.7656098373095557
180,0.0,0.5154864414405426,0.18,0.7656098373095557
181,0.56,0.43416996954566134,0.18,0.7656098373095557
182,1.0,0.49271636383923767,0.18,0.7656098373095557
183,1.0,0.3865571850404594,0.18,0.7656098373095557
184,0.58,0.467145821366856,0.18,0.7656098373095557
185,1.0,0.41923136400400624,0.18,0.7656098373095557
186,0.56,0.4401630936479098,0.18,0.7656098373095557
187,1.0,0.4507067069901843,0.18,0.7656098373095557
188,0.76,0.42760168451748676,0.18,0.7656098373095557
189,1.0,0.40348557063390694,0.18,0.7656098373095557
190,0.1,0.4831617225158574,0.18,0.7656098373095557
191,0.8,0.45695214227692266,0.18,0.7656098373095557
192,0.0,0.47043526769717847,0.18,0.7656098373095557
193,0.08,0.44916454720742355,0.18,0.7656098373095557
194,1.0,0.4302520574690348,0.18,0.7656098373095557
195,0.08,0.46576716524459016,0.18,0.7656098373095557
196,1.0,0.39808821786723364,0.18,0.7656098373095557
197,0.0,0.4714391918867664,0.18,0.7656098373095557
198,0.2,0.41781703351592375,0.18,0.7656098373095557
199,1.0,0.530867224359229,0.18,0.7656098373095557
200,0.36,0.41900944236829746,0.18,0.7656098373095557
201,0.0,0.47885538390564797,0.18,0.7656098373095557
202,0.66,0.42538365378813064,0.18,0.7656098373095557
203,1.0,0.4644439854075498,0.18,0.7656098373095557
204,0.0,0.41137285197073803,0.18,0.7656098373095557
205,1.0,0.519152170231926,0.18,0.7656098373095557
206,0.84,0.444348930744231,0.18,0.7656098373095557
207,0.66,0.37192747444245605,0.18,0.7656098373095557
208,0.0,0.5729121748472021,0.18,0.7656098373095557
209,0.66,0.65647228295258,0.18,0.7656098373095557
210,0.0,0.5440408017476246,0.18,0.7656098373095557
211,1.0,0.427281902488135,0.18,0.7656098373095557
212,0.0,0.4623661036889419,0.18,0.7656098373095557
213,0.88,0.3816045525108961,0.18,0.7656098373095557
214,0.12,0.4459768846615616,0.18,0.7656098373095557
215,0.22,0.44370035841265093,0.18,0.7656098373095557
216,0.46,0.5375895861399473,0.18,0.7656098373095557
217,1.0,0.5569854558399869,0.18,0.7656098373095557
218,0.22,0.4447825279966902,0.18,0.7656098373095557
219,0.9,0.47750446665212976,0.18,0.7656098373095557
220,0.84,0.3985475079309539,0.18,0.7656098373095557
221,1.0,0.40534560807027437,0.18,0.7656098373095557
222,0.6,0.5795007700344539,0.18,0.7656098373095557
223,0.82,0.37679398158081057,0.18,0.7656098373095557
224,0.14,0.4390455224219092,0.18,0.7656098373095557
225,0.18,0.38124072524838215,0.18,0.7656098373095557
226,0.0,0.38513584183700067,0.18,0.7656098373095557
227,0.0,0.5426009970035636,0.18,0.7656098373095557
228,1.0,0.43332066959762977,0.18,0.7656098373095557
229,1.0,0.41087739647623633,0.18,0.7656098373095557
230,0.2,0.4534237477961486,0.18,0.7656098373095557
231,1.0,0.45143531907411155,0.18,0.7656098373095557
232,0.72,0.46244816617882567,0.18,0.7656098373095557
233,1.0,0.5326937736131101,0.18,0.7656098373095557
234,1.0,0.3482442718616474,0.18,0.7656098373095557
235,0.0,0.45049193774888596,0.18,0.7656098373095557
236,0.38,0.36422423389738323,0.18,0.7656098373095557
237,0.06,0.4625406562253008,0.18,0.7656098373095557
238,1.0,0.6331191581692004,0.18,0.7656098373095557
239,0.0,0.5338821523724823,0.18,0.7656098373095557
240,1.0,0.496771737637544,0.18,0.7656098373095557
241,0.0,0.5216115158803468,0.18,0.7656098373095557
242,1.0,0.6520777651388789,0.18,0.7656098373095557
243,0.18,0.4500301170635712,0.18,0.7656098373095557
244,1.0,0.48616590052554987,0.18,0.7656098373095557
245,1.0,0.5296003417266989,0.18,0.7656098373095557
246,1.0,0.5284275039688443,0.18,0.7656098373095557
247,0.22,0.40099669283263206,0.18,0.7656098373095557
248,1.0,0.558224976869206,0.18,0.7656098373095557
249,0.0,0.5221722044671112,0.18,0.7656098373095557
250,0.94,0.38237815255696106,0.18,0.7656098373095557
251,1.0,0.5230399699266471,0.18,0.7656098373095557
252,0.24,0.3709336925156109,0.18,0.7656098373095557
253,0.14,0.4827083796918415,0.18,0.7656098373095557
254,1.0,0.5548526939713221,0.18,0.7656098373095557
255,0.0,0.40449217102561774,0.18,0.7656098373095557
256,0.0,0.48741383993487886,0.18,0.7656098373095557
257,0.0,0.4948268382940386,0.18,0.7656098373095557
258,1.0,0.5219422369037301,0.18,0.7656098373095557
259,0.0,0.4561436865383133,0.18,0.7656098373095557
260,1.0,0.42660969168848456,0.18,0.7656098373095557
261,0.22,0.41358581214081874,0.18,0.7656098373095557
262,1.0,0.4638029421075667,0.18,0.7656098373095557
263,1.0,0.5228905723611482,0.18,0.7656098373095557
264,1.0,0.5156350915906908,0.18,0.7656098373095557
265,0.0,0.37007888390466515,0.18,0.7656098373095557
266,0.0,0.3817584007066771,0.18,0.7656098373095557
267,0.0,0.4718884939510624,0.18,0.7656098373095557
268,1.0,0.5076731197220128,0.18,0.7656098373095557
269,0.34,0.39658940465540193,0.18,0.7656098373095557
270,0.0,0.4931520775773245,0.18,0.7656098373095557
271,1.0,0.3827607787915117,0.18,0.7656098373095557
272,0.0,0.4226511594796475,0.18,0.7656098373095557
273,1.0,0.4245614431000138,0.18,0.7656098373095557
274,0.0,0.37110877890809185,0.18,0.7656098373095557
275,0.72,0.46275123844494004,0.18,0.7656098373095557
276,1.0,0.42407608045713985,0.18,0.7656098373095557
277,0.06,0.42631910461710043,0.18,0.7656098373095557
278,0.8,0.43052037571266866,0.18,0.7656098373095557
279,0.0,0.47121231754690385,0.18,0.7656098373095557
280,0.0,0.435404941246778,0.18,0.7656098373095557
281,0.0,0.3604424358587263,0.18,0.7656098373095557
282,0.54,0.40641591962548695,0.18,0.7656098373095557
283,0.68,0.4608928337628775,0.18,0.7656098373095557
284,0.0,0.47503335336361463,0.18,0.7656098373095557
285,0.0,0.4271097422329404,0.18,0.7656098373095557
286,0.34,0.4603029249035675,0.18,0.7656098373095557
287,0.02,0.4141872182737891,0.18,0.7656098373095557
288,0.0,0.4394476463157748,0.18,0.7656098373095557
289,0.28,0.3816075076470156,0.18,0.7656098373095557
290,0.0,0.5200641527524881,0.18,0.7656098373095557
291,0.54,0.39627937006535185,0.18,0.7656098373095557
292,0.82,0.4032608994980777,0.18,0.7656098373095557
293,0.18,0.4155930834689545,0.18,0.7656098373095557
294,1.0,0.382713963193577,0.18,0.7656098373095557
295,1.0,0.6784036406259594,0.18,0.7656098373095557
296,1.0,0.4571991622990266,0.18,0.7656098373095557
297,1.0,0.44928129158616553,0.18,0.7656098373095557
298,0.0,0.5880161544958723,0.18,0.7656098373095557
299,1.0,0.3995071631039743,0.18,0.7656098373095557
300,0.06,0.3830486910470445,0.18,0.7656098373095557
301,0.0,0.4205468295712851,0.18,0.7656098373095557
302,0.9,0.40043324636268,0.18,0.7656098373095557
303,1.0,0.44366392117550957,0.18,0.7656098373095557
304,1.0,0.5063038292974281,0.18,0.7656098373095557
305,1.0,0.39963722766989984,0.18,0.7656098373095557
306,0.0,0.4934779161807167,0.18,0.7656098373095557
307,0.52,0.3840740026433031,0.18,0.7656098373095557
308,0.0,0.6039714707584589,0.18,0.7656098373095557
309,0.0,0.48787161154266606,0.18,0.7656098373095557
310,0.48,0.39916351843663583,0.18,0.7656098373095557
311,0.72,0.42086989315132795,0.18,0.7656098373095557
312,0.18,0.44573523990373903,0.18,0.7656098373095557
313,0.46,0.3730199999175003,0.18,0.7656098373095557
314,0.0,0.5275765279494663,0.18,0.7656098373095557
315,0.0,0.43209914846735287,0.18,0.7656098373095557
316,0.8,0.3556635320167002,0.18,0.7656098373095557
317,1.0,0.3988613849165147,0.18,0.7656098373095557
318,0.86,0.45607378328139425,0.18,0.7656098373095557
319,0.0,0.47329874033879754,0.18,0.7656098373095557
320,0.0,0.44226611162483115,0.18,0.7656098373095557
321,1.0,0.5530567690274921,0.18,0.7656098373095557
322,0.48,0.45978951615043406,0.18,0.7656098373095557
323,0.22,0.363549812358995,0.18,0.7656098373095557
324,0.0,0.5119623343363467,0.18,0.7656098373095557
325,0.8,0.43714099484704505,0.18,0.7656098373095557
326,1.0,0.4333529910509898,0.18,0.7656098373095557
327,0.0,0.48381873162661915,0.18,0.7656098373095557
328,0.44,0.40403980282920415,0.18,0.7656098373095557
329,0.5,0.43398065775199524,0.18,0.7656098373095557
330,0.6,0.39350301812846333,0.18,0.7656098373095557
331,0.06,0.4856810661615826,0.18,0.7656098373095557
332,0.04,0.41270245195848765,0.18,0.7656098373095557
333,0.9,0.39122408798396946,0.18,0.7656098373095557
334,0.14,0.49019124649629614,0.18,0.7656098373095557
335,0.52,0.418149749607452,0.18,0.7656098373095557
336,0.82,0.44184532270828253,0.18,0.7656098373095557
337,0.9,0.4636507123057663,0.18,0.7656098373095557
338,1.0,0.4672038503839659,0.18,0.7656098373095557
339,0.52,0.43641304093548167,0.18,0.7656098373095557
340,0.28,0.44020692293652136,0.18,0.7656098373095557
341,1.0,0.4520252593574242,0.18,0.7656098373095557
342,0.2,0.4942330801540887,0.18,0.7656098373095557
343,0.0,0.4657795569413211,0.18,0.7656098373095557
344,0.16,0.4124141575919502,0.18,0.7656098373095557
345,1.0,0.4919576817029045,0.18,0.7656098373095557
346,0.32,0.3948659105679441,0.18,0.7656098373095557
347,1.0,0.4609042205330404,0.18,0.7656098373095557
348,0.24,0.4191209555366664,0.18,0.7656098373095557
349,0.0,0.4406192020865095,0.18,0.7656098373095557
350,1.0,0.4823880471911861,0.18,0.7656098373095557
351,1.0,0.4531166476988353,0.18,0.7656098373095557
352,0.0,0.5214914536575856,0.18,0.7656098373095557
353,0.98,0.4446107456791329,0.18,0.7656098373095557
354,1.0,0.3435931960671483,0.18,0.7656098373095557
355,0.0,0.3804225173465612,0.18,0.7656098373095557
356,0.1,0.3193006779438974,0.18,0.7656098373095557
357,0.0,0.49206249659675116,0.18,0.7656098373095557
358,1.0,0.4964953603794753,0.18,0.7656098373095557
359,0.8,0.5062661803898154,0.18,0.7656098373095557
360,0.0,0.3458319694593892,0.18,0.7656098373095557
361,0.3,0.4370571478717976,0.18,0.7656098373095557
362,0.42,0.38497646347819603,0.18,0.7656098373095557
363,1.0,0.5910070478830208,0.18,0.7656098373095557
364,0.8,0.4057774827307604,0.18,0.7656098373095557
365,1.0,0.41527104340834664,0.18,0.7656098373095557
366,1.0,0.39099274096984477,0.18,0.7656098373095557
367,0.94,0.37215621685906203,0.18,0.7656098373095557
368,1.0,0.5101942584249853,0.18,0.7656098373095557
369,0.4,0.3724189238882224,0.18,0.7656098373095557
370,0.0,0.47311723010257606,0.18,0.7656098373095557
371,0.0,0.36018115474853,0.18,0.7656098373095557
372,0.0,0.4535779727995544,0.18,0.7656098373095557
373,1.0,0.5121061145267221,0.18,0.7656098373095557
374,1.0,0.4904354163001372,0.18,0.7656098373095557
375,0.0,0.3582241227360304,0.18,0.7656098373095557
376,1.0,0.45504995586352603,0.18,0.7656098373095557
377,0.9,0.37869910283296593,0.18,0.7656098373095557
378,1.0,0.4370231837787482,0.18,0.7656098373095557
379,0.0,0.6166908036229537,0.18,0.7656098373095557
380,0.0,0.5304623664856677,0.18,0.7656098373095557
381,1.0,0.3862815977553941,0.18,0.7656098373095557
382,1.0,0.405768784981797,0.18,0.7656098373095557
383,1.0,0.41278838740001683,0.18,0.7656098373095557
384,1.0,0.4282140287922892,0.18,0.7656098373095557
385,0.0,0.5555045663814023,0.18,0.7656098373095557
386,0.96,0.3934485177928996,0.18,0.7656098373095557
387,0.54,0.3705292885684397,0.18,0.7656098373095557
388,0.48,0.4579650921425198,0.18,0.7656098373095557
389,0.68,0.4280315902381036,0.18,0.7656098373095557
390,0.48,0.48926597725174886,0.18,0.7656098373095557
391,0.68,0.4255245927164338,0.18,0.7656098373095557
392,1.0,0.5729724251301066,0.18,0.7656098373095557
393,0.0,0.47428527747983573,0.18,0.7656098373095557
394,1.0,0.4322148788577044,0.18,0.7656098373095557
395,0.78,0.41559964730388343,0.18,0.7656098373095557
396,0.72,0.4360191526975023,0.18,0.7656098373095557
397,1.0,0.44598049910939874,0.18,0.7656098373095557
398,0.0,0.5639568033711618,0.18,0.7656098373095557
399,0.22,0.4244835730702174,0.18,0.7656098373095557
400,0.38,0.3410157087724407,0.18,0.7656098373095557
401,0.8,0.4631871906733172,0.18,0.7656098373095557
402,1.0,0.47277380031838967,0.18,0.7656098373095557
403,1.0,0.41398988299892625,0.18,0.7656098373095557
404,0.1,0.3684777803436158,0.18,0.7656098373095557
405,0.96,0.44348332173607774,0.18,0.7656098373095557
406,0.0,0.5686989314421811,0.18,0.7656098373095557
407,1.0,0.44160140130830305,0.18,0.7656098373095557
408,0.0,0.5719503615576748,0.18,0.7656098373095557
409,0.0,0.45333268464375515,0.18,0.7656098373095557
410,0.44,0.41930960128440053,0.18,0.7656098373095557
411,1.0,0.3922503857095452,0.18,0.7656098373095557
412,0.4,0.44689393222399915,0.18,0.7656098373095557
413,0.0,0.466022542658574,0.18,0.7656098373095557
414,0.42,0.4006528035732993,0.18,0.7656098373095557
415,0.0,0.5041895119948478,0.18,0.7656098373095557
416,0.0,0.5288348333869134,0.18,0.7656098373095557
417,0.0,0.4669890123990862,0.18,0.7656098373095557
418,0.0,0.44205755219823123,0.18,0.7656098373095557
419,0.98,0.4510020429274374,0.18,0.7656098373095557
420,1.0,0.5741766129518998,0.18,0.7656098373095557
421,0.44,0.3635681309653894,0.18,0.7656098373095557
422,0.7,0.472273391652843,0.18,0.7656098373095557
423,0.62,0.4135818125358574,0.18,0.7656098373095557
424,0.72,0.40384713757503504,0.18,0.7656098373095557
425,0.0,0.39972052655498846,0.18,0.7656098373095557
426,0.5,0.33047910699522554,0.18,0.7656098373095557
427,1.0,0.43639489007933796,0.18,0.7656098373095557
428,0.94,0.35802305922868094,0.18,0.7656098373095557
429,0.52,0.4950360356157186,0.18,0.7656098373095557
430,1.0,0.5601079317357047,0.18,0.7656098373095557
431,1.0,0.4551885803076536,0.18,0.7656098373095557
432,0.0,0.37764718975821837,0.18,0.7656098373095557
433,1.0,0.48166004342970503,0.18,0.7656098373095557
434,0.0,0.5630801626606297,0.18,0.7656098373095557
435,1.0,0.46372879395436584,0.18,0.7656098373095557
436,0.82,0.39139024812754436,0.18,0.7656098373095557
437,0.92,0.3828551308039416,0.18,0.7656098373095557
438,0.0,0.4186300829933539,0.18,0.7656098373095557
439,0.48,0.4005051429523586,0.18,0.7656098373095557
440,0.0,0.44871328878097483,0.18,0.7656098373095557
441,0.0,0.4620682140311849,0.18,0.7656098373095557
442,0.2,0.49936252816482507,0.18,0.7656098373095557
443,0.0,0.6423002964154697,0.18,0.7656098373095557
444,0.0,0.6587669604510815,0.18,0.7656098373095557
445,0.54,0.34918048292968185,0.18,0.7656098373095557
446,0.26,0.49995667283412143,0.18,0.7656098373095557
447,1.0,0.5353169583134387,0.18,0.7656098373095557
448,1.0,0.734916789642522,0.18,0.7656098373095557
449,0.56,0.44701185284854716,0.18,0.7656098373095557
450,0.0,0.4608077598044573,0.18,0.7656098373095557
451,0.0,0.454412646763669,0.18,0.7656098373095557
452,0.0,0.4304526922362656,0.18,0.7656098373095557
453,0.26,0.38544829017493343,0.18,0.7656098373095557
454,0.88,0.4606859295106107,0.18,0.7656098373095557
455,0.2,0.3444362857536028,0.18,0.7656098373095557
456,1.0,0.46278330059630207,0.18,0.7656098373095557
457,1.0,0.4492854065763346,0.18,0.7656098373095557
458,0.34,0.42227878667187146,0.18,0.7656098373095557
459,0.3,0.5441082375711808,0.18,0.7656098373095557
460,0.14,0.40089791740585495,0.18,0.7656098373095557
461,1.0,0.615356148759513,0.18,0.7656098373095557
462,1.0,0.35219311143837534,0.18,0.7656098373095557
463,0.06,0.3514084814013968,0.18,0.7656098373095557
464,1.0,0.5109299906084217,0.18,0.7656098373095557
465,0.0,0.5117523976767016,0.18,0.7656098373095557
466,0.52,0.38631188249048193,0.18,0.7656098373095557
467,0.22,0.4435946770268964,0.18,0.7656098373095557
468,1.0,0.5217098115495147,0.18,0.7656098373095557
469,0.0,0.44318538778639704,0.18,0.7656098373095557
470,0.0,0.39376438092707844,0.18,0.7656098373095557
471,0.22,0.5555857306321337,0.18,0.7656098373095557
472,0.6,0.3791358844121221,0.18,0.7656098373095557
473,0.2,0.42298981353523435,0.18,0.7656098373095557
474,0.1,0.42666274506336915,0.18,0.7656098373095557
475,0.0,0.49147406378351516,0.18,0.7656098373095557
476,0.38,0.35344704761046886,0.18,0.7656098373095557
477,0.24,0.41436257212232847,0.18,0.7656098373095557
478,0.42,0.34145370026696287,0.18,0.7656098373095557
479,0.92,0.38529827358501184,0.18,0.7656098373095557
480,0.16,0.6804520732195015,0.18,0.7656098373095557
481,0.4,0.45705941367749336,0.18,0.7656098373095557
482,0.08,0.4491415098025183,0.18,0.7656098373095557
483,0.68,0.4186824503157339,0.18,0.7656098373095557
484,1.0,0.5573770864758809,0.18,0.7656098373095557
485,1.0,0.4148213751913656,0.18,0.7656098373095557
486,0.68,0.46656551373344857,0.18,0.7656098373095557
487,1.0,0.4952001774309246,0.18,0.7656098373095557
488,1.0,0.5306800535993349,0.18,0.7656098373095557
489,0.4,0.4002094935304972,0.18,0.7656098373095557
490,0.7,0.38777166608310604,0.18,0.7656098373095557
491,0.0,0.6139082721118769,0.18,0.7656098373095557
492,0.42,0.43990459495729817,0.18,0.7656098373095557
493,0.5,0.43457698272191186,0.18,0.7656098373095557
494,1.0,0.4777810938166113,0.18,0.7656098373095557
495,0.0,0.37761046598144693,0.18,0.7656098373095557
496,0.0,0.47938977928667614,0.18,0.7656098373095557
497,0.64,0.37848666074010207,0.18,0.7656098373095557
498,0.0,0.4221713005936618,0.18,0.7656098373095557
499,1.0,0.49443737460494613,0.18,0.7656098373095557
