epsilon,N,R,T,DISCARD,mean_spatial_var,sync_score,mean_clusters,median_clusters,std_clusters,min_clusters,max_clusters,total_switches,mean_switches_per_step,mean_switch_fraction,n_dwell_segments,mean_sync_dwell,max_sync_dwell,mean_nonsync_dwell,max_nonsync_dwell,mean_cluster_count,median_cluster_count,std_cluster_count,min_cluster_count,max_cluster_count,mean_dwell,median_dwell,std_dwell,max_dwell,switching_count,switching_rate,dominant_cluster_state,dominant_fraction,n_segments,n_steps,cluster_threshold,state_tol,reorganization_score
0.0,200,3.8,5000,1000,0.0605598713219841,0.942898205976343,18.84525,19.0,2.5742576478472388,11,27,792151,198.0872718179545,0.9904363590897723,1,0,0,4000.0,4000,18.84525,19.0,2.5742576478472388,11,27,1.118881118881119,1.0,0.3658405493457515,4,3574,0.8935,19,0.15175,3575,4000,0.01,1,0.2465550738377374
0.02,200,3.8,5000,1000,0.0560973675122695,0.9468823905466104,17.80875,18.0,2.455437524658284,11,27,792268,198.11652913228303,0.9905826456614154,1,0,0,4000.0,4000,17.80875,18.0,2.455437524658284,11,27,1.12391121101433,1.0,0.3749515866257942,4,3558,0.8895,18,0.16025,3559,4000,0.01,1,0.3057128760735939
0.04,200,3.8,5000,1000,0.0485169019152933,0.9537280688306796,16.9995,17.0,2.482740371041644,9,27,787750,196.9867466866717,0.9849337334333584,1,0,0,4000.0,4000,16.9995,17.0,2.482740371041644,9,27,1.1286681715575622,1.0,0.3908256994641831,4,3543,0.88575,17,0.1615,3544,4000,0.01,1,0.2088635908150798
0.06,200,3.8,5000,1000,0.0500897735232315,0.9522995321103148,14.7385,15.0,2.5547245937673986,6,26,797997,199.5491372843211,0.9977456864216054,1,0,0,4000.0,4000,14.7385,15.0,2.5547245937673986,6,26,1.1396011396011396,1.0,0.3999983766332591,5,3509,0.87725,14,0.1535,3510,4000,0.01,1,0.1993724118369207
0.08,200,3.8,5000,1000,0.0503949728046711,0.952022835114956,11.616,12.0,2.343297676352708,3,21,799440,199.9099774943736,0.999549887471868,1,0,0,4000.0,4000,11.616,12.0,2.343297676352708,3,21,1.1672016340822875,1.0,0.453625110399756,5,3426,0.8565,11,0.16825,3427,4000,0.01,1,0.3811597278483687
0.1,200,3.8,5000,1000,0.0496230090960027,0.9527230170585332,6.05725,6.0,1.4455007566583975,3,13,799793,199.9982495623906,0.999991247811953,1,0,0,4000.0,4000,6.05725,6.0,1.4455007566583975,3,13,1.2303906490310674,1.0,0.5519567284170258,7,3250,0.8125,6,0.273,3251,4000,0.01,1,0.2580787815250743
0.12,200,3.8,5000,1000,0.0464881767074495,0.9555769690072232,7.8725,8.0,1.577575275541551,4,16,799800,200.0,1.0,1,0,0,4000.0,4000,7.8725,8.0,1.577575275541551,4,16,1.2055455093429777,1.0,0.5236475339304746,6,3317,0.82925,7,0.24175,3318,4000,0.01,1,0.2401074349351724
0.14,200,3.8,5000,1000,0.0415149712708268,0.9601398228388676,8.126,8.0,1.437749630498996,4,14,799800,200.0,1.0,1,0,0,4000.0,4000,8.126,8.0,1.437749630498996,4,14,1.2642225031605565,1.0,0.5925981457750565,8,3163,0.79075,8,0.2735,3164,4000,0.01,1,0.3522900452540904
0.16,200,3.8,5000,1000,0.038346109789501,0.9630700116002026,6.1815,6.0,1.425151834016292,4,14,799760,199.98999749937485,0.9999499874968742,1,0,0,4000.0,4000,6.1815,6.0,1.425151834016292,4,14,1.3477088948787062,1.0,0.7575239004362845,8,2967,0.74175,6,0.24825,2968,4000,0.01,1,0.6025872835087998
0.18,200,3.8,5000,1000,0.0476838107668354,0.954486448796098,19.2595,19.0,2.6570961123000427,11,29,795617,198.95398849712427,0.9947699424856216,1,0,0,4000.0,4000,19.2595,19.0,2.6570961123000427,11,29,1.1217049915872126,1.0,0.3756393068535015,5,3565,0.89125,19,0.158,3566,4000,0.01,1,0.7863110669732499
0.2,200,3.8,5000,1000,0.0470943598738361,0.9550237670275386,19.728,20.0,2.730845290381716,9,30,797634,199.45836459114776,0.9972918229557388,1,0,0,4000.0,4000,19.728,20.0,2.730845290381716,9,30,1.1145165784341042,1.0,0.3618524851736597,5,3588,0.897,19,0.14,3589,4000,0.01,1,0.1044863412856522
0.22,200,3.8,5000,1000,0.0465675592905689,0.9555044880980876,16.571,17.0,2.438433718598888,7,26,798714,199.728432108027,0.998642160540135,1,0,0,4000.0,4000,16.571,17.0,2.438433718598888,7,26,1.1487650775416427,1.0,0.407757801177192,4,3481,0.87025,16,0.1585,3482,4000,0.01,1,0.1068143544094763
0.24,200,3.8,5000,1000,0.0441731086023228,0.9576956079040853,19.12275,19.0,2.7647210415338472,11,30,799530,199.9324831207802,0.999662415603901,1,0,0,4000.0,4000,19.12275,19.0,2.7647210415338472,11,30,1.1418783899514702,1.0,0.3992879904087365,4,3502,0.8755,19,0.14475,3503,4000,0.01,1,0.1787976188679623
0.26,200,3.8,5000,1000,0.0430007699943446,0.9587720630402048,19.87375,20.0,2.75623129245352,10,30,798875,199.7686921730433,0.9988434608652164,1,0,0,4000.0,4000,19.87375,20.0,2.7562312924535197,10,30,1.1198208286674132,1.0,0.3751508413796924,5,3571,0.89275,20,0.14425,3572,4000,0.01,1,0.0833048593148881
0.28,200,3.8,5000,1000,0.0417754132753201,0.959899789587106,18.022,18.0,2.8924066104197728,9,28,798802,199.75043760940235,0.9987521880470116,1,0,0,4000.0,4000,18.022,18.0,2.8924066104197728,9,28,1.135073779795687,1.0,0.396388664053527,4,3523,0.88075,17,0.13575,3524,4000,0.01,1,0.2873654516068345
0.3,200,3.8,5000,1000,0.0408023917261306,0.9607971772062692,12.19475,11.0,4.525739987836244,5,26,798991,199.7976994248562,0.9989884971242812,1,0,0,4000.0,4000,12.19475,11.0,4.525739987836244,5,26,1.184483269173823,1.0,0.4927868581489566,7,3376,0.844,9,0.1135,3377,4000,0.01,1,0.0608799663672157
0.32,200,3.8,5000,1000,0.0405392398401018,0.961040162362035,17.03575,17.0,3.0517981482234378,8,28,797822,199.505376344086,0.99752688172043,1,0,0,4000.0,4000,17.03575,17.0,3.0517981482234378,8,28,1.1220196353436185,1.0,0.3782003070665394,5,3564,0.891,17,0.13075,3565,4000,0.01,1,0.2378773836378798
0.34,200,3.8,5000,1000,0.0407390446234762,0.9608556584535416,18.8185,19.0,2.7383494572460982,10,29,797119,199.3295823955989,0.9966479119779944,1,0,0,4000.0,4000,18.8185,19.0,2.7383494572460982,10,29,1.1145165784341042,1.0,0.3610816566057276,4,3588,0.897,19,0.15125,3589,4000,0.01,1,0.0160012331032459
0.36,200,3.8,5000,1000,0.0401315514654053,0.961416850196626,17.14925,17.0,2.768749616252795,9,27,797837,199.50912728182047,0.9975456364091024,1,0,0,4000.0,4000,17.14925,17.0,2.768749616252795,9,27,1.119507416736636,1.0,0.3748197936459279,4,3572,0.893,17,0.13825,3573,4000,0.01,1,0.0935314249129137
0.38,200,3.8,5000,1000,0.0400171834098103,0.9615225747726496,15.62225,16.0,2.7694864031982536,6,25,798224,199.60590147536885,0.9980295073768444,1,0,0,4000.0,4000,15.62225,16.0,2.7694864031982536,6,25,1.1328235627301049,1.0,0.396353296611496,5,3530,0.8825,16,0.152,3531,4000,0.01,1,0.0488859583894438
0.4,200,3.8,5000,1000,0.0398453736696879,0.9616814435312908,16.069,16.0,2.6039852150117904,7,26,797479,199.4196049012253,0.9970980245061264,1,0,0,4000.0,4000,16.069,16.0,2.6039852150117904,7,26,1.1305822498586773,1.0,0.3927231682437842,5,3537,0.88425,16,0.15325,3538,4000,0.01,1,0.0327829521012016
0.42,200,3.8,5000,1000,0.0391239044705732,0.9623491440219476,15.87125,16.0,2.4854925945373485,8,25,796263,199.11552888222056,0.9955776444111027,1,0,0,4000.0,4000,15.87125,16.0,2.4854925945373485,8,25,1.140575990875392,1.0,0.419001228192487,5,3506,0.8765,16,0.14925,3507,4000,0.01,1,0.0533919767833419
0.44,200,3.8,5000,1000,0.0389384271930357,0.9625209481391134,15.94675,16.0,2.40487306057929,7,25,796537,199.1840460115029,0.9959202300575144,1,0,0,4000.0,4000,15.94675,16.0,2.40487306057929,7,25,1.1428571428571428,1.0,0.4169862719807549,5,3499,0.87475,16,0.176,3500,4000,0.01,1,0.0717864114114386
0.46,200,3.8,5000,1000,0.0386924573696028,0.9627488800028566,14.803,15.0,2.22860741271315,7,24,793932,198.5326331582896,0.992663165791448,1,0,0,4000.0,4000,14.803,15.0,2.22860741271315,7,24,1.1500862564692351,1.0,0.4220949743516647,4,3477,0.86925,15,0.1855,3478,4000,0.01,1,0.0693682336438587
0.48,200,3.8,5000,1000,0.0398727116272055,0.961656161199949,15.8925,16.0,2.6744053077273087,6,26,791945,198.03575893973493,0.9901787946986746,1,0,0,4000.0,4000,15.8925,16.0,2.6744053077273087,6,26,1.11731843575419,1.0,0.36720530577253,4,3579,0.89475,16,0.157,3580,4000,0.01,1,0.0473248378725871
0.5,200,3.8,5000,1000,0.0389386136871902,0.9625207753622737,15.35975,15.0,2.460961181632088,6,25,793116,198.3285821455364,0.991642910727682,1,0,0,4000.0,4000,15.35975,15.0,2.460961181632088,6,25,1.1425307055127107,1.0,0.4020360840011107,4,3500,0.875,16,0.15675,3501,4000,0.01,1,0.0610634742912792
0.52,200,3.8,5000,1000,0.0385970498184907,0.9628373199931234,15.421,15.0,2.4011994919206527,8,25,791196,197.8484621155289,0.9892423105776444,1,0,0,4000.0,4000,15.421,15.0,2.4011994919206527,8,25,1.134108307343351,1.0,0.406764035546763,6,3526,0.8815,15,0.167,3527,4000,0.01,1,0.0307230127624291
0.54,200,3.8,5000,1000,0.0390723419277496,0.9623968992810834,15.29175,15.0,2.53665763111619,7,24,789215,197.353088272068,0.98676544136034,1,0,0,4000.0,4000,15.29175,15.0,2.53665763111619,7,24,1.1232799775344005,1.0,0.3839229400377401,5,3560,0.89,15,0.161,3561,4000,0.01,1,0.0457769982097987
0.56,200,3.8,5000,1000,0.0391000449372009,0.9623712412219518,14.57275,15.0,2.540414816029068,7,25,791073,197.81770442610653,0.9890885221305328,1,0,0,4000.0,4000,14.57275,15.0,2.540414816029068,7,25,1.125809175344779,1.0,0.4042983583601629,6,3552,0.888,15,0.15175,3553,4000,0.01,1,0.0285378740555663
0.58,200,3.8,5000,1000,0.0388348583806582,0.9626169086767128,14.771,15.0,2.527559890487266,7,24,789372,197.39234808702176,0.9869617404351088,1,0,0,4000.0,4000,14.771,15.0,2.527559890487266,7,24,1.1376564277588168,1.0,0.4045300539539327,5,3515,0.87875,15,0.1595,3516,4000,0.01,1,0.0285246680358682
0.6,200,3.8,5000,1000,0.0393477631572764,0.96214186959161,15.48925,16.0,2.598438846211317,7,24,789906,197.5258814703676,0.987629407351838,1,0,0,4000.0,4000,15.48925,16.0,2.598438846211317,7,24,1.119507416736636,1.0,0.391617431942511,6,3572,0.893,16,0.154,3573,4000,0.01,1,0.1024175206319884
0.62,200,3.8,5000,1000,0.0386790672595615,0.9627612912604352,13.6035,13.0,2.251174748881126,7,24,790093,197.5726431607902,0.987863215803951,1,0,0,4000.0,4000,13.6035,13.0,2.251174748881126,7,24,1.1747430249632893,1.0,0.5034471188829612,10,3404,0.851,13,0.201,3405,4000,0.01,1,0.043735876730219
0.64,200,3.8,5000,1000,0.0392400513512413,0.962241590573592,14.7615,15.0,2.521729119076829,7,24,788818,197.2538134533633,0.9862690672668168,1,0,0,4000.0,4000,14.7615,15.0,2.521729119076829,7,24,1.1425307055127107,1.0,0.4090790465992015,5,3500,0.875,14,0.1585,3501,4000,0.01,1,0.1369541571615302
0.66,200,3.8,5000,1000,0.0394007603736547,0.962092811670168,15.0365,15.0,2.553951399302657,8,25,789977,197.54363590897725,0.9877181795448864,1,0,0,4000.0,4000,15.0365,15.0,2.553951399302657,8,25,1.122649452708392,1.0,0.4053398103079656,9,3562,0.8905,15,0.15875,3563,4000,0.01,1,0.0247970197577416
0.68,200,3.8,5000,1000,0.0394334031066616,0.9620625977683582,14.917,15.0,2.6440709143288874,6,24,788635,197.20805201300325,0.9860402600650162,1,0,0,4000.0,4000,14.917,15.0,2.6440709143288874,6,24,1.1277135607555682,1.0,0.3803555668016325,5,3546,0.8865,14,0.15325,3547,4000,0.01,1,0.0278823448262598
0.7,200,3.8,5000,1000,0.0393913668869986,0.962101506572085,14.775,15.0,2.6704634429252163,6,23,790248,197.61140285071264,0.9880570142535634,1,0,0,4000.0,4000,14.775,15.0,2.6704634429252163,6,23,1.1123470522803114,1.0,0.3693678990511854,5,3595,0.89875,14,0.14275,3596,4000,0.01,1,0.0166383025291417
0.72,200,3.8,5000,1000,0.0394673906485904,0.9620311411366506,14.782,15.0,2.7097003524375163,6,25,789858,197.5138784696174,0.987569392348087,1,0,0,4000.0,4000,14.782,15.0,2.7097003524375163,6,25,1.1207621182404035,1.0,0.3798480499603335,6,3568,0.892,15,0.14425,3569,4000,0.01,1,0.0542023513798359
0.74,200,3.8,5000,1000,0.0391778449254179,0.962299191503424,13.702,14.0,2.577827767714515,4,25,790071,197.56714178544635,0.9878357089272318,1,0,0,4000.0,4000,13.702,14.0,2.577827767714515,4,25,1.1254924029262805,1.0,0.3773371694107678,5,3553,0.88825,13,0.16275,3554,4000,0.01,1,0.0572775163401346
0.76,200,3.8,5000,1000,0.0391247685380604,0.962348343795996,13.85175,14.0,2.411902140946021,5,25,788123,197.08002000500124,0.9854001000250062,1,0,0,4000.0,4000,13.85175,14.0,2.411902140946021,5,25,1.139925904816187,1.0,0.4045538658331835,5,3508,0.877,13,0.158,3509,4000,0.01,1,0.070618762211135
0.78,200,3.8,5000,1000,0.0396166203269482,0.9618930483099728,15.157,15.0,2.7849328537686504,7,26,788045,197.06051512878216,0.985302575643911,1,0,0,4000.0,4000,15.157,15.0,2.7849328537686504,7,26,1.1163829193413342,1.0,0.3737359653086475,5,3582,0.8955,16,0.135,3583,4000,0.01,1,0.0558650307252605
0.8,200,3.8,5000,1000,0.0397585225742911,0.9617617728433188,15.21375,15.0,2.6271773707726704,6,27,789436,197.408352088022,0.98704176044011,1,0,0,4000.0,4000,15.21375,15.0,2.6271773707726704,6,27,1.1309018942606728,1.0,0.3872408151989948,5,3536,0.884,15,0.1475,3537,4000,0.01,1,0.1842629148221601
0.82,200,3.8,5000,1000,0.0392417560267595,0.9622400122019836,14.52775,15.0,2.267648548055893,8,25,779705,194.9749937484371,0.9748749687421856,1,0,0,4000.0,4000,14.52775,15.0,2.267648548055893,8,25,1.166861143523921,1.0,0.4086846825492537,6,3427,0.85675,15,0.243,3428,4000,0.01,1,0.0223269701852164
0.84,200,3.8,5000,1000,0.0399270622905238,0.9616059012806328,15.44675,15.0,2.661233630762245,6,25,788046,197.06076519129783,0.9853038259564892,1,0,0,4000.0,4000,15.44675,15.0,2.661233630762245,6,25,1.1210762331838564,1.0,0.3764713538732481,6,3567,0.89175,15,0.15375,3568,4000,0.01,1,0.1311917460343225
0.86,200,3.8,5000,1000,0.0394667330155007,0.9620317497790358,14.8865,15.0,2.538428204617968,7,25,785122,196.3295823955989,0.9816479119779944,1,0,0,4000.0,4000,14.8865,15.0,2.538428204617968,7,25,1.1318619128466327,1.0,0.3982674520822388,5,3533,0.88325,14,0.15975,3534,4000,0.01,1,0.0909570787319939
0.88,200,3.8,5000,1000,0.0397056367071859,0.9618106940028368,16.06375,16.0,2.3813202089387304,7,26,756145,189.08352088022005,0.9454176044011002,1,0,0,4000.0,4000,16.06375,16.0,2.3813202089387304,7,26,1.0946907498631635,1.0,0.3255398449130059,4,3653,0.91325,17,0.16375,3654,4000,0.01,1,0.078912904353186
0.9,200,3.8,5000,1000,0.0399807718442,0.9615562393780588,16.1415,16.0,2.439462594507241,8,25,753910,188.52463115778943,0.9426231557889472,1,0,0,4000.0,4000,16.1415,16.0,2.439462594507241,8,25,1.1229646266142617,1.0,0.3732121873158434,5,3561,0.89025,16,0.16125,3562,4000,0.01,1,0.1431071521810793
0.92,200,3.8,5000,1000,0.0402140660601979,0.9613405861617422,16.63775,17.0,2.255443401528844,10,26,729686,182.4671167791948,0.912335583895974,1,0,0,4000.0,4000,16.63775,17.0,2.255443401528844,10,26,1.1487650775416427,1.0,0.4243248818433326,5,3481,0.87025,16,0.19625,3482,4000,0.01,1,0.1047172770142862
0.94,200,3.8,5000,1000,0.0430011498587128,0.9587717138523406,16.22725,16.0,2.682556138741555,7,25,782533,195.68217054263565,0.9784108527131784,1,0,0,4000.0,4000,16.22725,16.0,2.682556138741555,7,25,1.115137998327293,1.0,0.3648357214166967,4,3586,0.8965,16,0.16175,3587,4000,0.01,1,0.1287018322695613
0.96,200,3.8,5000,1000,0.0411697502117324,0.9604581767734222,16.31375,16.0,2.604862940252328,7,25,770326,192.6296574143536,0.963148287071768,1,0,0,4000.0,4000,16.31375,16.0,2.604862940252328,7,25,1.129305477131564,1.0,0.3767592243340079,4,3541,0.88525,16,0.158,3542,4000,0.01,1,0.2624018137433848
0.98,200,3.8,5000,1000,0.040503928587218,0.961072776878206,14.6855,14.0,3.3873425793680805,7,27,710420,177.64941235308828,0.8882470617654413,1,0,0,4000.0,4000,14.6855,14.0,3.3873425793680805,7,27,1.1682242990654206,1.0,0.4161961998778136,4,3423,0.85575,14,0.20175,3424,4000,0.01,1,0.0903112550263151
1.0,200,3.8,5000,1000,0.0408912461654157,0.9607151599016162,18.988,19.0,2.840573181595574,11,30,762346,190.6341585396349,0.9531707926981744,1,0,0,4000.0,4000,18.988,19.0,2.840573181595574,11,30,1.122649452708392,1.0,0.3758803639989398,5,3562,0.8905,20,0.13425,3563,4000,0.01,1,0.5276363551048407
