bootstrap_id,epsilon_star,peak_score,orig_epsilon_star,orig_peak_score,metrics_used
0,0.18,0.8892606361007857,0.18,0.7656098373095557,"switching_rate,mean_clusters,max_dwell,dominant_fraction,mean_dwell,mean_clusters,dominant_fraction,mean_cluster_count,dominant_fraction"
1,0.18,0.6788643006735887,0.18,0.7656098373095557,"sync_score,switching_rate,mean_cluster_count,mean_clusters,switching_rate,max_dwell,mean_spatial_var,mean_switch_fraction,mean_switch_fraction"
2,0.18,0.6925833653477679,0.18,0.7656098373095557,"sync_score,switching_rate,max_dwell,dominant_fraction,sync_score,mean_cluster_count,mean_switch_fraction,max_dwell,mean_spatial_var"
3,0.18,0.6422068699929233,0.18,0.7656098373095557,"sync_score,dominant_fraction,mean_spatial_var,mean_switch_fraction,mean_spatial_var,mean_dwell,sync_score,mean_cluster_count,mean_switch_fraction"
4,0.18,0.6807038142790882,0.18,0.7656098373095557,"mean_clusters,mean_clusters,mean_cluster_count,mean_switch_fraction,mean_dwell,mean_switch_fraction,max_dwell,sync_score,sync_score"
5,0.18,0.9124144038424701,0.18,0.7656098373095557,"switching_rate,switching_rate,mean_cluster_count,switching_rate,mean_cluster_count,sync_score,mean_spatial_var,sync_score,mean_dwell"
6,0.18,0.6772726185426868,0.18,0.7656098373095557,"mean_switch_fraction,mean_spatial_var,mean_dwell,dominant_fraction,switching_rate,mean_dwell,dominant_fraction,mean_spatial_var,mean_switch_fraction"
7,0.18,0.9188981248748903,0.18,0.7656098373095557,"mean_spatial_var,dominant_fraction,mean_clusters,switching_rate,sync_score,mean_clusters,mean_dwell,mean_clusters,mean_dwell"
8,1.0,0.6546895913761117,0.18,0.7656098373095557,"mean_dwell,switching_rate,mean_switch_fraction,max_dwell,mean_clusters,max_dwell,mean_clusters,mean_switch_fraction,mean_switch_fraction"
9,0.18,0.9409964313598138,0.18,0.7656098373095557,"mean_dwell,mean_dwell,mean_spatial_var,mean_cluster_count,switching_rate,mean_dwell,switching_rate,sync_score,switching_rate"
10,0.18,0.81653800278642,0.18,0.7656098373095557,"mean_spatial_var,dominant_fraction,mean_clusters,mean_clusters,mean_cluster_count,mean_dwell,dominant_fraction,mean_dwell,mean_switch_fraction"
11,1.0,0.7151104094471803,0.18,0.7656098373095557,"max_dwell,mean_cluster_count,mean_clusters,mean_switch_fraction,mean_dwell,mean_dwell,dominant_fraction,mean_switch_fraction,dominant_fraction"
12,1.0,0.7231069099735227,0.18,0.7656098373095557,"mean_switch_fraction,switching_rate,mean_switch_fraction,max_dwell,mean_clusters,mean_cluster_count,mean_switch_fraction,mean_switch_fraction,max_dwell"
13,0.18,0.7554470890661368,0.18,0.7656098373095557,"mean_spatial_var,mean_clusters,max_dwell,mean_spatial_var,mean_cluster_count,mean_switch_fraction,mean_spatial_var,mean_cluster_count,mean_clusters"
14,0.18,0.9409964313598136,0.18,0.7656098373095557,"mean_cluster_count,mean_cluster_count,mean_cluster_count,mean_clusters,mean_clusters,sync_score,mean_spatial_var,mean_clusters,mean_clusters"
15,0.18,0.7951913189108356,0.18,0.7656098373095557,"mean_clusters,sync_score,dominant_fraction,sync_score,sync_score,mean_spatial_var,max_dwell,switching_rate,dominant_fraction"
16,0.18,0.723308745118033,0.18,0.7656098373095557,"mean_cluster_count,mean_cluster_count,mean_clusters,sync_score,mean_spatial_var,mean_cluster_count,mean_switch_fraction,mean_dwell,mean_switch_fraction"
17,1.0,0.6700158497911942,0.18,0.7656098373095557,"mean_switch_fraction,mean_clusters,mean_cluster_count,sync_score,mean_spatial_var,mean_switch_fraction,mean_switch_fraction,mean_cluster_count,dominant_fraction"
18,1.0,0.7107099931368599,0.18,0.7656098373095557,"dominant_fraction,mean_spatial_var,mean_clusters,mean_switch_fraction,sync_score,mean_switch_fraction,dominant_fraction,mean_switch_fraction,mean_clusters"
19,0.18,0.7739330719474752,0.18,0.7656098373095557,"mean_switch_fraction,sync_score,dominant_fraction,max_dwell,dominant_fraction,mean_clusters,switching_rate,switching_rate,mean_cluster_count"
20,0.18,0.8237733464281791,0.18,0.7656098373095557,"dominant_fraction,mean_dwell,mean_clusters,sync_score,sync_score,mean_dwell,dominant_fraction,max_dwell,mean_spatial_var"
21,0.18,0.8079109295010782,0.18,0.7656098373095557,"dominant_fraction,sync_score,switching_rate,max_dwell,max_dwell,dominant_fraction,mean_spatial_var,mean_cluster_count,mean_cluster_count"
22,0.18,0.7895476573999785,0.18,0.7656098373095557,"mean_cluster_count,switching_rate,mean_clusters,mean_switch_fraction,switching_rate,max_dwell,sync_score,sync_score,switching_rate"
23,0.18,0.8635735834457027,0.18,0.7656098373095557,"switching_rate,dominant_fraction,mean_clusters,sync_score,sync_score,sync_score,sync_score,mean_dwell,mean_dwell"
24,0.18,0.8300092359860016,0.18,0.7656098373095557,"switching_rate,mean_cluster_count,dominant_fraction,mean_clusters,mean_spatial_var,max_dwell,max_dwell,mean_clusters,sync_score"
25,0.18,0.760965629882635,0.18,0.7656098373095557,"sync_score,mean_clusters,mean_switch_fraction,sync_score,switching_rate,mean_clusters,sync_score,mean_cluster_count,max_dwell"
26,1.0,0.7264224098268693,0.18,0.7656098373095557,"mean_spatial_var,mean_cluster_count,dominant_fraction,dominant_fraction,dominant_fraction,mean_switch_fraction,switching_rate,mean_switch_fraction,max_dwell"
27,0.18,0.8110537358379364,0.18,0.7656098373095557,"sync_score,mean_spatial_var,sync_score,dominant_fraction,sync_score,sync_score,switching_rate,mean_clusters,dominant_fraction"
28,0.18,0.6915279040910067,0.18,0.7656098373095557,"max_dwell,mean_switch_fraction,switching_rate,max_dwell,mean_dwell,dominant_fraction,dominant_fraction,max_dwell,dominant_fraction"
29,0.18,0.6263444530658225,0.18,0.7656098373095557,"mean_switch_fraction,max_dwell,mean_cluster_count,dominant_fraction,mean_switch_fraction,mean_spatial_var,mean_spatial_var,sync_score,switching_rate"
30,0.18,0.7814722542366564,0.18,0.7656098373095557,"switching_rate,mean_clusters,mean_switch_fraction,sync_score,dominant_fraction,sync_score,mean_clusters,switching_rate,mean_spatial_var"
31,1.0,0.6856365822646908,0.18,0.7656098373095557,"mean_switch_fraction,mean_dwell,mean_dwell,mean_dwell,mean_dwell,mean_switch_fraction,mean_clusters,dominant_fraction,mean_switch_fraction"
32,0.18,0.7895476573999785,0.18,0.7656098373095557,"mean_cluster_count,mean_dwell,mean_switch_fraction,mean_clusters,mean_dwell,switching_rate,sync_score,sync_score,max_dwell"
33,0.18,0.632580342623645,0.18,0.7656098373095557,"mean_dwell,mean_switch_fraction,mean_clusters,mean_switch_fraction,max_dwell,mean_cluster_count,mean_spatial_var,mean_spatial_var,max_dwell"
34,0.18,0.8219338328226797,0.18,0.7656098373095557,"mean_spatial_var,dominant_fraction,mean_clusters,sync_score,mean_dwell,max_dwell,dominant_fraction,switching_rate,mean_spatial_var"
35,0.18,0.7287045751542927,0.18,0.7656098373095557,"mean_dwell,mean_clusters,sync_score,mean_switch_fraction,max_dwell,mean_spatial_var,mean_spatial_var,sync_score,mean_clusters"
36,0.18,0.880937401462866,0.18,0.7656098373095557,"mean_cluster_count,dominant_fraction,mean_dwell,mean_spatial_var,switching_rate,mean_clusters,max_dwell,mean_cluster_count,dominant_fraction"
37,0.18,0.7796327406311571,0.18,0.7656098373095557,"dominant_fraction,mean_cluster_count,mean_switch_fraction,mean_spatial_var,mean_cluster_count,mean_dwell,mean_dwell,sync_score,mean_spatial_var"
38,0.18,0.6141610633497205,0.18,0.7656098373095557,"mean_switch_fraction,switching_rate,max_dwell,dominant_fraction,sync_score,sync_score,mean_switch_fraction,mean_clusters,max_dwell"
39,0.18,0.7736852404728777,0.18,0.7656098373095557,"mean_switch_fraction,switching_rate,max_dwell,switching_rate,max_dwell,mean_dwell,sync_score,mean_clusters,mean_clusters"
40,0.18,0.7656098373095557,0.18,0.7656098373095557,"mean_spatial_var,mean_cluster_count,mean_switch_fraction,dominant_fraction,mean_cluster_count,mean_cluster_count,sync_score,max_dwell,mean_clusters"
41,0.18,0.810054281754,0.18,0.7656098373095557,"mean_cluster_count,mean_switch_fraction,dominant_fraction,mean_dwell,sync_score,mean_spatial_var,mean_clusters,mean_clusters,mean_dwell"
42,0.18,0.9269735280382123,0.18,0.7656098373095557,"mean_clusters,mean_dwell,switching_rate,switching_rate,switching_rate,mean_clusters,max_dwell,switching_rate,sync_score"
43,0.18,0.8404758228768429,0.18,0.7656098373095557,"mean_switch_fraction,mean_dwell,mean_cluster_count,mean_dwell,sync_score,mean_clusters,mean_cluster_count,mean_dwell,dominant_fraction"
44,0.18,0.7316319797559525,0.18,0.7656098373095557,"mean_clusters,mean_switch_fraction,dominant_fraction,switching_rate,mean_switch_fraction,sync_score,mean_dwell,mean_cluster_count,mean_dwell"
45,0.18,0.6772726185426869,0.18,0.7656098373095557,"mean_spatial_var,mean_spatial_var,switching_rate,dominant_fraction,mean_switch_fraction,mean_dwell,mean_switch_fraction,dominant_fraction,mean_dwell"
46,0.18,0.8165380027864201,0.18,0.7656098373095557,"mean_dwell,mean_spatial_var,mean_dwell,mean_dwell,switching_rate,dominant_fraction,mean_dwell,mean_switch_fraction,dominant_fraction"
47,0.18,0.8216860013480821,0.18,0.7656098373095557,"sync_score,mean_cluster_count,mean_spatial_var,mean_clusters,max_dwell,mean_clusters,mean_spatial_var,mean_clusters,max_dwell"
48,0.18,0.7378678693137751,0.18,0.7656098373095557,"mean_switch_fraction,mean_clusters,mean_clusters,mean_clusters,max_dwell,switching_rate,mean_dwell,mean_cluster_count,mean_switch_fraction"
49,0.18,0.8183775163919195,0.18,0.7656098373095557,"mean_clusters,mean_dwell,mean_clusters,dominant_fraction,sync_score,dominant_fraction,mean_cluster_count,mean_clusters,mean_switch_fraction"
50,0.18,0.8183775163919195,0.18,0.7656098373095557,"mean_dwell,dominant_fraction,sync_score,mean_cluster_count,switching_rate,mean_cluster_count,mean_switch_fraction,switching_rate,dominant_fraction"
51,0.18,0.771541888219956,0.18,0.7656098373095557,"max_dwell,max_dwell,dominant_fraction,max_dwell,sync_score,mean_cluster_count,mean_clusters,max_dwell,mean_cluster_count"
52,0.18,0.6346676877037419,0.18,0.7656098373095557,"mean_dwell,sync_score,mean_clusters,dominant_fraction,mean_spatial_var,mean_switch_fraction,max_dwell,dominant_fraction,mean_switch_fraction"
53,0.18,0.7656098373095557,0.18,0.7656098373095557,"mean_switch_fraction,mean_spatial_var,mean_clusters,sync_score,max_dwell,mean_clusters,dominant_fraction,switching_rate,mean_dwell"
54,0.18,0.7790810705091373,0.18,0.7656098373095557,"sync_score,mean_dwell,max_dwell,mean_spatial_var,switching_rate,max_dwell,sync_score,mean_cluster_count,max_dwell"
55,0.18,0.8669144981412646,0.18,0.7656098373095557,"mean_dwell,switching_rate,dominant_fraction,switching_rate,max_dwell,dominant_fraction,switching_rate,max_dwell,mean_clusters"
56,0.18,0.7977481812576593,0.18,0.7656098373095557,"mean_spatial_var,dominant_fraction,max_dwell,switching_rate,mean_dwell,max_dwell,mean_spatial_var,mean_spatial_var,switching_rate"
57,1.0,0.6953837347217774,0.18,0.7656098373095557,"mean_switch_fraction,switching_rate,mean_switch_fraction,mean_dwell,max_dwell,mean_cluster_count,mean_switch_fraction,max_dwell,mean_switch_fraction"
58,0.18,0.6643051764778467,0.18,0.7656098373095557,"mean_clusters,mean_spatial_var,mean_switch_fraction,sync_score,switching_rate,sync_score,mean_spatial_var,mean_clusters,mean_switch_fraction"
59,0.18,0.7551432504187146,0.18,0.7656098373095557,"max_dwell,dominant_fraction,mean_spatial_var,sync_score,max_dwell,mean_spatial_var,mean_cluster_count,mean_clusters,max_dwell"
60,0.18,0.7012104386331096,0.18,0.7656098373095557,"mean_clusters,switching_rate,mean_switch_fraction,mean_dwell,dominant_fraction,mean_spatial_var,sync_score,mean_switch_fraction,mean_cluster_count"
61,0.18,0.80357056072158,0.18,0.7656098373095557,"mean_cluster_count,mean_clusters,mean_spatial_var,mean_cluster_count,switching_rate,sync_score,mean_switch_fraction,mean_dwell,sync_score"
62,0.18,0.8827769150683654,0.18,0.7656098373095557,"mean_clusters,switching_rate,max_dwell,dominant_fraction,mean_dwell,mean_dwell,sync_score,mean_dwell,dominant_fraction"
63,0.18,0.8079109295010782,0.18,0.7656098373095557,"dominant_fraction,max_dwell,max_dwell,sync_score,mean_dwell,mean_dwell,dominant_fraction,switching_rate,mean_spatial_var"
64,0.18,0.8014272084686582,0.18,0.7656098373095557,"mean_cluster_count,max_dwell,max_dwell,mean_spatial_var,sync_score,sync_score,mean_cluster_count,mean_clusters,dominant_fraction"
65,0.18,0.7718457268673782,0.18,0.7656098373095557,"mean_switch_fraction,mean_clusters,mean_cluster_count,max_dwell,mean_cluster_count,mean_spatial_var,mean_clusters,mean_clusters,max_dwell"
66,0.18,0.6772726185426869,0.18,0.7656098373095557,"switching_rate,mean_spatial_var,dominant_fraction,switching_rate,mean_switch_fraction,mean_spatial_var,mean_switch_fraction,mean_clusters,dominant_fraction"
67,0.18,0.7720935583419757,0.18,0.7656098373095557,"switching_rate,mean_spatial_var,max_dwell,dominant_fraction,mean_switch_fraction,switching_rate,mean_dwell,mean_cluster_count,dominant_fraction"
68,0.18,0.721413224339709,0.18,0.7656098373095557,"dominant_fraction,dominant_fraction,dominant_fraction,mean_cluster_count,mean_dwell,sync_score,max_dwell,mean_spatial_var,mean_switch_fraction"
69,0.18,0.880937401462866,0.18,0.7656098373095557,"mean_dwell,dominant_fraction,dominant_fraction,max_dwell,switching_rate,mean_clusters,switching_rate,mean_clusters,mean_spatial_var"
70,0.18,0.8183775163919195,0.18,0.7656098373095557,"mean_switch_fraction,mean_cluster_count,dominant_fraction,mean_dwell,sync_score,mean_cluster_count,switching_rate,mean_dwell,dominant_fraction"
71,0.18,0.6936712563439283,0.18,0.7656098373095557,"mean_clusters,mean_switch_fraction,mean_dwell,mean_dwell,max_dwell,mean_switch_fraction,mean_dwell,dominant_fraction,dominant_fraction"
72,1.0,0.7740611599501797,0.18,0.7656098373095557,"mean_clusters,dominant_fraction,mean_switch_fraction,dominant_fraction,sync_score,mean_cluster_count,mean_cluster_count,dominant_fraction,mean_switch_fraction"
73,0.18,0.8404758228768429,0.18,0.7656098373095557,"mean_switch_fraction,sync_score,mean_clusters,mean_cluster_count,mean_cluster_count,dominant_fraction,mean_cluster_count,mean_cluster_count,mean_clusters"
74,0.18,0.8224700536968204,0.18,0.7656098373095557,"max_dwell,dominant_fraction,mean_cluster_count,mean_cluster_count,mean_cluster_count,dominant_fraction,max_dwell,max_dwell,mean_clusters"
75,0.18,0.8001239157372995,0.18,0.7656098373095557,"mean_dwell,dominant_fraction,mean_cluster_count,max_dwell,max_dwell,mean_cluster_count,mean_cluster_count,max_dwell,max_dwell"
76,0.18,0.7998355263377563,0.18,0.7656098373095557,"dominant_fraction,mean_spatial_var,dominant_fraction,mean_spatial_var,mean_dwell,max_dwell,dominant_fraction,sync_score,mean_dwell"
77,0.18,0.755391081893312,0.18,0.7656098373095557,"dominant_fraction,mean_spatial_var,switching_rate,sync_score,dominant_fraction,mean_spatial_var,dominant_fraction,max_dwell,max_dwell"
78,0.18,0.7960313784323986,0.18,0.7656098373095557,"switching_rate,max_dwell,mean_dwell,mean_dwell,mean_dwell,mean_clusters,mean_switch_fraction,sync_score,dominant_fraction"
79,0.18,0.886637070146548,0.18,0.7656098373095557,"mean_clusters,switching_rate,mean_cluster_count,mean_spatial_var,dominant_fraction,mean_dwell,mean_dwell,mean_spatial_var,mean_spatial_var"
80,0.18,0.8058235844209815,0.18,0.7656098373095557,"switching_rate,mean_clusters,max_dwell,mean_spatial_var,mean_spatial_var,max_dwell,mean_clusters,max_dwell,switching_rate"
81,1.0,0.7264224098268693,0.18,0.7656098373095557,"dominant_fraction,mean_cluster_count,mean_switch_fraction,dominant_fraction,max_dwell,dominant_fraction,mean_spatial_var,switching_rate,mean_switch_fraction"
82,0.18,0.8762931940359454,0.18,0.7656098373095557,"sync_score,mean_dwell,max_dwell,sync_score,switching_rate,switching_rate,mean_dwell,dominant_fraction,mean_clusters"
83,0.18,0.7515869339879543,0.18,0.7656098373095557,"mean_cluster_count,max_dwell,mean_dwell,sync_score,mean_cluster_count,max_dwell,mean_dwell,dominant_fraction,mean_switch_fraction"
84,0.18,0.7012104386331096,0.18,0.7656098373095557,"mean_switch_fraction,sync_score,mean_dwell,mean_switch_fraction,dominant_fraction,mean_dwell,mean_cluster_count,mean_spatial_var,mean_cluster_count"
85,0.18,0.8663782772671239,0.18,0.7656098373095557,"mean_spatial_var,mean_cluster_count,dominant_fraction,switching_rate,mean_clusters,sync_score,mean_dwell,mean_spatial_var,dominant_fraction"
86,0.18,0.7435115308246323,0.18,0.7656098373095557,"mean_switch_fraction,mean_clusters,dominant_fraction,mean_spatial_var,max_dwell,switching_rate,dominant_fraction,switching_rate,sync_score"
87,0.18,0.7796327406311571,0.18,0.7656098373095557,"sync_score,mean_spatial_var,mean_switch_fraction,switching_rate,mean_clusters,switching_rate,dominant_fraction,mean_cluster_count,mean_spatial_var"
88,0.18,0.8625741293617663,0.18,0.7656098373095557,"switching_rate,mean_clusters,mean_dwell,mean_cluster_count,mean_cluster_count,sync_score,mean_switch_fraction,switching_rate,mean_clusters"
89,0.18,0.8967998183899668,0.18,0.7656098373095557,"mean_dwell,sync_score,dominant_fraction,dominant_fraction,switching_rate,mean_dwell,switching_rate,mean_spatial_var,switching_rate"
90,1.0,0.6552605464953488,0.18,0.7656098373095557,"max_dwell,dominant_fraction,mean_switch_fraction,mean_spatial_var,mean_switch_fraction,max_dwell,max_dwell,mean_clusters,mean_switch_fraction"
91,0.18,0.6430469295144863,0.18,0.7656098373095557,"switching_rate,mean_spatial_var,switching_rate,mean_clusters,mean_switch_fraction,mean_switch_fraction,mean_switch_fraction,mean_clusters,switching_rate"
92,0.18,0.7435115308246323,0.18,0.7656098373095557,"mean_cluster_count,mean_clusters,max_dwell,dominant_fraction,sync_score,mean_spatial_var,dominant_fraction,mean_switch_fraction,switching_rate"
93,0.18,0.81653800278642,0.18,0.7656098373095557,"dominant_fraction,mean_cluster_count,switching_rate,mean_dwell,mean_cluster_count,mean_clusters,dominant_fraction,mean_spatial_var,mean_switch_fraction"
94,1.0,0.7405730747322969,0.18,0.7656098373095557,"dominant_fraction,mean_switch_fraction,max_dwell,switching_rate,switching_rate,mean_switch_fraction,mean_switch_fraction,mean_dwell,dominant_fraction"
95,0.18,0.727896945372129,0.18,0.7656098373095557,"dominant_fraction,dominant_fraction,dominant_fraction,switching_rate,mean_switch_fraction,mean_clusters,mean_spatial_var,max_dwell,dominant_fraction"
96,0.18,0.7251482587235325,0.18,0.7656098373095557,"switching_rate,mean_switch_fraction,mean_switch_fraction,sync_score,switching_rate,sync_score,switching_rate,mean_cluster_count,mean_cluster_count"
97,0.18,0.7572866026716363,0.18,0.7656098373095557,"mean_spatial_var,mean_clusters,mean_cluster_count,mean_switch_fraction,mean_spatial_var,sync_score,mean_dwell,mean_dwell,max_dwell"
98,0.18,0.9188981248748903,0.18,0.7656098373095557,"mean_clusters,mean_clusters,switching_rate,dominant_fraction,mean_dwell,sync_score,mean_spatial_var,mean_clusters,mean_cluster_count"
99,0.18,0.7149295033072889,0.18,0.7656098373095557,"sync_score,dominant_fraction,mean_cluster_count,mean_spatial_var,switching_rate,sync_score,max_dwell,dominant_fraction,mean_switch_fraction"
100,0.18,0.6707888975102668,0.18,0.7656098373095557,"sync_score,mean_switch_fraction,mean_spatial_var,mean_cluster_count,mean_dwell,mean_switch_fraction,mean_spatial_var,dominant_fraction,mean_dwell"
101,0.18,0.8357089046696836,0.18,0.7656098373095557,"mean_dwell,switching_rate,mean_spatial_var,mean_spatial_var,switching_rate,max_dwell,sync_score,mean_clusters,mean_spatial_var"
102,0.18,0.8300092359860016,0.18,0.7656098373095557,"sync_score,mean_clusters,mean_cluster_count,dominant_fraction,mean_clusters,mean_dwell,max_dwell,mean_spatial_var,max_dwell"
103,0.18,0.6972275727746886,0.18,0.7656098373095557,"mean_switch_fraction,mean_spatial_var,mean_spatial_var,mean_dwell,dominant_fraction,max_dwell,dominant_fraction,mean_clusters,max_dwell"
104,0.18,0.7554470890661368,0.18,0.7656098373095557,"mean_clusters,mean_clusters,mean_spatial_var,max_dwell,mean_switch_fraction,switching_rate,mean_spatial_var,mean_clusters,mean_spatial_var"
105,0.18,0.8154501117902596,0.18,0.7656098373095557,"mean_dwell,mean_spatial_var,dominant_fraction,sync_score,mean_dwell,sync_score,mean_cluster_count,mean_spatial_var,max_dwell"
106,0.18,0.8294730151118609,0.18,0.7656098373095557,"dominant_fraction,mean_spatial_var,sync_score,switching_rate,sync_score,mean_spatial_var,switching_rate,mean_spatial_var,mean_dwell"
107,0.18,0.8025150994648187,0.18,0.7656098373095557,"mean_clusters,mean_dwell,mean_switch_fraction,mean_clusters,mean_dwell,dominant_fraction,max_dwell,mean_dwell,dominant_fraction"
108,1.0,0.6500085907031161,0.18,0.7656098373095557,"mean_dwell,mean_switch_fraction,mean_cluster_count,mean_switch_fraction,mean_spatial_var,mean_dwell,mean_dwell,dominant_fraction,mean_switch_fraction"
109,0.18,0.6665582001772482,0.18,0.7656098373095557,"mean_spatial_var,mean_dwell,max_dwell,max_dwell,mean_switch_fraction,mean_clusters,mean_spatial_var,max_dwell,mean_spatial_var"
110,0.18,0.8965519869153693,0.18,0.7656098373095557,"max_dwell,sync_score,mean_spatial_var,switching_rate,mean_dwell,switching_rate,mean_cluster_count,switching_rate,switching_rate"
111,0.18,0.6928872039951902,0.18,0.7656098373095557,"mean_clusters,mean_clusters,mean_switch_fraction,mean_spatial_var,switching_rate,mean_dwell,sync_score,mean_switch_fraction,mean_spatial_var"
112,0.18,0.9558033870301532,0.18,0.7656098373095557,"dominant_fraction,mean_dwell,mean_clusters,mean_cluster_count,mean_cluster_count,switching_rate,mean_clusters,dominant_fraction,mean_cluster_count"
113,0.18,0.6422068699929233,0.18,0.7656098373095557,"mean_switch_fraction,sync_score,mean_cluster_count,mean_spatial_var,dominant_fraction,switching_rate,mean_switch_fraction,mean_spatial_var,sync_score"
114,0.18,0.7877081437944791,0.18,0.7656098373095557,"mean_switch_fraction,mean_dwell,sync_score,mean_dwell,mean_dwell,mean_cluster_count,max_dwell,mean_spatial_var,mean_clusters"
115,0.18,0.846959543909263,0.18,0.7656098373095557,"dominant_fraction,mean_switch_fraction,dominant_fraction,mean_cluster_count,mean_dwell,mean_dwell,mean_clusters,switching_rate,mean_dwell"
116,0.18,0.80712687715234,0.18,0.7656098373095557,"max_dwell,sync_score,switching_rate,mean_spatial_var,mean_dwell,sync_score,mean_spatial_var,mean_clusters,mean_spatial_var"
117,0.18,0.8035705607215798,0.18,0.7656098373095557,"switching_rate,switching_rate,mean_switch_fraction,mean_clusters,mean_dwell,sync_score,mean_spatial_var,mean_cluster_count,sync_score"
118,0.18,0.7656098373095558,0.18,0.7656098373095557,"mean_switch_fraction,mean_spatial_var,mean_cluster_count,mean_clusters,max_dwell,dominant_fraction,mean_cluster_count,switching_rate,sync_score"
119,0.18,0.6785604620261665,0.18,0.7656098373095557,"mean_cluster_count,mean_dwell,mean_switch_fraction,dominant_fraction,max_dwell,sync_score,sync_score,max_dwell,max_dwell"
120,0.18,0.9428359449653131,0.18,0.7656098373095557,"mean_cluster_count,mean_clusters,sync_score,switching_rate,mean_dwell,sync_score,switching_rate,mean_cluster_count,mean_dwell"
121,0.18,0.7276491138975314,0.18,0.7656098373095557,"max_dwell,mean_switch_fraction,max_dwell,dominant_fraction,switching_rate,dominant_fraction,mean_dwell,mean_clusters,mean_spatial_var"
122,0.18,0.6427430908670639,0.18,0.7656098373095557,"mean_cluster_count,sync_score,mean_switch_fraction,switching_rate,dominant_fraction,max_dwell,max_dwell,mean_switch_fraction,mean_clusters"
123,0.18,0.81653800278642,0.18,0.7656098373095557,"mean_cluster_count,mean_dwell,dominant_fraction,switching_rate,dominant_fraction,mean_clusters,switching_rate,mean_switch_fraction,mean_spatial_var"
124,0.18,0.8014272084686582,0.18,0.7656098373095557,"max_dwell,sync_score,max_dwell,sync_score,mean_cluster_count,mean_spatial_var,mean_dwell,dominant_fraction,switching_rate"
125,0.18,0.7388673233977117,0.18,0.7656098373095557,"sync_score,sync_score,switching_rate,mean_dwell,sync_score,max_dwell,dominant_fraction,mean_dwell,mean_switch_fraction"
126,0.18,0.6871875353115082,0.18,0.7656098373095557,"max_dwell,mean_clusters,mean_switch_fraction,mean_dwell,sync_score,dominant_fraction,mean_cluster_count,mean_switch_fraction,mean_clusters"
127,0.18,0.9207376384803898,0.18,0.7656098373095557,"mean_clusters,sync_score,mean_clusters,mean_cluster_count,mean_clusters,switching_rate,switching_rate,sync_score,dominant_fraction"
128,1.0,0.6442322266163553,0.18,0.7656098373095557,"sync_score,mean_clusters,sync_score,dominant_fraction,mean_switch_fraction,mean_cluster_count,mean_switch_fraction,mean_switch_fraction,max_dwell"
129,0.18,0.8216860013480821,0.18,0.7656098373095557,"mean_spatial_var,mean_dwell,switching_rate,switching_rate,sync_score,max_dwell,mean_spatial_var,mean_clusters,max_dwell"
130,0.18,0.7009065999856874,0.18,0.7656098373095557,"max_dwell,sync_score,switching_rate,sync_score,mean_switch_fraction,switching_rate,max_dwell,dominant_fraction,dominant_fraction"
131,0.18,0.8604307771088445,0.18,0.7656098373095557,"mean_clusters,max_dwell,mean_clusters,max_dwell,mean_clusters,mean_clusters,mean_dwell,dominant_fraction,sync_score"
132,0.18,0.7084457822748688,0.18,0.7656098373095557,"sync_score,sync_score,max_dwell,mean_switch_fraction,mean_spatial_var,mean_dwell,mean_clusters,dominant_fraction,sync_score"
133,0.18,0.773149019598737,0.18,0.7656098373095557,"mean_spatial_var,mean_clusters,mean_dwell,mean_switch_fraction,mean_spatial_var,switching_rate,mean_clusters,sync_score,sync_score"
134,0.18,0.9207376384803898,0.18,0.7656098373095557,"dominant_fraction,sync_score,switching_rate,mean_dwell,sync_score,mean_cluster_count,switching_rate,switching_rate,mean_dwell"
135,0.18,0.8467117124346655,0.18,0.7656098373095557,"switching_rate,mean_switch_fraction,switching_rate,mean_clusters,switching_rate,max_dwell,mean_clusters,switching_rate,mean_cluster_count"
136,0.18,0.746820015780795,0.18,0.7656098373095557,"mean_dwell,mean_spatial_var,mean_spatial_var,mean_spatial_var,max_dwell,max_dwell,sync_score,mean_dwell,max_dwell"
137,0.18,0.8965519869153693,0.18,0.7656098373095557,"mean_clusters,switching_rate,switching_rate,max_dwell,mean_dwell,mean_spatial_var,mean_dwell,sync_score,mean_clusters"
138,0.18,0.7951913189108356,0.18,0.7656098373095557,"sync_score,dominant_fraction,mean_cluster_count,sync_score,dominant_fraction,max_dwell,mean_spatial_var,mean_dwell,sync_score"
139,0.18,0.7591261162771356,0.18,0.7656098373095557,"mean_dwell,mean_clusters,mean_clusters,sync_score,sync_score,mean_switch_fraction,mean_spatial_var,max_dwell,mean_clusters"
140,0.18,0.7718457268673782,0.18,0.7656098373095557,"max_dwell,mean_cluster_count,mean_clusters,max_dwell,mean_dwell,mean_clusters,switching_rate,mean_switch_fraction,mean_spatial_var"
141,0.18,0.8682177908726234,0.18,0.7656098373095557,"mean_dwell,dominant_fraction,sync_score,mean_dwell,sync_score,mean_clusters,mean_clusters,mean_spatial_var,dominant_fraction"
142,0.18,0.7591261162771356,0.18,0.7656098373095557,"mean_dwell,sync_score,switching_rate,max_dwell,mean_spatial_var,sync_score,mean_switch_fraction,switching_rate,switching_rate"
143,0.18,0.8380846391493236,0.18,0.7656098373095557,"switching_rate,mean_cluster_count,mean_clusters,sync_score,max_dwell,switching_rate,max_dwell,max_dwell,switching_rate"
144,0.18,0.7814722542366564,0.18,0.7656098373095557,"sync_score,sync_score,dominant_fraction,mean_clusters,mean_clusters,mean_cluster_count,mean_spatial_var,mean_switch_fraction,mean_clusters"
145,0.18,0.9105748902369708,0.18,0.7656098373095557,"mean_dwell,mean_cluster_count,mean_clusters,mean_spatial_var,sync_score,mean_clusters,switching_rate,mean_clusters,mean_spatial_var"
146,0.18,0.6907438517422686,0.18,0.7656098373095557,"mean_spatial_var,mean_spatial_var,max_dwell,mean_switch_fraction,max_dwell,dominant_fraction,mean_clusters,mean_dwell,sync_score"
147,0.18,0.7307919202343895,0.18,0.7656098373095557,"sync_score,dominant_fraction,sync_score,sync_score,mean_dwell,mean_spatial_var,mean_clusters,dominant_fraction,mean_switch_fraction"
148,0.18,0.7518907726353765,0.18,0.7656098373095557,"mean_cluster_count,mean_dwell,mean_switch_fraction,mean_cluster_count,switching_rate,switching_rate,mean_switch_fraction,mean_spatial_var,switching_rate"
149,0.18,0.8965519869153693,0.18,0.7656098373095557,"max_dwell,switching_rate,sync_score,mean_cluster_count,mean_cluster_count,switching_rate,mean_dwell,switching_rate,mean_spatial_var"
150,0.18,0.8986393319954663,0.18,0.7656098373095557,"mean_cluster_count,dominant_fraction,switching_rate,mean_cluster_count,switching_rate,sync_score,sync_score,dominant_fraction,mean_clusters"
151,0.18,0.7877081437944792,0.18,0.7656098373095557,"mean_cluster_count,mean_dwell,mean_switch_fraction,mean_dwell,mean_spatial_var,mean_cluster_count,max_dwell,sync_score,mean_dwell"
152,1.0,0.6031602829783654,0.18,0.7656098373095557,"max_dwell,mean_cluster_count,mean_clusters,mean_switch_fraction,mean_switch_fraction,mean_spatial_var,mean_spatial_var,mean_cluster_count,mean_switch_fraction"
153,0.18,0.8598945562347038,0.18,0.7656098373095557,"sync_score,sync_score,mean_clusters,switching_rate,mean_spatial_var,mean_clusters,dominant_fraction,mean_spatial_var,switching_rate"
154,0.18,0.6466032459452465,0.18,0.7656098373095557,"mean_switch_fraction,mean_spatial_var,mean_spatial_var,switching_rate,mean_spatial_var,switching_rate,switching_rate,mean_switch_fraction,max_dwell"
155,0.18,0.6567659941886653,0.18,0.7656098373095557,"max_dwell,sync_score,switching_rate,mean_spatial_var,mean_switch_fraction,mean_clusters,mean_switch_fraction,mean_cluster_count,dominant_fraction"
156,0.18,0.8321525882389235,0.18,0.7656098373095557,"mean_spatial_var,mean_switch_fraction,mean_clusters,mean_cluster_count,switching_rate,mean_dwell,mean_cluster_count,switching_rate,sync_score"
157,0.18,0.7230049064706108,0.18,0.7656098373095557,"sync_score,max_dwell,sync_score,mean_clusters,mean_switch_fraction,max_dwell,switching_rate,mean_cluster_count,dominant_fraction"
158,0.18,0.7510507131138137,0.18,0.7656098373095557,"mean_spatial_var,sync_score,switching_rate,mean_switch_fraction,mean_dwell,mean_spatial_var,sync_score,dominant_fraction,mean_dwell"
159,0.18,0.6586055077941648,0.18,0.7656098373095557,"mean_switch_fraction,dominant_fraction,max_dwell,sync_score,mean_dwell,mean_switch_fraction,sync_score,mean_dwell,mean_dwell"
160,0.18,0.8983915005208688,0.18,0.7656098373095557,"mean_dwell,sync_score,mean_dwell,max_dwell,mean_clusters,mean_clusters,sync_score,mean_cluster_count,switching_rate"
161,0.18,0.6144649019971428,0.18,0.7656098373095557,"switching_rate,mean_spatial_var,mean_switch_fraction,mean_switch_fraction,mean_dwell,sync_score,switching_rate,mean_switch_fraction,mean_cluster_count"
162,1.0,0.6128157512189389,0.18,0.7656098373095557,"max_dwell,mean_switch_fraction,mean_spatial_var,mean_clusters,mean_switch_fraction,mean_dwell,max_dwell,mean_switch_fraction,mean_clusters"
163,0.18,0.7801689615052978,0.18,0.7656098373095557,"dominant_fraction,max_dwell,switching_rate,mean_clusters,max_dwell,mean_switch_fraction,mean_cluster_count,mean_dwell,mean_cluster_count"
164,0.18,0.6907438517422686,0.18,0.7656098373095557,"mean_spatial_var,switching_rate,dominant_fraction,sync_score,mean_spatial_var,switching_rate,max_dwell,mean_switch_fraction,max_dwell"
165,0.18,0.5678771052997768,0.18,0.7656098373095557,"max_dwell,max_dwell,max_dwell,mean_switch_fraction,sync_score,mean_dwell,mean_switch_fraction,dominant_fraction,mean_spatial_var"
166,0.18,0.7920485125739775,0.18,0.7656098373095557,"dominant_fraction,max_dwell,switching_rate,max_dwell,mean_cluster_count,mean_spatial_var,max_dwell,mean_clusters,dominant_fraction"
167,0.18,0.70714248954351,0.18,0.7656098373095557,"dominant_fraction,max_dwell,max_dwell,mean_cluster_count,mean_clusters,mean_dwell,mean_switch_fraction,max_dwell,sync_score"
168,0.18,0.7351882961867129,0.18,0.7656098373095557,"mean_dwell,dominant_fraction,max_dwell,sync_score,mean_switch_fraction,mean_spatial_var,switching_rate,mean_cluster_count,mean_spatial_var"
169,0.18,0.7720935583419757,0.18,0.7656098373095557,"max_dwell,dominant_fraction,switching_rate,mean_clusters,mean_cluster_count,mean_dwell,mean_switch_fraction,mean_spatial_var,dominant_fraction"
170,0.18,0.6632497152210854,0.18,0.7656098373095557,"mean_switch_fraction,mean_dwell,dominant_fraction,mean_switch_fraction,max_dwell,mean_clusters,dominant_fraction,mean_dwell,mean_spatial_var"
171,0.18,0.8967998183899668,0.18,0.7656098373095557,"mean_clusters,switching_rate,sync_score,dominant_fraction,mean_dwell,mean_spatial_var,mean_clusters,switching_rate,dominant_fraction"
172,0.18,0.8240211779027766,0.18,0.7656098373095557,"dominant_fraction,mean_spatial_var,dominant_fraction,sync_score,dominant_fraction,mean_cluster_count,dominant_fraction,sync_score,mean_cluster_count"
173,0.18,0.8318487495915011,0.18,0.7656098373095557,"sync_score,switching_rate,mean_clusters,mean_clusters,dominant_fraction,mean_clusters,max_dwell,sync_score,max_dwell"
174,0.18,0.6707888975102668,0.18,0.7656098373095557,"mean_spatial_var,mean_switch_fraction,mean_clusters,mean_cluster_count,mean_clusters,dominant_fraction,mean_switch_fraction,sync_score,mean_spatial_var"
175,1.0,0.6857282664812038,0.18,0.7656098373095557,"mean_spatial_var,dominant_fraction,mean_cluster_count,max_dwell,mean_switch_fraction,mean_switch_fraction,mean_cluster_count,switching_rate,mean_switch_fraction"
176,0.18,0.6871875353115082,0.18,0.7656098373095557,"mean_switch_fraction,switching_rate,max_dwell,dominant_fraction,mean_switch_fraction,sync_score,mean_dwell,mean_dwell,mean_dwell"
177,0.18,0.7214692315125337,0.18,0.7656098373095557,"mean_switch_fraction,mean_spatial_var,switching_rate,mean_cluster_count,mean_dwell,mean_cluster_count,mean_switch_fraction,mean_spatial_var,switching_rate"
178,0.18,0.9124144038424701,0.18,0.7656098373095557,"mean_spatial_var,switching_rate,switching_rate,switching_rate,sync_score,sync_score,mean_dwell,mean_dwell,mean_clusters"
179,0.18,0.8983915005208688,0.18,0.7656098373095557,"mean_clusters,mean_dwell,mean_cluster_count,mean_clusters,mean_clusters,mean_cluster_count,max_dwell,sync_score,sync_score"
180,0.18,0.7432636993500348,0.18,0.7656098373095557,"mean_spatial_var,max_dwell,switching_rate,max_dwell,mean_cluster_count,mean_switch_fraction,sync_score,switching_rate,mean_dwell"
181,0.18,0.7432636993500348,0.18,0.7656098373095557,"mean_switch_fraction,mean_dwell,max_dwell,sync_score,mean_spatial_var,switching_rate,mean_clusters,mean_clusters,max_dwell"
182,0.18,0.7858686301889797,0.18,0.7656098373095557,"mean_clusters,mean_spatial_var,max_dwell,mean_clusters,mean_clusters,mean_spatial_var,switching_rate,mean_switch_fraction,mean_dwell"
183,0.18,0.7676971823896526,0.18,0.7656098373095557,"dominant_fraction,sync_score,dominant_fraction,mean_dwell,mean_switch_fraction,sync_score,mean_dwell,mean_cluster_count,dominant_fraction"
184,0.18,0.7572866026716362,0.18,0.7656098373095557,"mean_spatial_var,mean_cluster_count,sync_score,max_dwell,mean_switch_fraction,mean_cluster_count,mean_spatial_var,switching_rate,switching_rate"
185,0.18,0.6328281740982427,0.18,0.7656098373095557,"mean_spatial_var,dominant_fraction,mean_spatial_var,max_dwell,mean_clusters,mean_switch_fraction,dominant_fraction,mean_dwell,mean_switch_fraction"
186,1.0,0.7942687733050432,0.18,0.7656098373095557,"mean_switch_fraction,dominant_fraction,switching_rate,mean_cluster_count,mean_switch_fraction,mean_switch_fraction,switching_rate,dominant_fraction,mean_clusters"
187,0.18,0.685348021706009,0.18,0.7656098373095557,"switching_rate,mean_switch_fraction,mean_spatial_var,mean_cluster_count,mean_cluster_count,switching_rate,mean_switch_fraction,dominant_fraction,max_dwell"
188,0.18,0.7497474203824549,0.18,0.7656098373095557,"max_dwell,mean_switch_fraction,mean_cluster_count,mean_spatial_var,mean_cluster_count,dominant_fraction,mean_cluster_count,mean_clusters,max_dwell"
189,0.18,0.7801689615052978,0.18,0.7656098373095557,"switching_rate,mean_clusters,max_dwell,dominant_fraction,mean_switch_fraction,mean_clusters,mean_dwell,mean_dwell,max_dwell"
190,0.18,0.7074463281909322,0.18,0.7656098373095557,"mean_dwell,max_dwell,mean_dwell,mean_switch_fraction,switching_rate,mean_spatial_var,mean_clusters,mean_clusters,mean_switch_fraction"
191,1.0,0.7221161133081776,0.18,0.7656098373095557,"mean_switch_fraction,max_dwell,dominant_fraction,max_dwell,mean_switch_fraction,mean_switch_fraction,mean_clusters,dominant_fraction,sync_score"
192,0.18,0.7977481812576593,0.18,0.7656098373095557,"dominant_fraction,mean_clusters,mean_spatial_var,max_dwell,mean_clusters,mean_spatial_var,max_dwell,mean_dwell,mean_spatial_var"
193,0.18,0.8661304457925264,0.18,0.7656098373095557,"mean_dwell,mean_dwell,switching_rate,switching_rate,mean_spatial_var,mean_dwell,mean_spatial_var,sync_score,max_dwell"
194,0.18,0.760214007273296,0.18,0.7656098373095557,"mean_dwell,switching_rate,switching_rate,mean_cluster_count,mean_cluster_count,mean_dwell,mean_switch_fraction,dominant_fraction,mean_switch_fraction"
195,0.18,0.6871875353115082,0.18,0.7656098373095557,"max_dwell,mean_switch_fraction,mean_switch_fraction,dominant_fraction,switching_rate,mean_dwell,mean_dwell,mean_dwell,sync_score"
196,0.18,0.9105748902369706,0.18,0.7656098373095557,"mean_dwell,mean_spatial_var,mean_dwell,sync_score,mean_cluster_count,mean_dwell,mean_dwell,mean_spatial_var,mean_dwell"
197,0.18,0.7012104386331096,0.18,0.7656098373095557,"mean_switch_fraction,sync_score,mean_cluster_count,mean_spatial_var,mean_cluster_count,mean_cluster_count,mean_switch_fraction,switching_rate,dominant_fraction"
198,0.18,0.8625741293617663,0.18,0.7656098373095557,"mean_cluster_count,mean_dwell,mean_clusters,sync_score,mean_switch_fraction,mean_clusters,switching_rate,switching_rate,mean_clusters"
199,0.18,0.7289524066288903,0.18,0.7656098373095557,"mean_spatial_var,switching_rate,mean_dwell,sync_score,mean_switch_fraction,dominant_fraction,sync_score,dominant_fraction,mean_spatial_var"
200,0.18,0.8362451255438242,0.18,0.7656098373095557,"mean_cluster_count,max_dwell,max_dwell,mean_cluster_count,mean_cluster_count,switching_rate,max_dwell,mean_spatial_var,mean_dwell"
201,0.18,0.7768280468097358,0.18,0.7656098373095557,"mean_clusters,sync_score,mean_clusters,mean_switch_fraction,mean_cluster_count,sync_score,sync_score,mean_dwell,sync_score"
202,0.18,0.6769687798952647,0.18,0.7656098373095557,"dominant_fraction,dominant_fraction,mean_spatial_var,mean_cluster_count,dominant_fraction,max_dwell,mean_switch_fraction,max_dwell,sync_score"
203,0.18,0.8585912635033452,0.18,0.7656098373095557,"switching_rate,max_dwell,mean_spatial_var,mean_cluster_count,mean_clusters,dominant_fraction,mean_clusters,max_dwell,mean_cluster_count"
204,0.18,0.8539470560764245,0.18,0.7656098373095557,"sync_score,mean_dwell,sync_score,mean_cluster_count,switching_rate,mean_dwell,mean_cluster_count,max_dwell,max_dwell"
205,0.18,0.8380846391493236,0.18,0.7656098373095557,"sync_score,max_dwell,mean_clusters,max_dwell,mean_clusters,mean_cluster_count,mean_dwell,mean_dwell,max_dwell"
206,0.18,0.7414241857445353,0.18,0.7656098373095557,"switching_rate,mean_cluster_count,mean_switch_fraction,switching_rate,max_dwell,mean_spatial_var,mean_cluster_count,max_dwell,mean_spatial_var"
207,0.18,0.5772558011944576,0.18,0.7656098373095557,"mean_dwell,mean_switch_fraction,max_dwell,mean_spatial_var,mean_switch_fraction,sync_score,sync_score,max_dwell,sync_score"
208,0.18,0.7012104386331096,0.18,0.7656098373095557,"switching_rate,mean_cluster_count,mean_switch_fraction,dominant_fraction,mean_spatial_var,mean_dwell,mean_switch_fraction,sync_score,mean_clusters"
209,0.18,0.7268650615487933,0.18,0.7656098373095557,"mean_spatial_var,switching_rate,mean_spatial_var,mean_cluster_count,mean_switch_fraction,max_dwell,mean_clusters,mean_spatial_var,sync_score"
210,0.18,0.860678608583442,0.18,0.7656098373095557,"mean_clusters,max_dwell,dominant_fraction,dominant_fraction,mean_cluster_count,sync_score,dominant_fraction,mean_cluster_count,switching_rate"
211,0.18,0.8617340698402034,0.18,0.7656098373095557,"mean_spatial_var,sync_score,sync_score,switching_rate,dominant_fraction,switching_rate,mean_dwell,sync_score,switching_rate"
212,0.18,0.7455988759047292,0.18,0.7656098373095557,"sync_score,dominant_fraction,mean_switch_fraction,dominant_fraction,dominant_fraction,switching_rate,sync_score,dominant_fraction,switching_rate"
213,1.0,0.5638989298117423,0.18,0.7656098373095557,"mean_switch_fraction,sync_score,mean_switch_fraction,sync_score,switching_rate,mean_spatial_var,mean_switch_fraction,switching_rate,mean_switch_fraction"
214,0.18,0.8380846391493236,0.18,0.7656098373095557,"mean_clusters,max_dwell,mean_cluster_count,mean_cluster_count,switching_rate,max_dwell,mean_clusters,max_dwell,sync_score"
215,0.18,0.854194887551022,0.18,0.7656098373095557,"mean_clusters,sync_score,mean_dwell,mean_cluster_count,max_dwell,dominant_fraction,dominant_fraction,mean_cluster_count,sync_score"
216,0.18,0.6448864431199857,0.18,0.7656098373095557,"mean_clusters,mean_dwell,sync_score,switching_rate,mean_switch_fraction,mean_switch_fraction,switching_rate,mean_switch_fraction,switching_rate"
217,0.18,0.8949603047844674,0.18,0.7656098373095557,"mean_spatial_var,mean_spatial_var,switching_rate,dominant_fraction,dominant_fraction,mean_clusters,mean_cluster_count,switching_rate,mean_clusters"
218,0.18,0.8884765837520474,0.18,0.7656098373095557,"mean_clusters,mean_spatial_var,dominant_fraction,sync_score,switching_rate,mean_spatial_var,mean_cluster_count,mean_cluster_count,mean_cluster_count"
219,0.18,0.6632497152210854,0.18,0.7656098373095557,"mean_dwell,mean_dwell,dominant_fraction,mean_switch_fraction,mean_switch_fraction,mean_spatial_var,switching_rate,dominant_fraction,max_dwell"
220,0.18,0.7128421582271919,0.18,0.7656098373095557,"max_dwell,max_dwell,mean_cluster_count,sync_score,mean_switch_fraction,switching_rate,mean_clusters,mean_spatial_var,mean_spatial_var"
221,0.18,0.7877081437944791,0.18,0.7656098373095557,"switching_rate,switching_rate,mean_spatial_var,switching_rate,mean_switch_fraction,sync_score,mean_clusters,max_dwell,mean_clusters"
222,0.18,0.6079251737918979,0.18,0.7656098373095557,"sync_score,sync_score,dominant_fraction,sync_score,mean_switch_fraction,mean_switch_fraction,mean_dwell,dominant_fraction,max_dwell"
223,0.18,0.8604307771088445,0.18,0.7656098373095557,"mean_dwell,sync_score,max_dwell,mean_clusters,max_dwell,mean_dwell,mean_cluster_count,mean_clusters,dominant_fraction"
224,0.18,0.8058235844209813,0.18,0.7656098373095557,"mean_cluster_count,switching_rate,max_dwell,max_dwell,mean_clusters,mean_spatial_var,mean_cluster_count,max_dwell,mean_spatial_var"
225,1.0,0.6779175699630031,0.18,0.7656098373095557,"mean_clusters,max_dwell,max_dwell,max_dwell,mean_switch_fraction,dominant_fraction,mean_clusters,mean_switch_fraction,mean_cluster_count"
226,1.0,0.6969485826443801,0.18,0.7656098373095557,"dominant_fraction,mean_switch_fraction,dominant_fraction,dominant_fraction,mean_switch_fraction,mean_dwell,switching_rate,mean_spatial_var,mean_dwell"
227,0.18,0.8165380027864201,0.18,0.7656098373095557,"mean_clusters,mean_spatial_var,mean_clusters,mean_cluster_count,dominant_fraction,dominant_fraction,mean_cluster_count,mean_switch_fraction,mean_cluster_count"
228,1.0,0.7523949331478704,0.18,0.7656098373095557,"dominant_fraction,switching_rate,mean_switch_fraction,mean_cluster_count,mean_spatial_var,dominant_fraction,mean_cluster_count,mean_switch_fraction,dominant_fraction"
229,0.18,0.6567659941886654,0.18,0.7656098373095557,"mean_spatial_var,mean_switch_fraction,max_dwell,sync_score,switching_rate,dominant_fraction,mean_switch_fraction,mean_clusters,mean_dwell"
230,0.18,0.7720935583419757,0.18,0.7656098373095557,"mean_switch_fraction,mean_spatial_var,dominant_fraction,switching_rate,switching_rate,max_dwell,dominant_fraction,mean_cluster_count,mean_dwell"
231,0.18,0.6322765039762229,0.18,0.7656098373095557,"max_dwell,mean_switch_fraction,max_dwell,sync_score,mean_spatial_var,dominant_fraction,max_dwell,mean_clusters,max_dwell"
232,0.18,0.7941918648268992,0.18,0.7656098373095557,"max_dwell,mean_switch_fraction,switching_rate,mean_clusters,mean_spatial_var,dominant_fraction,mean_clusters,mean_cluster_count,mean_dwell"
233,0.18,0.8025150994648187,0.18,0.7656098373095557,"mean_cluster_count,mean_clusters,switching_rate,max_dwell,mean_dwell,dominant_fraction,dominant_fraction,mean_cluster_count,mean_switch_fraction"
234,0.18,0.7432636993500348,0.18,0.7656098373095557,"switching_rate,mean_switch_fraction,mean_dwell,max_dwell,mean_clusters,max_dwell,sync_score,mean_clusters,mean_spatial_var"
235,0.18,0.8967998183899668,0.18,0.7656098373095557,"dominant_fraction,dominant_fraction,switching_rate,mean_clusters,mean_cluster_count,sync_score,mean_spatial_var,switching_rate,switching_rate"
236,0.18,0.5681809439471991,0.18,0.7656098373095557,"mean_dwell,mean_spatial_var,mean_dwell,mean_switch_fraction,mean_switch_fraction,mean_switch_fraction,max_dwell,mean_clusters,mean_spatial_var"
237,0.18,0.7944396963014966,0.18,0.7656098373095557,"switching_rate,switching_rate,mean_switch_fraction,mean_spatial_var,dominant_fraction,mean_dwell,dominant_fraction,mean_cluster_count,dominant_fraction"
238,1.0,0.6953837347217774,0.18,0.7656098373095557,"mean_clusters,max_dwell,mean_switch_fraction,mean_dwell,mean_switch_fraction,max_dwell,mean_switch_fraction,switching_rate,mean_switch_fraction"
239,0.18,0.8515713215967844,0.18,0.7656098373095557,"switching_rate,mean_spatial_var,mean_spatial_var,mean_dwell,mean_dwell,sync_score,mean_clusters,sync_score,mean_spatial_var"
240,0.18,0.81653800278642,0.18,0.7656098373095557,"mean_switch_fraction,dominant_fraction,mean_clusters,mean_dwell,mean_dwell,mean_cluster_count,dominant_fraction,mean_spatial_var,mean_cluster_count"
241,0.18,0.8607346157562668,0.18,0.7656098373095557,"mean_cluster_count,mean_dwell,mean_cluster_count,switching_rate,mean_dwell,mean_spatial_var,mean_clusters,mean_switch_fraction,mean_clusters"
242,0.18,0.9030357079477894,0.18,0.7656098373095557,"mean_cluster_count,mean_clusters,switching_rate,mean_spatial_var,switching_rate,mean_dwell,dominant_fraction,max_dwell,switching_rate"
243,0.18,0.7435115308246324,0.18,0.7656098373095557,"dominant_fraction,mean_spatial_var,mean_switch_fraction,sync_score,mean_clusters,mean_clusters,max_dwell,mean_clusters,dominant_fraction"
244,0.18,0.7414241857445354,0.18,0.7656098373095557,"mean_clusters,mean_switch_fraction,mean_spatial_var,switching_rate,max_dwell,mean_dwell,mean_spatial_var,max_dwell,mean_clusters"
245,1.0,0.6501943947112578,0.18,0.7656098373095557,"max_dwell,mean_switch_fraction,dominant_fraction,mean_dwell,mean_switch_fraction,mean_cluster_count,max_dwell,max_dwell,mean_clusters"
246,0.18,0.7297924661504531,0.18,0.7656098373095557,"dominant_fraction,mean_switch_fraction,mean_dwell,mean_spatial_var,switching_rate,switching_rate,mean_dwell,mean_clusters,mean_switch_fraction"
247,0.18,0.7497474203824548,0.18,0.7656098373095557,"mean_switch_fraction,mean_spatial_var,max_dwell,max_dwell,switching_rate,dominant_fraction,mean_cluster_count,switching_rate,switching_rate"
248,0.18,0.7572866026716363,0.18,0.7656098373095557,"mean_spatial_var,mean_spatial_var,mean_switch_fraction,sync_score,switching_rate,mean_dwell,max_dwell,mean_clusters,switching_rate"
249,0.18,0.6201085635079999,0.18,0.7656098373095557,"sync_score,mean_switch_fraction,dominant_fraction,mean_spatial_var,mean_switch_fraction,dominant_fraction,mean_spatial_var,mean_clusters,sync_score"
250,0.18,0.6014414527594778,0.18,0.7656098373095557,"sync_score,sync_score,dominant_fraction,sync_score,mean_switch_fraction,mean_dwell,mean_switch_fraction,sync_score,max_dwell"
251,0.18,0.8032667220741576,0.18,0.7656098373095557,"sync_score,switching_rate,max_dwell,dominant_fraction,mean_clusters,sync_score,sync_score,mean_clusters,max_dwell"
252,0.18,0.7739330719474752,0.18,0.7656098373095557,"mean_clusters,dominant_fraction,mean_clusters,sync_score,switching_rate,dominant_fraction,switching_rate,max_dwell,mean_switch_fraction"
253,0.18,0.7739330719474752,0.18,0.7656098373095557,"max_dwell,switching_rate,mean_clusters,mean_dwell,mean_switch_fraction,dominant_fraction,switching_rate,dominant_fraction,sync_score"
254,0.18,0.5996019391539784,0.18,0.7656098373095557,"sync_score,mean_spatial_var,max_dwell,mean_switch_fraction,mean_dwell,sync_score,sync_score,mean_switch_fraction,dominant_fraction"
255,0.18,0.7012104386331096,0.18,0.7656098373095557,"mean_dwell,mean_switch_fraction,mean_dwell,dominant_fraction,mean_spatial_var,mean_switch_fraction,mean_cluster_count,sync_score,mean_dwell"
256,0.18,0.7591261162771356,0.18,0.7656098373095557,"sync_score,mean_switch_fraction,mean_cluster_count,mean_spatial_var,switching_rate,switching_rate,sync_score,mean_cluster_count,max_dwell"
257,0.18,0.7572866026716362,0.18,0.7656098373095557,"mean_dwell,mean_switch_fraction,mean_spatial_var,sync_score,mean_cluster_count,mean_cluster_count,max_dwell,mean_spatial_var,mean_cluster_count"
258,0.18,0.6523696182363422,0.18,0.7656098373095557,"dominant_fraction,sync_score,sync_score,sync_score,mean_clusters,mean_dwell,dominant_fraction,mean_switch_fraction,mean_switch_fraction"
259,0.18,0.9493196659977331,0.18,0.7656098373095557,"mean_cluster_count,mean_dwell,mean_clusters,mean_dwell,dominant_fraction,switching_rate,switching_rate,mean_dwell,sync_score"
260,0.18,0.7591261162771357,0.18,0.7656098373095557,"sync_score,mean_spatial_var,max_dwell,mean_switch_fraction,switching_rate,sync_score,mean_clusters,switching_rate,switching_rate"
261,0.18,0.8079109295010783,0.18,0.7656098373095557,"mean_spatial_var,mean_dwell,sync_score,mean_dwell,dominant_fraction,max_dwell,mean_dwell,dominant_fraction,max_dwell"
262,1.0,0.7054549412066067,0.18,0.7656098373095557,"mean_switch_fraction,mean_switch_fraction,mean_dwell,mean_switch_fraction,mean_cluster_count,mean_spatial_var,dominant_fraction,mean_cluster_count,mean_cluster_count"
263,0.18,0.7432636993500348,0.18,0.7656098373095557,"max_dwell,mean_dwell,mean_switch_fraction,mean_spatial_var,max_dwell,switching_rate,sync_score,mean_dwell,switching_rate"
264,0.18,0.8604307771088445,0.18,0.7656098373095557,"max_dwell,dominant_fraction,max_dwell,switching_rate,sync_score,switching_rate,mean_clusters,switching_rate,mean_clusters"
265,0.18,0.8118937953594993,0.18,0.7656098373095557,"mean_dwell,dominant_fraction,switching_rate,mean_clusters,mean_clusters,mean_clusters,sync_score,mean_switch_fraction,sync_score"
266,0.18,0.6263444530658224,0.18,0.7656098373095557,"mean_spatial_var,max_dwell,mean_switch_fraction,switching_rate,dominant_fraction,switching_rate,mean_spatial_var,mean_switch_fraction,sync_score"
267,0.18,0.844032139307603,0.18,0.7656098373095557,"mean_clusters,mean_clusters,max_dwell,sync_score,mean_spatial_var,dominant_fraction,switching_rate,mean_dwell,mean_spatial_var"
268,0.18,0.8947124733098701,0.18,0.7656098373095557,"mean_spatial_var,switching_rate,switching_rate,mean_clusters,mean_dwell,mean_clusters,max_dwell,mean_spatial_var,mean_cluster_count"
269,0.18,0.9030357079477894,0.18,0.7656098373095557,"switching_rate,mean_cluster_count,switching_rate,mean_spatial_var,mean_cluster_count,switching_rate,dominant_fraction,mean_cluster_count,max_dwell"
270,0.18,0.7432636993500348,0.18,0.7656098373095557,"mean_cluster_count,mean_dwell,max_dwell,max_dwell,mean_switch_fraction,mean_cluster_count,mean_cluster_count,sync_score,mean_spatial_var"
271,0.18,0.8967998183899668,0.18,0.7656098373095557,"switching_rate,mean_dwell,dominant_fraction,mean_dwell,mean_spatial_var,dominant_fraction,mean_dwell,sync_score,mean_clusters"
272,0.18,0.9170586112693909,0.18,0.7656098373095557,"mean_cluster_count,switching_rate,mean_clusters,mean_spatial_var,switching_rate,dominant_fraction,switching_rate,mean_cluster_count,mean_spatial_var"
273,0.18,0.7839731094106556,0.18,0.7656098373095557,"dominant_fraction,switching_rate,mean_spatial_var,switching_rate,mean_spatial_var,max_dwell,max_dwell,dominant_fraction,dominant_fraction"
274,0.18,0.7877081437944791,0.18,0.7656098373095557,"mean_dwell,switching_rate,switching_rate,max_dwell,mean_spatial_var,sync_score,switching_rate,mean_cluster_count,mean_switch_fraction"
275,0.18,0.8216860013480822,0.18,0.7656098373095557,"switching_rate,mean_clusters,mean_spatial_var,max_dwell,switching_rate,mean_spatial_var,mean_cluster_count,sync_score,max_dwell"
276,0.18,0.6889043381367691,0.18,0.7656098373095557,"max_dwell,mean_switch_fraction,mean_cluster_count,switching_rate,mean_spatial_var,dominant_fraction,mean_spatial_var,max_dwell,mean_spatial_var"
277,0.18,0.6934234248693308,0.18,0.7656098373095557,"mean_clusters,switching_rate,mean_switch_fraction,mean_switch_fraction,max_dwell,mean_dwell,max_dwell,switching_rate,mean_dwell"
278,1.0,0.7266113099730316,0.18,0.7656098373095557,"switching_rate,max_dwell,mean_switch_fraction,dominant_fraction,mean_cluster_count,sync_score,mean_switch_fraction,mean_switch_fraction,mean_switch_fraction"
279,0.18,0.8404758228768429,0.18,0.7656098373095557,"dominant_fraction,sync_score,mean_dwell,mean_dwell,switching_rate,mean_switch_fraction,mean_clusters,mean_dwell,mean_cluster_count"
280,0.18,0.7634664850566341,0.18,0.7656098373095557,"max_dwell,mean_spatial_var,dominant_fraction,mean_dwell,sync_score,max_dwell,max_dwell,mean_dwell,dominant_fraction"
281,0.18,0.6632497152210856,0.18,0.7656098373095557,"mean_switch_fraction,dominant_fraction,mean_spatial_var,mean_switch_fraction,mean_clusters,dominant_fraction,max_dwell,switching_rate,mean_dwell"
282,0.18,0.8949603047844674,0.18,0.7656098373095557,"dominant_fraction,dominant_fraction,mean_clusters,mean_cluster_count,switching_rate,mean_spatial_var,mean_clusters,mean_cluster_count,mean_spatial_var"
283,0.18,0.7858686301889797,0.18,0.7656098373095557,"mean_spatial_var,switching_rate,mean_cluster_count,mean_dwell,mean_spatial_var,mean_clusters,mean_switch_fraction,max_dwell,mean_dwell"
284,0.18,0.6788643006735887,0.18,0.7656098373095557,"mean_dwell,mean_switch_fraction,sync_score,mean_clusters,mean_spatial_var,mean_switch_fraction,mean_dwell,mean_cluster_count,max_dwell"
285,1.0,0.6953837347217774,0.18,0.7656098373095557,"max_dwell,mean_switch_fraction,mean_switch_fraction,mean_dwell,mean_cluster_count,switching_rate,dominant_fraction,mean_switch_fraction,max_dwell"
286,0.18,0.7133783791013326,0.18,0.7656098373095557,"max_dwell,max_dwell,mean_dwell,mean_switch_fraction,max_dwell,max_dwell,mean_cluster_count,mean_dwell,switching_rate"
287,0.18,0.8362451255438244,0.18,0.7656098373095557,"max_dwell,max_dwell,mean_clusters,mean_spatial_var,mean_dwell,max_dwell,mean_clusters,mean_cluster_count,mean_clusters"
288,0.18,0.8060714158955788,0.18,0.7656098373095557,"dominant_fraction,switching_rate,mean_cluster_count,max_dwell,dominant_fraction,mean_spatial_var,max_dwell,mean_spatial_var,mean_dwell"
289,0.18,0.7739330719474752,0.18,0.7656098373095557,"mean_clusters,mean_clusters,max_dwell,switching_rate,mean_switch_fraction,dominant_fraction,sync_score,mean_dwell,dominant_fraction"
290,0.18,0.9428359449653131,0.18,0.7656098373095557,"mean_clusters,mean_cluster_count,sync_score,mean_dwell,mean_clusters,mean_clusters,mean_clusters,mean_cluster_count,sync_score"
291,0.18,0.9493196659977331,0.18,0.7656098373095557,"switching_rate,mean_cluster_count,switching_rate,sync_score,dominant_fraction,mean_dwell,mean_cluster_count,mean_cluster_count,switching_rate"
292,0.18,0.7230049064706108,0.18,0.7656098373095557,"max_dwell,mean_switch_fraction,switching_rate,sync_score,mean_clusters,switching_rate,sync_score,dominant_fraction,max_dwell"
293,0.18,0.6907438517422686,0.18,0.7656098373095557,"max_dwell,mean_switch_fraction,sync_score,mean_clusters,mean_spatial_var,dominant_fraction,mean_spatial_var,mean_clusters,max_dwell"
294,0.18,0.9428359449653131,0.18,0.7656098373095557,"mean_cluster_count,mean_clusters,switching_rate,sync_score,mean_clusters,mean_dwell,mean_cluster_count,mean_clusters,sync_score"
295,0.18,0.7297924661504531,0.18,0.7656098373095557,"mean_dwell,mean_dwell,mean_cluster_count,mean_switch_fraction,mean_clusters,mean_clusters,mean_spatial_var,dominant_fraction,mean_switch_fraction"
296,1.0,0.6796713180317677,0.18,0.7656098373095557,"mean_cluster_count,max_dwell,sync_score,mean_clusters,mean_dwell,mean_switch_fraction,mean_switch_fraction,mean_switch_fraction,mean_switch_fraction"
297,0.18,0.7370278097922122,0.18,0.7656098373095557,"mean_switch_fraction,dominant_fraction,mean_spatial_var,mean_cluster_count,max_dwell,mean_dwell,sync_score,sync_score,mean_cluster_count"
298,0.18,0.8523553739455226,0.18,0.7656098373095557,"dominant_fraction,max_dwell,mean_spatial_var,mean_dwell,sync_score,mean_dwell,dominant_fraction,mean_clusters,mean_cluster_count"
299,0.18,0.874453680430446,0.18,0.7656098373095557,"switching_rate,sync_score,switching_rate,mean_spatial_var,dominant_fraction,max_dwell,mean_clusters,mean_cluster_count,mean_clusters"
300,0.18,0.8598945562347039,0.18,0.7656098373095557,"dominant_fraction,sync_score,mean_spatial_var,mean_cluster_count,switching_rate,mean_spatial_var,switching_rate,mean_cluster_count,sync_score"
301,0.18,0.7962792099069961,0.18,0.7656098373095557,"switching_rate,sync_score,dominant_fraction,dominant_fraction,switching_rate,switching_rate,mean_switch_fraction,mean_cluster_count,dominant_fraction"
302,0.18,0.8585912635033451,0.18,0.7656098373095557,"max_dwell,mean_dwell,max_dwell,mean_dwell,dominant_fraction,mean_clusters,mean_clusters,mean_spatial_var,mean_clusters"
303,1.0,0.6237456966255531,0.18,0.7656098373095557,"switching_rate,mean_switch_fraction,mean_switch_fraction,max_dwell,mean_switch_fraction,switching_rate,mean_clusters,mean_clusters,sync_score"
304,0.18,0.9051230530278863,0.18,0.7656098373095557,"mean_clusters,dominant_fraction,mean_dwell,sync_score,switching_rate,switching_rate,dominant_fraction,dominant_fraction,mean_dwell"
305,0.18,0.6484427595507458,0.18,0.7656098373095557,"mean_spatial_var,mean_clusters,mean_dwell,mean_clusters,sync_score,max_dwell,mean_switch_fraction,mean_switch_fraction,mean_spatial_var"
306,0.18,0.8165380027864201,0.18,0.7656098373095557,"switching_rate,dominant_fraction,mean_switch_fraction,mean_spatial_var,mean_cluster_count,dominant_fraction,switching_rate,mean_clusters,mean_clusters"
307,0.18,0.6648413973519873,0.18,0.7656098373095557,"mean_cluster_count,mean_clusters,max_dwell,sync_score,mean_switch_fraction,mean_clusters,mean_switch_fraction,mean_clusters,max_dwell"
308,0.18,0.7780256092523761,0.18,0.7656098373095557,"max_dwell,dominant_fraction,max_dwell,dominant_fraction,max_dwell,mean_cluster_count,mean_clusters,max_dwell,mean_cluster_count"
309,1.0,0.6847374698158588,0.18,0.7656098373095557,"dominant_fraction,dominant_fraction,mean_switch_fraction,mean_spatial_var,max_dwell,sync_score,mean_cluster_count,mean_switch_fraction,dominant_fraction"
310,0.18,0.8892606361007857,0.18,0.7656098373095557,"mean_dwell,dominant_fraction,dominant_fraction,dominant_fraction,switching_rate,mean_cluster_count,switching_rate,switching_rate,max_dwell"
311,0.18,0.6141610633497205,0.18,0.7656098373095557,"mean_dwell,mean_clusters,max_dwell,dominant_fraction,mean_switch_fraction,mean_switch_fraction,sync_score,sync_score,max_dwell"
312,0.18,0.7214692315125337,0.18,0.7656098373095557,"mean_dwell,mean_spatial_var,mean_switch_fraction,mean_clusters,mean_spatial_var,mean_switch_fraction,mean_dwell,mean_dwell,mean_clusters"
313,0.18,0.8035705607215798,0.18,0.7656098373095557,"mean_clusters,mean_dwell,sync_score,switching_rate,mean_dwell,mean_cluster_count,sync_score,mean_switch_fraction,mean_spatial_var"
314,0.18,0.7656098373095558,0.18,0.7656098373095557,"mean_spatial_var,mean_switch_fraction,sync_score,switching_rate,mean_cluster_count,dominant_fraction,mean_clusters,mean_clusters,max_dwell"
315,0.18,0.818129684917322,0.18,0.7656098373095557,"sync_score,mean_clusters,mean_cluster_count,mean_dwell,mean_switch_fraction,switching_rate,switching_rate,mean_clusters,max_dwell"
316,1.0,0.6841665146966218,0.18,0.7656098373095557,"mean_switch_fraction,mean_dwell,dominant_fraction,mean_clusters,mean_switch_fraction,mean_switch_fraction,switching_rate,sync_score,mean_cluster_count"
317,0.18,0.8014272084686582,0.18,0.7656098373095557,"switching_rate,max_dwell,sync_score,dominant_fraction,sync_score,mean_spatial_var,max_dwell,mean_clusters,mean_cluster_count"
318,0.18,0.7316319797559525,0.18,0.7656098373095557,"mean_dwell,switching_rate,mean_cluster_count,dominant_fraction,sync_score,mean_switch_fraction,mean_switch_fraction,mean_dwell,mean_dwell"
319,0.18,0.7855647915415575,0.18,0.7656098373095557,"max_dwell,mean_spatial_var,max_dwell,dominant_fraction,mean_dwell,sync_score,mean_clusters,max_dwell,mean_cluster_count"
320,0.18,0.8339921018444227,0.18,0.7656098373095557,"mean_cluster_count,mean_switch_fraction,sync_score,mean_dwell,switching_rate,sync_score,mean_dwell,switching_rate,mean_cluster_count"
321,0.18,0.9334572490706324,0.18,0.7656098373095557,"switching_rate,mean_clusters,max_dwell,mean_clusters,mean_dwell,switching_rate,mean_dwell,mean_dwell,dominant_fraction"
322,0.18,0.8165380027864201,0.18,0.7656098373095557,"mean_cluster_count,mean_cluster_count,switching_rate,mean_spatial_var,dominant_fraction,mean_switch_fraction,dominant_fraction,mean_clusters,mean_clusters"
323,0.18,0.8362451255438244,0.18,0.7656098373095557,"mean_spatial_var,mean_clusters,max_dwell,mean_cluster_count,switching_rate,switching_rate,max_dwell,mean_clusters,max_dwell"
324,0.18,0.9207376384803898,0.18,0.7656098373095557,"sync_score,dominant_fraction,sync_score,mean_cluster_count,switching_rate,mean_clusters,switching_rate,mean_clusters,mean_clusters"
325,0.18,0.6632497152210854,0.18,0.7656098373095557,"max_dwell,switching_rate,dominant_fraction,dominant_fraction,mean_switch_fraction,mean_dwell,mean_switch_fraction,mean_spatial_var,mean_clusters"
326,0.18,0.7193258792596119,0.18,0.7656098373095557,"mean_switch_fraction,mean_cluster_count,mean_dwell,switching_rate,dominant_fraction,mean_spatial_var,max_dwell,mean_spatial_var,max_dwell"
327,0.18,0.7271128930233909,0.18,0.7656098373095557,"mean_spatial_var,switching_rate,mean_spatial_var,mean_spatial_var,sync_score,mean_cluster_count,mean_switch_fraction,dominant_fraction,dominant_fraction"
328,0.18,0.8183775163919195,0.18,0.7656098373095557,"dominant_fraction,dominant_fraction,sync_score,mean_switch_fraction,mean_cluster_count,mean_dwell,mean_cluster_count,mean_dwell,mean_dwell"
329,0.18,0.699067086380188,0.18,0.7656098373095557,"sync_score,dominant_fraction,max_dwell,max_dwell,mean_switch_fraction,switching_rate,mean_spatial_var,dominant_fraction,mean_dwell"
330,0.18,0.8393879318806824,0.18,0.7656098373095557,"mean_clusters,mean_clusters,mean_spatial_var,sync_score,mean_cluster_count,switching_rate,sync_score,max_dwell,sync_score"
331,0.18,0.8458716529131025,0.18,0.7656098373095557,"mean_dwell,mean_dwell,mean_cluster_count,sync_score,sync_score,max_dwell,mean_spatial_var,dominant_fraction,mean_clusters"
332,0.18,0.7157695628288517,0.18,0.7656098373095557,"dominant_fraction,mean_dwell,max_dwell,mean_switch_fraction,mean_cluster_count,mean_switch_fraction,mean_clusters,mean_dwell,mean_clusters"
333,0.18,0.7895476573999785,0.18,0.7656098373095557,"switching_rate,sync_score,mean_dwell,switching_rate,sync_score,max_dwell,mean_clusters,mean_cluster_count,mean_switch_fraction"
334,0.18,0.7674493509150551,0.18,0.7656098373095557,"switching_rate,dominant_fraction,sync_score,mean_clusters,switching_rate,sync_score,max_dwell,switching_rate,mean_switch_fraction"
335,1.0,0.6796713180317678,0.18,0.7656098373095557,"mean_clusters,mean_dwell,mean_switch_fraction,sync_score,dominant_fraction,mean_switch_fraction,dominant_fraction,mean_cluster_count,max_dwell"
336,1.0,0.6180708031491922,0.18,0.7656098373095557,"mean_switch_fraction,mean_clusters,mean_switch_fraction,sync_score,dominant_fraction,max_dwell,max_dwell,mean_switch_fraction,mean_spatial_var"
337,1.0,0.7638010533191883,0.18,0.7656098373095557,"mean_switch_fraction,dominant_fraction,switching_rate,mean_switch_fraction,max_dwell,mean_switch_fraction,mean_clusters,dominant_fraction,max_dwell"
338,0.18,0.9555555555555557,0.18,0.7656098373095557,"mean_dwell,mean_dwell,switching_rate,mean_clusters,switching_rate,mean_cluster_count,max_dwell,switching_rate,mean_clusters"
339,0.18,0.6427430908670639,0.18,0.7656098373095557,"mean_clusters,switching_rate,max_dwell,mean_switch_fraction,sync_score,mean_switch_fraction,dominant_fraction,mean_cluster_count,max_dwell"
340,0.18,0.6484427595507459,0.18,0.7656098373095557,"switching_rate,mean_switch_fraction,mean_clusters,max_dwell,mean_spatial_var,mean_cluster_count,mean_spatial_var,sync_score,mean_switch_fraction"
341,0.18,0.7092858417964316,0.18,0.7656098373095557,"switching_rate,mean_switch_fraction,max_dwell,mean_clusters,sync_score,mean_switch_fraction,mean_clusters,switching_rate,switching_rate"
342,0.18,0.8682177908726234,0.18,0.7656098373095557,"sync_score,switching_rate,mean_clusters,dominant_fraction,dominant_fraction,sync_score,mean_dwell,mean_spatial_var,mean_clusters"
343,0.18,0.7012104386331096,0.18,0.7656098373095557,"mean_cluster_count,mean_clusters,mean_switch_fraction,sync_score,dominant_fraction,mean_spatial_var,mean_cluster_count,mean_switch_fraction,mean_clusters"
344,0.18,0.7370278097922122,0.18,0.7656098373095557,"mean_dwell,mean_spatial_var,mean_clusters,sync_score,max_dwell,dominant_fraction,mean_switch_fraction,sync_score,switching_rate"
345,0.18,0.721413224339709,0.18,0.7656098373095557,"dominant_fraction,sync_score,mean_spatial_var,dominant_fraction,max_dwell,dominant_fraction,mean_dwell,mean_switch_fraction,mean_cluster_count"
346,0.18,0.7497474203824548,0.18,0.7656098373095557,"max_dwell,mean_cluster_count,mean_clusters,dominant_fraction,mean_clusters,max_dwell,mean_switch_fraction,mean_dwell,mean_spatial_var"
347,0.18,0.7146816718326913,0.18,0.7656098373095557,"max_dwell,mean_clusters,sync_score,mean_switch_fraction,mean_clusters,max_dwell,sync_score,mean_spatial_var,mean_cluster_count"
348,0.18,0.7092858417964316,0.18,0.7656098373095557,"mean_switch_fraction,switching_rate,sync_score,switching_rate,mean_switch_fraction,mean_clusters,max_dwell,mean_clusters,switching_rate"
349,0.18,0.8819928627196273,0.18,0.7656098373095557,"sync_score,mean_cluster_count,mean_spatial_var,mean_cluster_count,sync_score,mean_spatial_var,switching_rate,mean_cluster_count,switching_rate"
350,0.18,0.8025150994648187,0.18,0.7656098373095557,"mean_clusters,max_dwell,mean_clusters,mean_clusters,dominant_fraction,mean_clusters,dominant_fraction,mean_switch_fraction,switching_rate"
351,0.18,0.7858686301889796,0.18,0.7656098373095557,"mean_switch_fraction,switching_rate,switching_rate,switching_rate,mean_clusters,max_dwell,mean_dwell,mean_spatial_var,mean_spatial_var"
352,0.18,0.7895476573999785,0.18,0.7656098373095557,"switching_rate,sync_score,mean_dwell,mean_switch_fraction,mean_cluster_count,switching_rate,max_dwell,sync_score,mean_clusters"
353,0.18,0.8367407884930192,0.18,0.7656098373095557,"mean_cluster_count,mean_dwell,dominant_fraction,dominant_fraction,mean_spatial_var,dominant_fraction,mean_cluster_count,dominant_fraction,max_dwell"
354,0.18,0.8383324706239211,0.18,0.7656098373095557,"switching_rate,dominant_fraction,mean_clusters,mean_clusters,max_dwell,dominant_fraction,max_dwell,sync_score,mean_cluster_count"
355,0.18,0.7492111995083142,0.18,0.7656098373095557,"mean_clusters,mean_spatial_var,mean_dwell,mean_switch_fraction,mean_spatial_var,sync_score,mean_dwell,mean_spatial_var,dominant_fraction"
356,0.18,0.7230049064706108,0.18,0.7656098373095557,"max_dwell,max_dwell,dominant_fraction,mean_clusters,sync_score,mean_switch_fraction,switching_rate,sync_score,mean_clusters"
357,0.18,0.6567659941886653,0.18,0.7656098373095557,"mean_switch_fraction,mean_cluster_count,sync_score,max_dwell,mean_switch_fraction,mean_spatial_var,mean_clusters,mean_cluster_count,dominant_fraction"
358,0.18,0.80357056072158,0.18,0.7656098373095557,"sync_score,mean_spatial_var,mean_cluster_count,sync_score,mean_clusters,mean_cluster_count,mean_dwell,switching_rate,mean_switch_fraction"
359,0.18,0.7292407960284334,0.18,0.7656098373095557,"mean_cluster_count,max_dwell,max_dwell,mean_switch_fraction,max_dwell,switching_rate,sync_score,mean_cluster_count,mean_cluster_count"
360,0.18,0.9474801523922339,0.18,0.7656098373095557,"mean_clusters,mean_dwell,mean_spatial_var,mean_cluster_count,mean_dwell,mean_cluster_count,mean_cluster_count,switching_rate,dominant_fraction"
361,0.18,0.6964435204259504,0.18,0.7656098373095557,"mean_spatial_var,max_dwell,sync_score,switching_rate,mean_spatial_var,mean_switch_fraction,mean_spatial_var,mean_spatial_var,mean_clusters"
362,0.18,0.7351882961867128,0.18,0.7656098373095557,"switching_rate,switching_rate,mean_switch_fraction,sync_score,mean_spatial_var,mean_clusters,mean_spatial_var,max_dwell,dominant_fraction"
363,0.18,0.7572866026716363,0.18,0.7656098373095557,"mean_dwell,max_dwell,mean_switch_fraction,mean_cluster_count,mean_spatial_var,mean_clusters,mean_clusters,mean_spatial_var,sync_score"
364,0.18,0.8017310471160806,0.18,0.7656098373095557,"mean_switch_fraction,mean_spatial_var,mean_spatial_var,switching_rate,mean_dwell,mean_cluster_count,switching_rate,sync_score,switching_rate"
365,0.18,0.634667687703742,0.18,0.7656098373095557,"mean_cluster_count,dominant_fraction,switching_rate,mean_spatial_var,mean_switch_fraction,dominant_fraction,max_dwell,mean_switch_fraction,sync_score"
366,0.18,0.7497474203824548,0.18,0.7656098373095557,"mean_cluster_count,dominant_fraction,mean_switch_fraction,mean_dwell,mean_dwell,max_dwell,mean_spatial_var,mean_dwell,max_dwell"
367,0.18,0.7811684155892342,0.18,0.7656098373095557,"mean_dwell,max_dwell,mean_dwell,sync_score,max_dwell,dominant_fraction,sync_score,dominant_fraction,sync_score"
368,0.18,0.6770247870680894,0.18,0.7656098373095557,"mean_spatial_var,mean_switch_fraction,max_dwell,mean_dwell,switching_rate,mean_switch_fraction,switching_rate,mean_dwell,mean_spatial_var"
369,1.0,0.6700158497911942,0.18,0.7656098373095557,"mean_clusters,mean_clusters,mean_switch_fraction,mean_spatial_var,mean_switch_fraction,sync_score,mean_clusters,mean_switch_fraction,mean_switch_fraction"
370,0.18,0.7297364589776284,0.18,0.7656098373095557,"mean_switch_fraction,mean_dwell,mean_clusters,dominant_fraction,sync_score,max_dwell,dominant_fraction,dominant_fraction,dominant_fraction"
371,0.18,0.760214007273296,0.18,0.7656098373095557,"mean_switch_fraction,mean_clusters,mean_dwell,mean_cluster_count,dominant_fraction,mean_dwell,mean_clusters,switching_rate,mean_switch_fraction"
372,0.18,0.8235255149535816,0.18,0.7656098373095557,"mean_spatial_var,mean_dwell,switching_rate,sync_score,max_dwell,mean_clusters,sync_score,mean_cluster_count,max_dwell"
373,1.0,0.7688061080199265,0.18,0.7656098373095557,"dominant_fraction,mean_clusters,mean_cluster_count,mean_switch_fraction,mean_cluster_count,mean_switch_fraction,mean_dwell,mean_switch_fraction,mean_clusters"
374,0.18,0.8467117124346655,0.18,0.7656098373095557,"switching_rate,switching_rate,mean_clusters,mean_dwell,mean_cluster_count,max_dwell,mean_clusters,mean_switch_fraction,switching_rate"
375,0.18,0.8580550426292045,0.18,0.7656098373095557,"mean_dwell,mean_cluster_count,mean_dwell,mean_spatial_var,switching_rate,dominant_fraction,sync_score,mean_spatial_var,mean_spatial_var"
376,0.18,0.7554470890661368,0.18,0.7656098373095557,"mean_dwell,max_dwell,mean_switch_fraction,mean_spatial_var,mean_cluster_count,mean_spatial_var,mean_clusters,mean_cluster_count,mean_spatial_var"
377,0.18,0.7287045751542928,0.18,0.7656098373095557,"mean_dwell,mean_dwell,sync_score,mean_spatial_var,sync_score,max_dwell,mean_spatial_var,mean_switch_fraction,switching_rate"
378,0.18,0.8216860013480821,0.18,0.7656098373095557,"mean_spatial_var,mean_dwell,max_dwell,sync_score,mean_dwell,mean_cluster_count,mean_clusters,max_dwell,mean_spatial_var"
379,0.18,0.7451032129555342,0.18,0.7656098373095557,"max_dwell,mean_dwell,sync_score,switching_rate,mean_clusters,mean_cluster_count,max_dwell,mean_switch_fraction,sync_score"
380,0.18,0.5858828744797993,0.18,0.7656098373095557,"sync_score,mean_switch_fraction,mean_switch_fraction,mean_dwell,mean_clusters,mean_spatial_var,mean_switch_fraction,switching_rate,sync_score"
381,0.18,0.8467117124346655,0.18,0.7656098373095557,"switching_rate,max_dwell,mean_clusters,switching_rate,mean_cluster_count,mean_switch_fraction,switching_rate,mean_cluster_count,switching_rate"
382,0.18,0.6079251737918979,0.18,0.7656098373095557,"sync_score,switching_rate,max_dwell,mean_switch_fraction,sync_score,dominant_fraction,dominant_fraction,sync_score,mean_switch_fraction"
383,0.18,0.746406505686893,0.18,0.7656098373095557,"sync_score,mean_switch_fraction,sync_score,mean_clusters,mean_spatial_var,mean_clusters,sync_score,sync_score,mean_cluster_count"
384,1.0,0.5498423846979433,0.18,0.7656098373095557,"mean_switch_fraction,mean_switch_fraction,max_dwell,mean_switch_fraction,sync_score,max_dwell,mean_cluster_count,mean_dwell,sync_score"
385,0.18,0.7230049064706108,0.18,0.7656098373095557,"switching_rate,sync_score,max_dwell,mean_switch_fraction,dominant_fraction,mean_clusters,sync_score,mean_clusters,max_dwell"
386,0.18,0.844032139307603,0.18,0.7656098373095557,"mean_clusters,sync_score,mean_cluster_count,switching_rate,switching_rate,max_dwell,mean_spatial_var,dominant_fraction,mean_spatial_var"
387,0.18,0.6791121321481863,0.18,0.7656098373095557,"mean_dwell,mean_switch_fraction,mean_cluster_count,dominant_fraction,mean_spatial_var,dominant_fraction,mean_switch_fraction,mean_cluster_count,sync_score"
388,0.18,0.6832046694530872,0.18,0.7656098373095557,"mean_spatial_var,mean_switch_fraction,mean_dwell,dominant_fraction,dominant_fraction,max_dwell,max_dwell,mean_dwell,max_dwell"
389,0.18,0.7515869339879543,0.18,0.7656098373095557,"mean_clusters,mean_switch_fraction,mean_dwell,dominant_fraction,max_dwell,mean_cluster_count,mean_dwell,sync_score,max_dwell"
390,1.0,0.8631653628051783,0.18,0.7656098373095557,"mean_dwell,dominant_fraction,dominant_fraction,mean_switch_fraction,dominant_fraction,mean_dwell,dominant_fraction,mean_switch_fraction,mean_switch_fraction"
391,0.02,0.5725999288529126,0.18,0.7656098373095557,"sync_score,sync_score,mean_switch_fraction,dominant_fraction,sync_score,sync_score,mean_spatial_var,max_dwell,mean_switch_fraction"
392,0.18,0.7720935583419757,0.18,0.7656098373095557,"mean_dwell,mean_spatial_var,dominant_fraction,switching_rate,switching_rate,dominant_fraction,mean_clusters,mean_switch_fraction,max_dwell"
393,0.18,0.6683977137827477,0.18,0.7656098373095557,"mean_spatial_var,mean_cluster_count,max_dwell,max_dwell,max_dwell,mean_spatial_var,mean_switch_fraction,switching_rate,sync_score"
394,0.18,0.6144649019971428,0.18,0.7656098373095557,"sync_score,mean_cluster_count,mean_switch_fraction,mean_dwell,mean_cluster_count,mean_spatial_var,mean_switch_fraction,mean_dwell,mean_switch_fraction"
395,0.18,0.7092858417964316,0.18,0.7656098373095557,"mean_dwell,switching_rate,sync_score,mean_switch_fraction,max_dwell,mean_clusters,mean_dwell,mean_dwell,mean_switch_fraction"
396,0.18,0.7076941596655298,0.18,0.7656098373095557,"mean_clusters,dominant_fraction,mean_spatial_var,mean_clusters,dominant_fraction,mean_cluster_count,mean_switch_fraction,mean_switch_fraction,mean_dwell"
397,0.18,0.8762931940359454,0.18,0.7656098373095557,"switching_rate,mean_cluster_count,mean_dwell,max_dwell,mean_clusters,mean_dwell,dominant_fraction,sync_score,sync_score"
398,0.18,0.6928872039951902,0.18,0.7656098373095557,"mean_spatial_var,mean_switch_fraction,mean_dwell,mean_clusters,mean_clusters,mean_spatial_var,mean_switch_fraction,sync_score,mean_cluster_count"
399,0.18,0.8183775163919195,0.18,0.7656098373095557,"mean_clusters,dominant_fraction,mean_switch_fraction,mean_clusters,sync_score,mean_clusters,dominant_fraction,mean_cluster_count,mean_clusters"
400,0.18,0.7720935583419757,0.18,0.7656098373095557,"mean_switch_fraction,switching_rate,dominant_fraction,switching_rate,mean_spatial_var,mean_dwell,max_dwell,dominant_fraction,mean_clusters"
401,1.0,0.618070803149192,0.18,0.7656098373095557,"max_dwell,dominant_fraction,mean_switch_fraction,max_dwell,mean_switch_fraction,mean_spatial_var,sync_score,dominant_fraction,mean_clusters"
402,0.18,0.9334572490706322,0.18,0.7656098373095557,"mean_cluster_count,mean_clusters,dominant_fraction,switching_rate,mean_cluster_count,max_dwell,switching_rate,mean_dwell,mean_cluster_count"
403,0.18,0.880937401462866,0.18,0.7656098373095557,"dominant_fraction,mean_clusters,dominant_fraction,mean_cluster_count,switching_rate,mean_dwell,mean_spatial_var,max_dwell,mean_clusters"
404,0.18,0.6362593698346439,0.18,0.7656098373095557,"mean_clusters,sync_score,mean_clusters,mean_switch_fraction,switching_rate,sync_score,max_dwell,mean_switch_fraction,max_dwell"
405,0.18,0.9188981248748903,0.18,0.7656098373095557,"mean_clusters,dominant_fraction,mean_spatial_var,mean_dwell,switching_rate,mean_dwell,mean_cluster_count,switching_rate,sync_score"
406,0.18,0.8022672679902212,0.18,0.7656098373095557,"switching_rate,max_dwell,switching_rate,mean_clusters,mean_clusters,switching_rate,max_dwell,switching_rate,mean_switch_fraction"
407,0.18,0.7445669920813935,0.18,0.7656098373095557,"mean_spatial_var,mean_dwell,mean_spatial_var,sync_score,mean_cluster_count,mean_cluster_count,sync_score,mean_switch_fraction,sync_score"
408,1.0,0.5140254929902065,0.18,0.7656098373095557,"mean_spatial_var,mean_clusters,sync_score,max_dwell,mean_switch_fraction,max_dwell,mean_switch_fraction,mean_switch_fraction,mean_spatial_var"
409,0.18,0.7580706550203744,0.18,0.7656098373095557,"max_dwell,dominant_fraction,max_dwell,switching_rate,dominant_fraction,mean_switch_fraction,switching_rate,mean_clusters,mean_cluster_count"
410,0.18,0.618021218427903,0.18,0.7656098373095557,"switching_rate,mean_switch_fraction,mean_switch_fraction,max_dwell,mean_spatial_var,mean_spatial_var,sync_score,mean_dwell,mean_spatial_var"
411,0.18,0.7451032129555342,0.18,0.7656098373095557,"mean_switch_fraction,sync_score,mean_clusters,switching_rate,sync_score,max_dwell,switching_rate,mean_dwell,max_dwell"
412,0.18,0.880937401462866,0.18,0.7656098373095557,"mean_spatial_var,switching_rate,dominant_fraction,mean_clusters,mean_clusters,switching_rate,max_dwell,mean_clusters,dominant_fraction"
413,0.18,0.8294730151118609,0.18,0.7656098373095557,"sync_score,mean_cluster_count,dominant_fraction,mean_clusters,sync_score,mean_spatial_var,mean_dwell,mean_spatial_var,mean_spatial_var"
414,0.18,0.7251482587235325,0.18,0.7656098373095557,"mean_cluster_count,mean_switch_fraction,mean_cluster_count,mean_cluster_count,mean_switch_fraction,mean_cluster_count,mean_cluster_count,sync_score,sync_score"
415,0.18,0.7739330719474752,0.18,0.7656098373095557,"mean_dwell,max_dwell,mean_cluster_count,dominant_fraction,mean_cluster_count,sync_score,dominant_fraction,mean_switch_fraction,mean_clusters"
416,0.18,0.8726141668249465,0.18,0.7656098373095557,"max_dwell,dominant_fraction,mean_cluster_count,mean_clusters,mean_spatial_var,switching_rate,switching_rate,mean_spatial_var,mean_cluster_count"
417,0.18,0.8965519869153693,0.18,0.7656098373095557,"mean_spatial_var,switching_rate,switching_rate,max_dwell,sync_score,mean_cluster_count,switching_rate,switching_rate,mean_dwell"
418,0.18,0.8661304457925264,0.18,0.7656098373095557,"mean_clusters,mean_dwell,mean_spatial_var,sync_score,mean_cluster_count,mean_spatial_var,mean_dwell,max_dwell,mean_cluster_count"
419,0.18,0.818129684917322,0.18,0.7656098373095557,"mean_cluster_count,sync_score,switching_rate,switching_rate,max_dwell,mean_cluster_count,mean_switch_fraction,mean_dwell,mean_clusters"
420,0.18,0.8682177908726234,0.18,0.7656098373095557,"dominant_fraction,mean_cluster_count,mean_spatial_var,mean_clusters,mean_dwell,sync_score,sync_score,switching_rate,dominant_fraction"
421,0.18,0.8022672679902212,0.18,0.7656098373095557,"max_dwell,mean_dwell,switching_rate,mean_cluster_count,switching_rate,switching_rate,max_dwell,mean_dwell,mean_switch_fraction"
422,0.18,0.6946707104278649,0.18,0.7656098373095557,"dominant_fraction,dominant_fraction,sync_score,max_dwell,dominant_fraction,mean_dwell,sync_score,sync_score,mean_switch_fraction"
423,0.18,0.8404758228768429,0.18,0.7656098373095557,"switching_rate,switching_rate,switching_rate,sync_score,switching_rate,mean_cluster_count,mean_switch_fraction,dominant_fraction,mean_dwell"
424,0.18,0.8302570674605991,0.18,0.7656098373095557,"mean_clusters,dominant_fraction,sync_score,mean_cluster_count,mean_spatial_var,max_dwell,mean_cluster_count,dominant_fraction,dominant_fraction"
425,0.18,0.5858828744797993,0.18,0.7656098373095557,"mean_dwell,switching_rate,sync_score,mean_spatial_var,mean_switch_fraction,mean_switch_fraction,switching_rate,mean_switch_fraction,sync_score"
426,0.18,0.7877081437944792,0.18,0.7656098373095557,"max_dwell,mean_switch_fraction,mean_spatial_var,mean_clusters,mean_clusters,mean_dwell,mean_dwell,sync_score,mean_dwell"
427,0.18,0.8726141668249465,0.18,0.7656098373095557,"switching_rate,mean_dwell,max_dwell,mean_clusters,dominant_fraction,mean_spatial_var,mean_clusters,mean_spatial_var,mean_clusters"
428,0.18,0.8383324706239211,0.18,0.7656098373095557,"switching_rate,mean_clusters,dominant_fraction,switching_rate,mean_cluster_count,dominant_fraction,sync_score,max_dwell,max_dwell"
429,1.0,0.6452230232817002,0.18,0.7656098373095557,"mean_switch_fraction,sync_score,max_dwell,mean_clusters,mean_clusters,switching_rate,mean_switch_fraction,mean_cluster_count,mean_switch_fraction"
430,1.0,0.8027445447341096,0.18,0.7656098373095557,"mean_switch_fraction,dominant_fraction,mean_switch_fraction,mean_dwell,dominant_fraction,max_dwell,dominant_fraction,dominant_fraction,switching_rate"
431,0.18,0.7499952518570523,0.18,0.7656098373095557,"switching_rate,mean_switch_fraction,dominant_fraction,max_dwell,mean_spatial_var,mean_clusters,mean_cluster_count,dominant_fraction,dominant_fraction"
432,1.0,0.5142143931363687,0.18,0.7656098373095557,"mean_cluster_count,mean_spatial_var,mean_switch_fraction,mean_switch_fraction,sync_score,max_dwell,mean_switch_fraction,sync_score,max_dwell"
433,0.18,0.7572866026716363,0.18,0.7656098373095557,"mean_switch_fraction,mean_dwell,switching_rate,switching_rate,mean_spatial_var,mean_spatial_var,mean_dwell,sync_score,max_dwell"
434,0.18,0.7962792099069961,0.18,0.7656098373095557,"mean_switch_fraction,dominant_fraction,sync_score,dominant_fraction,mean_cluster_count,switching_rate,mean_dwell,dominant_fraction,mean_cluster_count"
435,0.18,0.830313074633424,0.18,0.7656098373095557,"mean_cluster_count,mean_switch_fraction,mean_dwell,mean_spatial_var,mean_spatial_var,mean_clusters,mean_cluster_count,mean_clusters,mean_clusters"
436,0.18,0.8339921018444227,0.18,0.7656098373095557,"mean_dwell,mean_dwell,sync_score,mean_clusters,mean_clusters,mean_clusters,sync_score,mean_switch_fraction,mean_cluster_count"
437,0.18,0.8136105981847602,0.18,0.7656098373095557,"dominant_fraction,max_dwell,mean_spatial_var,sync_score,mean_dwell,mean_dwell,mean_cluster_count,mean_spatial_var,mean_spatial_var"
438,0.18,0.9493196659977331,0.18,0.7656098373095557,"mean_cluster_count,mean_cluster_count,mean_dwell,mean_cluster_count,sync_score,switching_rate,mean_dwell,switching_rate,dominant_fraction"
439,0.18,0.7066062686693694,0.18,0.7656098373095557,"mean_switch_fraction,mean_spatial_var,dominant_fraction,mean_spatial_var,sync_score,max_dwell,sync_score,mean_cluster_count,switching_rate"
440,0.18,0.8027629309394162,0.18,0.7656098373095557,"mean_switch_fraction,dominant_fraction,mean_clusters,mean_clusters,mean_dwell,dominant_fraction,dominant_fraction,dominant_fraction,mean_dwell"
441,0.18,0.7515869339879543,0.18,0.7656098373095557,"mean_dwell,sync_score,dominant_fraction,max_dwell,mean_switch_fraction,mean_dwell,max_dwell,mean_dwell,mean_dwell"
442,0.18,0.8607346157562669,0.18,0.7656098373095557,"mean_spatial_var,mean_switch_fraction,mean_cluster_count,mean_clusters,switching_rate,mean_cluster_count,switching_rate,mean_clusters,switching_rate"
443,0.18,0.7656098373095558,0.18,0.7656098373095557,"mean_dwell,mean_switch_fraction,switching_rate,dominant_fraction,mean_spatial_var,sync_score,mean_clusters,mean_dwell,max_dwell"
444,0.18,0.7146816718326913,0.18,0.7656098373095557,"sync_score,max_dwell,mean_dwell,mean_cluster_count,max_dwell,mean_cluster_count,mean_spatial_var,sync_score,mean_switch_fraction"
445,0.18,0.789795488874576,0.18,0.7656098373095557,"sync_score,mean_switch_fraction,sync_score,mean_clusters,dominant_fraction,mean_clusters,mean_dwell,dominant_fraction,switching_rate"
446,0.18,0.9251340144327129,0.18,0.7656098373095557,"switching_rate,mean_spatial_var,switching_rate,switching_rate,max_dwell,mean_cluster_count,mean_dwell,mean_dwell,mean_clusters"
447,1.0,0.7478997364830166,0.18,0.7656098373095557,"mean_cluster_count,mean_clusters,mean_switch_fraction,max_dwell,mean_switch_fraction,mean_switch_fraction,dominant_fraction,mean_spatial_var,dominant_fraction"
448,0.18,0.7287045751542928,0.18,0.7656098373095557,"mean_dwell,max_dwell,mean_spatial_var,switching_rate,mean_switch_fraction,mean_spatial_var,mean_dwell,sync_score,sync_score"
449,0.18,0.825365028559081,0.18,0.7656098373095557,"mean_dwell,max_dwell,switching_rate,sync_score,max_dwell,sync_score,sync_score,mean_clusters,switching_rate"
450,0.18,0.7012104386331096,0.18,0.7656098373095557,"mean_dwell,switching_rate,mean_switch_fraction,mean_cluster_count,dominant_fraction,mean_switch_fraction,mean_clusters,mean_spatial_var,sync_score"
451,1.0,0.7410829327681814,0.18,0.7656098373095557,"mean_switch_fraction,mean_switch_fraction,mean_switch_fraction,mean_dwell,mean_cluster_count,dominant_fraction,mean_dwell,mean_clusters,mean_clusters"
452,1.0,0.6208153478833018,0.18,0.7656098373095557,"mean_switch_fraction,mean_spatial_var,mean_switch_fraction,switching_rate,mean_cluster_count,sync_score,mean_switch_fraction,dominant_fraction,mean_dwell"
453,0.18,0.829473015111861,0.18,0.7656098373095557,"mean_spatial_var,mean_clusters,mean_spatial_var,sync_score,sync_score,mean_clusters,mean_spatial_var,dominant_fraction,switching_rate"
454,1.0,0.8372234266173374,0.18,0.7656098373095557,"mean_cluster_count,dominant_fraction,mean_cluster_count,mean_switch_fraction,mean_cluster_count,mean_clusters,mean_switch_fraction,dominant_fraction,dominant_fraction"
455,0.18,0.8744536804304459,0.18,0.7656098373095557,"switching_rate,max_dwell,sync_score,mean_cluster_count,switching_rate,mean_spatial_var,mean_clusters,switching_rate,dominant_fraction"
456,0.18,0.9493196659977331,0.18,0.7656098373095557,"mean_clusters,switching_rate,switching_rate,mean_cluster_count,mean_cluster_count,switching_rate,mean_clusters,sync_score,dominant_fraction"
457,0.18,0.8505158603400231,0.18,0.7656098373095557,"mean_dwell,mean_spatial_var,max_dwell,dominant_fraction,switching_rate,switching_rate,dominant_fraction,mean_spatial_var,switching_rate"
458,1.0,0.6477366266158642,0.18,0.7656098373095557,"mean_switch_fraction,sync_score,dominant_fraction,mean_switch_fraction,sync_score,sync_score,mean_switch_fraction,mean_cluster_count,dominant_fraction"
459,0.18,0.8890128046261879,0.18,0.7656098373095557,"switching_rate,mean_dwell,max_dwell,mean_cluster_count,mean_cluster_count,max_dwell,mean_dwell,dominant_fraction,mean_clusters"
460,0.18,0.773149019598737,0.18,0.7656098373095557,"mean_spatial_var,mean_spatial_var,sync_score,mean_switch_fraction,sync_score,mean_clusters,switching_rate,mean_cluster_count,mean_clusters"
461,0.18,0.8478922943857855,0.18,0.7656098373095557,"mean_spatial_var,mean_cluster_count,mean_spatial_var,mean_spatial_var,mean_cluster_count,mean_clusters,mean_spatial_var,mean_spatial_var,mean_clusters"
462,0.18,0.618021218427903,0.18,0.7656098373095557,"max_dwell,mean_spatial_var,mean_spatial_var,switching_rate,mean_switch_fraction,mean_switch_fraction,sync_score,mean_spatial_var,mean_clusters"
463,0.18,0.8947124733098699,0.18,0.7656098373095557,"mean_dwell,mean_cluster_count,mean_dwell,mean_cluster_count,mean_spatial_var,max_dwell,mean_clusters,mean_spatial_var,mean_dwell"
464,0.18,0.8200943192171803,0.18,0.7656098373095557,"mean_clusters,mean_spatial_var,mean_spatial_var,dominant_fraction,mean_spatial_var,mean_cluster_count,dominant_fraction,max_dwell,mean_clusters"
465,0.18,0.8159863326644002,0.18,0.7656098373095557,"mean_cluster_count,max_dwell,mean_clusters,sync_score,max_dwell,dominant_fraction,mean_clusters,mean_cluster_count,max_dwell"
466,0.18,0.7518907726353766,0.18,0.7656098373095557,"mean_cluster_count,mean_switch_fraction,mean_switch_fraction,mean_spatial_var,mean_clusters,switching_rate,switching_rate,switching_rate,mean_dwell"
467,0.18,0.7435115308246324,0.18,0.7656098373095557,"max_dwell,mean_spatial_var,mean_cluster_count,mean_cluster_count,mean_dwell,sync_score,mean_switch_fraction,dominant_fraction,dominant_fraction"
468,0.18,0.7895476573999785,0.18,0.7656098373095557,"mean_dwell,mean_switch_fraction,sync_score,mean_dwell,max_dwell,switching_rate,sync_score,switching_rate,switching_rate"
469,0.18,0.7518907726353765,0.18,0.7656098373095557,"mean_cluster_count,mean_clusters,mean_switch_fraction,switching_rate,switching_rate,mean_clusters,switching_rate,mean_spatial_var,mean_switch_fraction"
470,0.18,0.7053029759380105,0.18,0.7656098373095557,"switching_rate,max_dwell,mean_cluster_count,dominant_fraction,max_dwell,mean_spatial_var,mean_switch_fraction,mean_dwell,max_dwell"
471,0.18,0.8162341641389977,0.18,0.7656098373095557,"switching_rate,dominant_fraction,max_dwell,sync_score,mean_clusters,dominant_fraction,dominant_fraction,max_dwell,mean_dwell"
472,0.18,0.7378678693137751,0.18,0.7656098373095557,"mean_switch_fraction,mean_clusters,mean_cluster_count,mean_switch_fraction,mean_cluster_count,switching_rate,mean_cluster_count,mean_clusters,max_dwell"
473,0.18,0.7224686855964702,0.18,0.7656098373095557,"mean_switch_fraction,dominant_fraction,mean_spatial_var,sync_score,sync_score,sync_score,mean_spatial_var,switching_rate,mean_cluster_count"
474,1.0,0.8095002513655922,0.18,0.7656098373095557,"dominant_fraction,mean_dwell,dominant_fraction,dominant_fraction,mean_switch_fraction,mean_switch_fraction,mean_clusters,mean_clusters,mean_cluster_count"
475,0.18,0.8076630980264807,0.18,0.7656098373095557,"switching_rate,mean_dwell,sync_score,mean_spatial_var,max_dwell,max_dwell,mean_clusters,switching_rate,max_dwell"
476,0.18,0.8284175538550999,0.18,0.7656098373095557,"mean_spatial_var,dominant_fraction,mean_cluster_count,mean_spatial_var,mean_dwell,dominant_fraction,max_dwell,dominant_fraction,mean_clusters"
477,0.18,0.8022672679902212,0.18,0.7656098373095557,"max_dwell,mean_clusters,mean_clusters,mean_cluster_count,mean_switch_fraction,mean_dwell,max_dwell,mean_dwell,mean_cluster_count"
478,0.18,0.8604307771088445,0.18,0.7656098373095557,"max_dwell,switching_rate,mean_dwell,sync_score,dominant_fraction,mean_cluster_count,switching_rate,max_dwell,switching_rate"
479,0.18,0.6928872039951902,0.18,0.7656098373095557,"switching_rate,switching_rate,mean_switch_fraction,mean_spatial_var,switching_rate,mean_spatial_var,mean_switch_fraction,mean_cluster_count,sync_score"
480,0.18,0.8502680288654257,0.18,0.7656098373095557,"mean_spatial_var,mean_clusters,max_dwell,mean_clusters,mean_spatial_var,mean_clusters,mean_dwell,mean_clusters,max_dwell"
481,0.18,0.8827769150683654,0.18,0.7656098373095557,"mean_clusters,sync_score,dominant_fraction,mean_cluster_count,mean_clusters,mean_clusters,max_dwell,dominant_fraction,mean_clusters"
482,0.18,0.8339921018444227,0.18,0.7656098373095557,"sync_score,mean_switch_fraction,mean_clusters,mean_dwell,switching_rate,mean_clusters,mean_cluster_count,switching_rate,sync_score"
483,0.18,0.9714179724826566,0.18,0.7656098373095557,"mean_dwell,switching_rate,mean_dwell,mean_dwell,mean_dwell,mean_dwell,mean_dwell,mean_dwell,sync_score"
484,0.18,0.8300092359860017,0.18,0.7656098373095557,"max_dwell,switching_rate,mean_spatial_var,mean_cluster_count,max_dwell,switching_rate,mean_dwell,dominant_fraction,sync_score"
485,0.18,0.7289524066288902,0.18,0.7656098373095557,"sync_score,mean_spatial_var,sync_score,dominant_fraction,mean_cluster_count,mean_switch_fraction,dominant_fraction,mean_spatial_var,switching_rate"
486,0.18,0.6586055077941648,0.18,0.7656098373095557,"max_dwell,switching_rate,sync_score,dominant_fraction,switching_rate,mean_switch_fraction,mean_clusters,sync_score,mean_switch_fraction"
487,0.18,0.7739330719474752,0.18,0.7656098373095557,"mean_switch_fraction,mean_dwell,dominant_fraction,mean_clusters,dominant_fraction,max_dwell,mean_dwell,mean_dwell,sync_score"
488,0.18,0.7591261162771356,0.18,0.7656098373095557,"mean_dwell,mean_dwell,sync_score,mean_switch_fraction,mean_spatial_var,mean_cluster_count,max_dwell,sync_score,mean_clusters"
489,0.18,0.8404758228768429,0.18,0.7656098373095557,"mean_clusters,mean_clusters,mean_switch_fraction,mean_clusters,mean_cluster_count,sync_score,mean_clusters,mean_cluster_count,dominant_fraction"
490,0.18,0.760214007273296,0.18,0.7656098373095557,"mean_switch_fraction,mean_switch_fraction,dominant_fraction,mean_dwell,switching_rate,switching_rate,mean_cluster_count,switching_rate,mean_clusters"
491,0.18,0.7195737107342095,0.18,0.7656098373095557,"mean_switch_fraction,mean_spatial_var,dominant_fraction,dominant_fraction,max_dwell,mean_cluster_count,switching_rate,dominant_fraction,mean_spatial_var"
492,0.18,0.6409035772615645,0.18,0.7656098373095557,"mean_switch_fraction,switching_rate,max_dwell,mean_clusters,mean_clusters,mean_spatial_var,mean_switch_fraction,max_dwell,dominant_fraction"
493,0.18,0.7637703237040563,0.18,0.7656098373095557,"mean_clusters,mean_dwell,mean_spatial_var,dominant_fraction,mean_spatial_var,max_dwell,mean_switch_fraction,mean_cluster_count,mean_dwell"
494,0.18,0.6744679247212656,0.18,0.7656098373095557,"mean_cluster_count,sync_score,sync_score,switching_rate,dominant_fraction,sync_score,mean_clusters,mean_switch_fraction,mean_switch_fraction"
495,0.18,0.7510507131138137,0.18,0.7656098373095557,"mean_dwell,mean_switch_fraction,sync_score,mean_clusters,mean_spatial_var,sync_score,mean_cluster_count,mean_spatial_var,dominant_fraction"
496,0.18,0.9474801523922337,0.18,0.7656098373095557,"mean_spatial_var,switching_rate,switching_rate,mean_dwell,mean_cluster_count,mean_cluster_count,dominant_fraction,mean_cluster_count,mean_clusters"
497,0.18,0.8949603047844676,0.18,0.7656098373095557,"mean_spatial_var,mean_spatial_var,dominant_fraction,mean_dwell,mean_clusters,mean_cluster_count,mean_dwell,mean_cluster_count,dominant_fraction"
498,0.18,0.9188981248748903,0.18,0.7656098373095557,"mean_dwell,dominant_fraction,sync_score,switching_rate,mean_cluster_count,mean_dwell,mean_spatial_var,mean_dwell,mean_clusters"
499,0.18,0.8377962497497805,0.18,0.7656098373095557,"dominant_fraction,mean_spatial_var,mean_dwell,sync_score,mean_clusters,dominant_fraction,sync_score,mean_cluster_count,mean_spatial_var"
