K,seed,R_mean,R_std,cluster_mean,cluster_std,dominant_cluster,dominant_fraction,switching_rate,n_switches,Kij_mean_final,Kij_std_final,Kij_min_final,Kij_max_final,Kij_density_weak,Kij_density_strong,Kij_mean_time,Kij_std_time
0.4,0,0.5551262762473922,0.206918558510599,3.738,2.959283021273903,0,0.2072,0.476,1190,1.5485656261444092,1.0525753498077393,0.0,2.5,0.0698872180451127,0.5946491228070175,0.9635709249973295,0.8588451862335205
0.4,1,0.8162931451658297,0.0661994277355637,10.1392,3.349958710193306,12,0.1452,0.6816,1704,1.9287611246109009,0.9932343363761902,0.0,2.5,0.0697869674185463,0.7569924812030076,1.644413502216339,0.9712487483024596
0.4,2,0.5134600130921919,0.1282432579099423,2.6084,2.247276004410673,0,0.2208,0.4284,1071,1.2877023220062256,1.0384541749954224,0.0,2.5,0.1002882205513784,0.4966917293233083,0.862388356924057,0.8697449839115143
0.4,3,0.71711504922863,0.0975711937746668,6.6284,3.275227234864781,7,0.118,0.6552,1638,1.698516011238098,1.075652241706848,0.0,2.5,0.0760651629072681,0.6591228070175439,1.3223208224773406,0.9936482572555542
0.4,4,0.5901651093648346,0.1201637684059309,3.4944,2.506704737299549,3,0.1568,0.5276,1319,1.442523717880249,1.094383955001831,0.0,2.5,0.1103383458646616,0.5563157894736842,1.0295384073257443,0.9579635465145112
0.4,5,0.4444885132743327,0.2556514604617214,2.6312,2.9310725954844585,0,0.4108,0.3468,867,1.4731919765472412,1.0473294258117676,0.0,2.5,0.1115538847117794,0.6024937343358396,0.8075406450033188,0.780725040435791
0.4,6,0.4329048365013215,0.1348999133760112,1.4128,1.6235751168332186,0,0.3792,0.3096,774,1.089333176612854,1.0073662996292114,0.0,2.5,0.1445238095238095,0.4053383458646616,0.7282156747579575,0.8106289207935333
0.4,7,0.7763410215088922,0.0457197266262317,8.712,2.742746069179573,10,0.1356,0.6844,1711,1.7708361148834229,1.0545848608016968,0.0,2.5,0.0770802005012531,0.6922055137844612,1.5451239490509032,1.0245927584171295
0.4,8,0.5091787523125252,0.1680885743546948,2.2952,2.026636859429928,0,0.2536,0.4268,1067,1.2919917106628418,1.0798436403274536,0.0,2.5,0.1196616541353383,0.4960401002506265,0.8426950144767761,0.8388649332523346
0.4,9,0.6424191011832853,0.1312599797669465,5.2236,3.382307354454944,1,0.1152,0.582,1455,1.6272037029266355,1.0383487939834597,0.0,2.5,0.0607268170426065,0.6382581453634085,1.1161236023902894,0.9492675578594209
0.4,10,0.7191555582608969,0.0651712496026891,6.3472,2.8026152358110097,6,0.1204,0.6572,1643,1.629754900932312,1.103538155555725,0.0,2.5,0.1142606516290726,0.6317293233082707,1.3337434136867523,1.0164947307109833
0.4,11,0.6653311950461155,0.1859699176145581,6.28,3.65414832758606,9,0.1208,0.5908,1477,1.6992552280426023,1.0612043142318726,0.0,2.5,0.0738095238095238,0.6510275689223057,1.1978870558738708,0.9231145071983338
0.4,12,0.7287250252290012,0.0774208976008573,6.9492,2.9590909685239484,8,0.1336,0.6616,1654,1.6483362913131714,1.088840126991272,0.0,2.5,0.0725814536340852,0.6264411027568922,1.3378344535827638,1.0006911075115204
0.4,13,0.6576308516799924,0.1034664417351013,4.9364,2.698509781342288,6,0.142,0.6232,1558,1.5021648406982422,1.121964931488037,0.0,2.5,0.1238972431077694,0.5749248120300752,1.1568146061897278,0.9785662543773652
0.4,14,0.7159555917652316,0.0987544459894971,6.8436,3.4433615900744434,9,0.1316,0.5968,1492,1.7277719974517822,1.055004596710205,0.0,2.5,0.0833834586466165,0.680952380952381,1.3066359555721283,0.9739093697071076
0.4,15,0.6290648449634381,0.1068501217520369,4.4292,2.8862756902278064,2,0.1292,0.5592,1398,1.4812095165252686,1.0900964736938477,0.0,2.5,0.0956015037593984,0.5582456140350878,1.087121503353119,0.9614508461952208
0.4,16,0.7317707448213527,0.0715274076865831,7.1724,3.098818845947598,9,0.126,0.6716,1679,1.6840683221817017,1.080331563949585,0.0,2.5,0.0987719298245614,0.6508145363408522,1.3755358469486236,1.0082077407836914
0.4,17,0.7216709165099167,0.0533700677391269,6.772,2.5215899745993595,8,0.1648,0.6904,1726,1.5722763538360596,1.0924824476242063,0.0,2.5,0.0874937343358396,0.5862406015037595,1.3336406028270722,1.0401921665668488
0.4,18,0.6871613914494533,0.0773795996101046,5.546,2.621122660235496,6,0.1372,0.6508,1627,1.5372035503387451,1.1107490062713623,0.0,2.5,0.1062531328320802,0.5855012531328321,1.2276289939880372,1.0135319817066193
0.4,19,0.5055691285500892,0.1530887444175899,2.4564,2.177176850878219,0,0.2356,0.4112,1028,1.3327974081039429,1.0546280145645142,0.0,2.5,0.1081578947368421,0.5183959899749373,0.8675031661987305,0.8625128400325776
0.45,0,0.5521778882146847,0.2096629588949562,3.7992,3.0116572447740464,0,0.196,0.48,1200,1.53464937210083,1.0660637617111206,0.0,2.5,0.079235588972431,0.5972681704260652,0.9651782393455506,0.8597597813606263
0.45,1,0.8059730531667956,0.0587189587335296,9.8012,3.174535959790029,12,0.1244,0.6816,1704,1.9014524221420288,1.015060305595398,0.0,2.5,0.0988345864661654,0.7468546365914787,1.6332483053207398,0.9926521039009094
0.45,2,0.5177644512750632,0.1327905782159706,2.758,2.327968212841404,0,0.1908,0.4512,1128,1.3251129388809204,1.036810040473938,0.0,2.5,0.0977694235588972,0.5130451127819549,0.864464521408081,0.866811351776123
0.45,3,0.714943747091638,0.0946492507355487,6.5128,3.284666826331097,7,0.1156,0.6432,1608,1.6913079023361206,1.0808135271072388,0.0,2.5,0.0801754385964912,0.6530952380952381,1.3221828389167785,0.9971237504482268
0.45,4,0.567731518125121,0.1151667775134531,2.964,2.302412647637256,1,0.1812,0.4924,1231,1.3818250894546509,1.103899002075195,0.0,2.5,0.1433208020050125,0.5326315789473685,0.9973523771762848,0.9582487297058104
0.45,5,0.4281983926154414,0.2402313797760342,2.25,2.7118075152930747,0,0.4212,0.3312,828,1.4175119400024414,1.0261280536651611,0.0,2.5,0.1029197994987468,0.5845112781954888,0.7760381060838699,0.7809585082530975
0.45,6,0.4531445989599763,0.1461428993054741,1.732,1.880684981595801,0,0.3636,0.352,880,1.131230711936951,1.0374521017074585,0.0,2.5,0.1477318295739348,0.4261654135338346,0.7591399347782135,0.8172228229045868
0.45,7,0.7826672968263836,0.0437282281929513,9.0448,2.627164433376792,8,0.1432,0.6872,1718,1.7762529850006104,1.0630097389221191,0.0,2.5,0.0772932330827067,0.6847368421052632,1.5707513403892517,1.0251246094703674
0.45,8,0.508937060588336,0.169072383390851,2.4472,2.2161254838117808,0,0.2588,0.4224,1056,1.2937458753585815,1.0810377597808838,0.0,2.5,0.122593984962406,0.4991604010025062,0.8427904850244522,0.8390207779407501
0.45,9,0.6242224581008372,0.1237796047938779,4.6948,2.8659471314035088,6,0.132,0.5636,1409,1.53300142288208,1.0701414346694946,0.0,2.5,0.0926190476190476,0.5852631578947368,1.0852077507972715,0.9549076628684996
0.45,10,0.7231257365893726,0.0627293492422836,6.504,2.806062009293451,6,0.1284,0.6852,1713,1.6352845430374146,1.1052675247192385,0.0,2.5,0.1126817042606516,0.6314786967418546,1.351959478855133,1.0224554359912872
0.45,11,0.6555557445713637,0.1773334330313576,5.764,3.419401117154874,7,0.1252,0.584,1460,1.657204508781433,1.0712902545928955,0.0,2.5,0.089937343358396,0.6347744360902255,1.1795567286014557,0.93718701004982
0.45,12,0.721508297804474,0.0855032214030486,6.7964,3.024392011628122,8,0.1328,0.652,1630,1.646491765975952,1.0907542705535889,0.0,2.5,0.0757894736842105,0.6262406015037594,1.323618805408478,1.0004407525062562
0.45,13,0.6617210840837994,0.0953756167173099,4.798,2.6775354339392035,6,0.1252,0.6172,1543,1.5075960159301758,1.116412878036499,0.0,2.5,0.1233333333333333,0.5802005012531328,1.167323341369629,0.98736186504364
0.45,14,0.7204831897063213,0.0925959175598488,6.8112,3.283466850753941,9,0.1228,0.6084,1521,1.7205325365066528,1.0653834342956543,0.0,2.5,0.0823057644110275,0.6719047619047619,1.3213497185707093,0.9797844076156615
0.45,15,0.6337857242542752,0.1004393024363634,4.5184,2.821925130119508,3,0.1564,0.578,1445,1.4829182624816897,1.0921733379364014,0.0,2.5,0.0958395989974937,0.5593358395989975,1.0979963612556458,0.9679789078235628
0.45,16,0.7243637761111816,0.0737390859512893,6.9284,3.148217502016022,9,0.1108,0.6644,1661,1.6845847368240356,1.0759570598602295,0.0,2.5,0.0941478696741854,0.6593483709273184,1.3557261908054352,1.009391348361969
0.45,17,0.7169599974418259,0.0537682755160362,6.6608,2.4342849792084738,7,0.1592,0.6764,1691,1.5644807815551758,1.096650242805481,0.0,2.5,0.0897243107769423,0.5862781954887218,1.3240240430831909,1.0429839634895324
0.45,18,0.6743538003468178,0.0795595858857111,5.1584,2.5073710216080904,4,0.14,0.6512,1628,1.5139795541763306,1.1161617040634155,0.0,2.5,0.1178822055137844,0.5816666666666667,1.2067159497737885,1.0190396070480348
0.45,19,0.5338660698389363,0.1516997165957045,2.842,2.460779551280447,0,0.2188,0.4192,1048,1.40754497051239,1.0738457441329956,0.0,2.5,0.1242731829573934,0.5496741854636591,0.9157066333293916,0.8785396778583526
0.5,0,0.5469948994807224,0.2161238803408172,3.6852,3.048229151491076,0,0.2196,0.4604,1151,1.5561810731887815,1.0501446723937988,0.0,2.5,0.0767167919799498,0.6108897243107769,0.9579350543022156,0.8564544737339019
0.5,1,0.8060305738812598,0.0509916826761477,10.18,2.9357792832568324,12,0.1412,0.6948,1737,1.8903290033340447,1.0183316469192505,0.0,2.5,0.0997994987468671,0.7437719298245614,1.6485581135749816,1.0037616574764252
0.5,2,0.5139110975861995,0.132619228077143,2.6584,2.2983710405415394,1,0.1984,0.4532,1133,1.3213670253753662,1.030792474746704,0.0,2.5,0.0962781954887218,0.5187593984962406,0.8565654563903808,0.8650724565982819
0.5,3,0.7163203710876176,0.0877673841914437,6.6764,3.1501877785300354,7,0.1216,0.6584,1646,1.6837214231491089,1.0896557569503784,0.0,2.5,0.0851503759398496,0.6494235588972431,1.3292318189144134,1.0003913426399231
0.5,4,0.6083466913661881,0.1241883508505981,3.8904,2.818082298301453,1,0.15,0.544,1360,1.520011305809021,1.072399377822876,0.0,2.5,0.0869924812030075,0.5981829573934837,1.0537651085853577,0.9551496148109436
0.5,5,0.4287429834825143,0.2149010325173695,1.9752,2.311403244784432,0,0.398,0.3324,831,1.3479211330413818,1.016150951385498,0.0,2.5,0.1070300751879699,0.5591729323308271,0.7691207551956176,0.7927489733695984
0.5,6,0.455876319858799,0.1812931068817324,2.004,2.0928411310942834,0,0.336,0.3676,919,1.2116913795471191,1.0403069257736206,0.0,2.5,0.1248120300751879,0.4558270676691729,0.7745724046230316,0.8163762295246124
0.5,7,0.7840525995572544,0.0463559641218947,9.1956,2.7661779841506946,10,0.1436,0.6756,1689,1.786994457244873,1.058733582496643,0.0,2.5,0.0738847117794486,0.6904010025062657,1.57619886636734,1.0262640869617463
0.5,8,0.5087768197628844,0.1702750231230249,2.3528,2.133244514817746,0,0.2628,0.4236,1059,1.3115946054458618,1.0758706331253052,0.0,2.5,0.1193107769423559,0.5062907268170426,0.8428119093179702,0.8393461632728577
0.5,9,0.6025463478860593,0.1087219364311159,3.9628,2.445202682805661,2,0.1424,0.5456,1364,1.4005059003829956,1.0887762308120728,0.0,2.5,0.1183333333333333,0.5434837092731829,1.0506955480575562,0.9649755704402924
0.5,10,0.7286158036002505,0.0666424204001933,6.7112,3.011410725889114,7,0.12,0.66,1650,1.651940941810608,1.105539321899414,0.0,2.5,0.1165413533834586,0.6347619047619047,1.3713186120986938,1.024955494403839
0.5,11,0.6749680133834951,0.1813442049796942,6.4872,3.669691561970842,8,0.1196,0.6016,1504,1.7202049493789673,1.0523269176483154,0.0,2.5,0.0708020050125313,0.6622556390977443,1.2240083408355713,0.9361806559562684
0.5,12,0.7119743739296726,0.0796300659088794,6.5072,2.9060537090700853,8,0.1264,0.6568,1642,1.6260044574737549,1.090892314910889,0.0,2.5,0.0803634085213032,0.6192606516290727,1.30384304523468,1.007658966779709
0.5,13,0.665623185300336,0.0884585204943619,4.8596,2.5593530119934607,5,0.1488,0.6372,1593,1.4930061101913452,1.1261217594146729,0.0,2.5,0.1370175438596491,0.5702130325814536,1.1807423329353333,0.9961246168613432
0.5,14,0.7165549617675597,0.0929511839790417,6.5808,3.207159391112328,7,0.1112,0.618,1545,1.7177687883377075,1.0565465688705444,0.0,2.5,0.0786215538847117,0.6747117794486216,1.3126645910739898,0.983932056427002
0.5,15,0.6481215798773311,0.0935847655084791,5.0,2.89882734911895,3,0.1404,0.5816,1454,1.48376727104187,1.0907038450241089,0.0,2.5,0.0872305764411027,0.5566917293233082,1.1333094823360443,0.9812016594409942
0.5,16,0.7249931488472228,0.0715630670347464,6.798,3.109533083921121,4,0.1172,0.6556,1639,1.6804715394973757,1.0815917253494265,0.0,2.5,0.1103383458646616,0.6580827067669173,1.3595564651489258,1.0111517667770389
0.5,17,0.7139060711043046,0.0534783053310563,6.4688,2.3162526977858007,7,0.166,0.6648,1662,1.5544008016586304,1.1106606721878052,0.0,2.5,0.093922305764411,0.5877568922305765,1.3216873395442963,1.046924294233322
0.5,18,0.6902136794934725,0.0659373626130433,5.3128,2.411753751940691,6,0.1496,0.6664,1666,1.5117918252944946,1.1208723783493042,0.0,2.5,0.1138972431077694,0.5815789473684211,1.2534101212024689,1.0342079019546508
0.5,19,0.5275466198437101,0.1400155402577771,2.6472,2.4255993403693035,1,0.2324,0.4244,1061,1.3707340955734253,1.08697509765625,0.0,2.5,0.1528947368421052,0.538859649122807,0.9093632125854492,0.8892492496967316
0.55,0,0.4867033912753195,0.1961749893790809,2.5156,2.3750698179211494,0,0.2544,0.4212,1053,1.3789831399917605,1.029542088508606,0.0,2.5,0.0920676691729323,0.5390852130325815,0.8517181253433228,0.8481081032752991
0.55,1,0.8149187589006875,0.0401338663745458,10.6224,2.7084715689849874,11,0.148,0.698,1745,1.8858908414840696,1.0208112001419067,0.0,2.5,0.0972807017543859,0.7376817042606516,1.6954069495201112,1.004988479614258
0.55,2,0.5051572648626405,0.1280804317412408,2.4584,2.2658043693134675,1,0.2244,0.4456,1114,1.2958664894104004,1.0202372074127195,0.0,2.5,0.1000375939849624,0.5147619047619048,0.8422944617271423,0.8631377005577088
0.55,3,0.7248202155923964,0.0847010458293871,6.9516,3.1759813349577484,8,0.1248,0.664,1660,1.6855239868164062,1.0885978937149048,0.0,2.5,0.0818045112781954,0.6488721804511278,1.3524139165878295,1.002472618818283
0.55,4,0.6424708776730116,0.1094905515274616,4.6076,2.81737861140458,6,0.1268,0.5896,1474,1.5226901769638062,1.1040693521499634,0.0,2.5,0.1085338345864661,0.582531328320802,1.1358853209018709,0.9783120357990264
0.55,5,0.4198788113652438,0.1955254412189811,1.8096,2.321841476070233,0,0.4508,0.296,740,1.3263965845108032,1.0144498348236084,0.0,2.5,0.1095112781954887,0.5458771929824562,0.7504672932624817,0.7957730090618134
0.55,6,0.3013090375606036,0.1584086197067362,0.764,1.2779295755244104,0,0.6256,0.1932,483,0.9120438098907472,0.9004905223846436,0.0,2.5,0.1553508771929824,0.3275563909774436,0.593072636127472,0.7263059961795807
0.55,7,0.7900418339625577,0.0420209980174797,9.3444,2.586926485233007,10,0.162,0.6972,1743,1.7831802368164062,1.0614908933639526,0.0,2.5,0.0747994987468671,0.6905263157894737,1.6028977990150453,1.0301033985614776
0.55,8,0.4992543415665725,0.1663872931759078,2.2444,2.064138716268846,0,0.2616,0.4124,1031,1.280843734741211,1.068431735038757,0.0,2.5,0.1183834586466165,0.4979323308270676,0.8268876177072525,0.8382780802249908
0.55,9,0.5961696664834453,0.1086765738665521,3.8832,2.37148851146279,4,0.1556,0.5272,1318,1.370768666267395,1.1033905744552612,0.0,2.5,0.1197368421052631,0.5137844611528822,1.0500180053710937,0.9715324401855469
0.55,10,0.7307647301290173,0.0633623379087123,6.8744,2.9620642531856056,8,0.1328,0.672,1680,1.6539744138717651,1.0955742597579956,0.0,2.5,0.1167293233082706,0.6407017543859649,1.3803904235363007,1.0326371705532074
0.55,11,0.6621628704744159,0.1730050504665568,6.1092,3.5832492740528115,8,0.1244,0.594,1485,1.671332597732544,1.0654311180114746,0.0,2.5,0.0842230576441102,0.6461904761904762,1.1996159946918488,0.9486203682422638
0.55,12,0.7278979232085594,0.0712425899804368,6.9256,2.9032507022301743,9,0.1248,0.6716,1679,1.6451300382614136,1.084305763244629,0.0,2.5,0.0580200501253132,0.6224812030075187,1.343074780702591,1.010838931798935
0.55,13,0.6603752521670815,0.0855828441563708,4.4392,2.482398710924577,2,0.1396,0.62,1550,1.4953993558883667,1.1217211484909058,0.0,2.5,0.1347243107769423,0.5741604010025063,1.1693944907188416,1.0006905162334443
0.55,14,0.7121865361083394,0.0974044290181287,6.6092,3.1419222396488427,9,0.1344,0.6196,1549,1.720379114151001,1.0496116876602173,0.0,2.5,0.0731578947368421,0.6772556390977443,1.305633749961853,0.9861627054214478
0.55,15,0.6452379557242021,0.0889966132761864,4.7316,2.710933684175989,3,0.1496,0.5772,1443,1.4674465656280518,1.097789645195007,0.0,2.5,0.0933834586466165,0.5516541353383458,1.132220233678818,0.9874933052062989
0.55,16,0.7266192314921154,0.0651301209408599,6.8416,2.773681567880495,8,0.1268,0.6668,1667,1.657170057296753,1.0869938135147097,0.0,2.5,0.1121303258145363,0.6441478696741855,1.3681353962421416,1.0150390326976777
0.55,17,0.7229350388183173,0.0566888182341205,6.6676,2.5191090170931467,8,0.1468,0.6816,1704,1.5834089517593384,1.087529182434082,0.0,2.5,0.0800501253132832,0.5938847117794486,1.34134575009346,1.048341772556305
0.55,18,0.6999573926079787,0.0576926740559199,5.7768,2.36181746966187,6,0.1536,0.6644,1661,1.5302780866622925,1.1211414337158203,0.0,2.5,0.112531328320802,0.5815037593984962,1.2868885600566864,1.0437941455841064
0.55,19,0.5764615821380783,0.1468931063634114,3.7552,3.0511756684923927,1,0.1736,0.4708,1177,1.497958421707153,1.0959104299545288,0.0,2.5,0.1396240601503759,0.5829323308270676,0.994600306749344,0.9026558256149292
0.6,0,0.4657877105717325,0.1752186208259017,2.216,1.899616803463267,0,0.2528,0.4032,1008,1.2683323621749878,1.047130823135376,0.0,2.5,0.1116666666666666,0.4833709273182957,0.826954356431961,0.8497641718387604
0.6,1,0.8239588132315974,0.0380798782828991,11.1236,2.755707357467407,12,0.148,0.6916,1729,1.9084901809692385,1.0011976957321167,0.0,2.5,0.0790350877192982,0.7465664160401002,1.7257317757606507,1.0018343102931977
0.6,2,0.5135824806067674,0.1397609152288686,2.6844,2.3839456034062523,1,0.2136,0.4664,1166,1.352763295173645,1.0330592393875122,0.0,2.5,0.102531328320802,0.5402005012531328,0.8568139040470123,0.8626143598556518
0.6,3,0.7286470617901832,0.085872729014761,6.8036,3.13155345475692,8,0.1312,0.6632,1658,1.705718994140625,1.0768250226974487,0.0,2.5,0.0721177944862155,0.6569548872180451,1.354010195732117,1.0001701617240906
0.6,4,0.6722276339355687,0.1074097688666874,5.2992,2.897736937680852,7,0.138,0.6132,1533,1.5853286981582642,1.105318307876587,0.0,2.5,0.1130701754385964,0.6148120300751879,1.2051629412174223,0.9855815589427948
0.6,5,0.55969080655006,0.1922379085662505,3.7976,3.1869474799563293,0,0.2148,0.4504,1126,1.599908709526062,1.0593693256378174,0.0,2.5,0.0775563909774436,0.6318421052631579,0.975591186285019,0.8734409189224244
0.6,6,0.5338978966606078,0.1090371902333288,2.4044,1.8573262072129384,1,0.2,0.4652,1163,1.2471354007720947,1.064628839492798,0.0,2.5,0.1254761904761904,0.4606390977443609,0.8986615037918091,0.9113292574882508
0.6,7,0.7874128998320096,0.0415636045483436,9.3304,2.525477348938216,10,0.168,0.6896,1724,1.7754366397857666,1.061492085456848,0.0,2.5,0.0772180451127819,0.6873182957393483,1.603217496871948,1.03560999751091
0.6,8,0.4989272920210836,0.1616093216707331,2.2288,1.998111748626688,0,0.2508,0.4136,1034,1.266104817390442,1.0670593976974487,0.0,2.5,0.1232205513784461,0.4870175438596491,0.8292657762765885,0.8445639979839324
0.6,9,0.5957173273630562,0.1018072197204977,3.8976,2.3433126637305577,4,0.1668,0.5396,1349,1.309183120727539,1.1096101999282837,0.0,2.5,0.1515288220551378,0.4991353383458646,1.0532524847984317,0.9780990290641784
0.6,10,0.738665271188154,0.0503239657561708,6.908,2.510206366018539,8,0.1404,0.672,1680,1.64178729057312,1.1002089977264404,0.0,2.5,0.1168922305764411,0.6346115288220552,1.4108457243442536,1.0423947227001191
0.6,11,0.6630183636878942,0.1733772623975698,6.05,3.5424708890829293,8,0.1208,0.6048,1512,1.68916916847229,1.0581293106079102,0.0,2.5,0.0697744360902255,0.6504260651629072,1.2004358124732972,0.9478817737102508
0.6,12,0.7365549324846677,0.0630647303342104,7.0744,2.6293848406043567,7,0.1464,0.692,1730,1.6493207216262815,1.0845086574554443,0.0,2.5,0.0549874686716791,0.6224812030075187,1.3685901856422424,1.0163623082637787
0.6,13,0.6646567001248038,0.0776540788075265,4.6384,2.483313399472568,5,0.1412,0.6252,1563,1.4849337339401243,1.119428277015686,0.0,2.5,0.1256390977443609,0.5613784461152882,1.1815683007240296,1.0104879319667817
0.6,14,0.7151095120133354,0.0937493095387397,6.5636,3.1419030920765203,7,0.1192,0.6304,1576,1.7218340635299685,1.0450893640518188,0.0,2.5,0.0624561403508771,0.6681077694235589,1.3175978326797486,0.9929028761386872
0.6,15,0.6626346145866541,0.0848395683242408,5.0364,2.646936916513124,3,0.1376,0.5892,1473,1.4981905221939087,1.0965896844863892,0.0,2.5,0.0973684210526315,0.5711278195488722,1.1693339443206787,0.991647847890854
0.6,16,0.7372897692033897,0.0641477026936799,7.488,2.854655145547357,8,0.134,0.6768,1692,1.6757339239120483,1.086177945137024,0.0,2.5,0.0984837092731829,0.645062656641604,1.393558245897293,1.009730497598648
0.6,17,0.7165113322003376,0.0597980769161161,6.3752,2.443445305301512,7,0.1516,0.6748,1687,1.5801661014556885,1.096417784690857,0.0,2.5,0.0847744360902255,0.5955012531328321,1.3346533608436584,1.0539220833778382
0.6,18,0.7076525375239233,0.0544407058875155,5.688,2.317294974749654,6,0.168,0.6728,1682,1.533108115196228,1.1247475147247314,0.0,2.5,0.1147117794486215,0.5848872180451128,1.3065470552444458,1.046670309305191
0.6,19,0.5634064268496703,0.1251549369094863,3.2116,2.521353890274033,1,0.196,0.4928,1232,1.4432708024978638,1.0788450241088867,0.0,2.5,0.1113784461152882,0.5640350877192982,0.9677401781082152,0.9130154931545258
0.65,0,0.535233591661521,0.1730520756331559,3.434,2.7207432807966283,0,0.1672,0.4864,1216,1.444595456123352,1.069763422012329,0.0,2.5,0.1105513784461152,0.5709022556390978,0.9345204401016236,0.8827763593196869
0.65,1,0.823712104086487,0.041644707500603,10.7664,2.6641004185278003,11,0.1492,0.7004,1751,1.921501398086548,0.9915151596069336,0.0,2.5,0.0635714285714285,0.7504135338345864,1.723966417312622,1.0055236554145812
0.65,2,0.5094776302762514,0.1423586016792971,2.6772,2.4513262043228763,1,0.242,0.4496,1124,1.3439058065414429,1.0138747692108154,0.0,2.5,0.0835338345864661,0.5423558897243108,0.8520811748504639,0.8638677334785462
0.65,3,0.7404331908198778,0.080772547678284,7.3452,3.15335328816801,8,0.13,0.6868,1717,1.7050031423568726,1.082047462463379,0.0,2.5,0.0786967418546366,0.6577944862155388,1.38720787525177,0.9986045026779174
0.65,4,0.6757362592354508,0.0992010615888453,5.4604,2.921854178428485,4,0.1156,0.636,1590,1.5889090299606323,1.1050052642822266,0.0,2.5,0.1123057644110275,0.6160902255639098,1.2166670429706574,0.9936730027198792
0.65,5,0.6341771448368958,0.1403906014721517,4.704,3.155500594200546,2,0.1264,0.5556,1389,1.6617461442947388,1.041195034980774,0.0,2.5,0.0558897243107769,0.6547744360902256,1.1103605926036837,0.9318250334262848
0.65,6,0.5898622884285932,0.0903239968570547,3.1584,2.128029473480102,2,0.1888,0.522,1305,1.3453164100646973,1.0698182582855225,0.0,2.5,0.1083082706766917,0.4996115288220551,1.0135037183761595,0.9672861087322236
0.65,7,0.8020238616164296,0.0398504841726931,9.8164,2.6751244905611404,11,0.1564,0.68,1700,1.8157062530517576,1.0475176572799685,0.0,2.5,0.0787593984962406,0.7058897243107769,1.6517242097854614,1.0271993780136108
0.65,8,0.5107667875510286,0.1655347721789604,2.3772,2.05711452282074,0,0.2472,0.4292,1073,1.2915701866149902,1.0751378536224363,0.0,2.5,0.1208897243107769,0.493796992481203,0.8526658993959427,0.8557650816440582
0.65,9,0.6039038701320832,0.1080459895623653,3.7564,2.2921298043522755,3,0.162,0.5448,1362,1.4133228063583374,1.0952271223068235,0.0,2.5,0.1204260651629072,0.5408646616541354,1.064641766548157,0.9763767671585084
0.65,10,0.7418162450346822,0.0496470813335258,7.2252,2.639106848916883,8,0.146,0.6548,1637,1.6538255214691162,1.100801944732666,0.0,2.5,0.1135213032581453,0.6326065162907268,1.4293263411521913,1.0480262279510495
0.65,11,0.6594503581223397,0.1877804954744834,6.2428,3.636350940159654,8,0.1216,0.5624,1406,1.7028875350952148,1.0555455684661863,0.0,2.5,0.0619047619047619,0.6531203007518797,1.1948127567768096,0.9354946529865265
0.65,12,0.7360096956224378,0.0633941792078809,7.0432,2.7731090422123685,8,0.1328,0.6848,1712,1.6493675708770752,1.0864511728286743,0.0,2.5,0.0515413533834586,0.6222431077694236,1.3724469542503357,1.0218010652065277
0.65,13,0.6673166083635766,0.0812834690664617,4.8352,2.578689775835783,5,0.1396,0.6292,1573,1.5023943185806274,1.1164369583129885,0.0,2.5,0.1238847117794486,0.5732832080200502,1.1912123239040375,1.0147713232040405
0.65,14,0.7098785010757284,0.0837116515188263,6.3036,2.840884904391588,6,0.1368,0.63,1575,1.692507028579712,1.0468508005142212,0.0,2.5,0.0560526315789473,0.6509398496240602,1.3171112489700318,1.0067466521263122
0.65,15,0.6524974612485558,0.0895855430313793,4.9208,2.821653302586978,4,0.1228,0.592,1480,1.4847280979156494,1.0854060649871826,0.0,2.5,0.0855889724310777,0.5564285714285714,1.1483706474304198,0.9953197836875916
0.65,16,0.7116357225989925,0.0749748004404815,6.366,2.7885558986687,7,0.1252,0.6536,1634,1.6561954021453855,1.0839691162109375,0.0,2.5,0.1044235588972431,0.6392731829573934,1.3226179099082946,1.0088896906375886
0.65,17,0.7330266793242319,0.0485792621553897,6.9972,2.280612233589919,8,0.1732,0.7012,1753,1.5863372087478638,1.0976691246032717,0.0,2.5,0.0801002506265664,0.5992857142857143,1.3869393074512482,1.061651644706726
0.65,18,0.7113901338626709,0.053354756543376,5.9584,2.5078814645034564,6,0.1496,0.6968,1742,1.5371477603912354,1.1341373920440674,0.0,2.5,0.1209774436090225,0.5927443609022557,1.324375284910202,1.0532773792743684
0.65,19,0.6278740944310528,0.1089410488914164,4.4088,2.850277628582872,2,0.1444,0.5508,1377,1.5264861583709717,1.066870927810669,0.0,2.5,0.1053383458646616,0.5974185463659147,1.1002688336372377,0.954992196559906
0.7,0,0.597919692140081,0.1414331985246237,4.2332,3.105031040102498,1,0.1636,0.5104,1276,1.5752466917037964,1.0596613883972168,0.0,2.5,0.0902380952380952,0.6137593984962406,1.0344027614593505,0.9188465178012848
0.7,1,0.8362622117117666,0.0317241131610408,11.4568,2.554708155543408,12,0.152,0.6872,1718,1.9278355836868288,0.9893661141395568,0.0,2.5,0.0588721804511278,0.7504761904761905,1.7743663883209229,0.9972601628303528
0.7,2,0.5009502726875782,0.1283889804581255,2.584,2.056925861571097,2,0.2088,0.4828,1207,1.2594317197799685,1.0063799619674685,0.0,2.5,0.0894987468671679,0.5162406015037594,0.8436140966415405,0.8687931096553803
0.7,3,0.7393770806638997,0.0729969900641119,7.2344,2.9114011472141725,9,0.1352,0.6872,1718,1.7040481567382812,1.0774407386779783,0.0,2.5,0.0691979949874686,0.6605137844611528,1.3862114119529725,1.003760495185852
0.7,4,0.6935752582286913,0.0858317402687332,5.7948,2.843218767523878,8,0.1252,0.6316,1579,1.5989965200424194,1.1030139923095703,0.0,2.5,0.1128070175438596,0.6216791979949875,1.2673798084259034,1.0093147206306456
0.7,5,0.7074651615128555,0.1124229854270594,6.7136,3.359579592746688,8,0.1256,0.628,1570,1.738576889038086,1.0387694835662842,0.0,2.5,0.0522556390977443,0.6790852130325814,1.2916094493865966,0.9669565343856812
0.7,6,0.624222883210997,0.0745614909960599,3.6984,2.0185731198051755,3,0.2056,0.566,1415,1.3957198858261108,1.0761202573776243,0.0,2.5,0.1001754385964912,0.5138095238095238,1.09386816740036,0.999192271232605
0.7,7,0.8132833215991974,0.0323379212440936,10.4712,2.6079053970571864,10,0.1444,0.6896,1724,1.8316128253936768,1.0396524667739868,0.0,2.5,0.0645363408521303,0.7116290726817043,1.691361770629883,1.0204014205932617
0.7,8,0.5136618608394545,0.1611706293523502,2.4216,2.1804250594780825,0,0.2556,0.4208,1052,1.3171236515045166,1.0651700496673584,0.0,2.5,0.1011278195488721,0.5053508771929824,0.8527796441316604,0.8595924198627471
0.7,9,0.6160234521954328,0.1086602984079188,4.1136,2.690407969063428,3,0.1304,0.5384,1346,1.489305853843689,1.056916117668152,0.0,2.5,0.078734335839599,0.5671929824561404,1.095645786523819,0.9856549537181856
0.7,10,0.7391342082951519,0.0474171757069649,7.2604,2.675629241879375,9,0.1448,0.6672,1668,1.6369085311889648,1.1051595211029053,0.0,2.5,0.1178070175438596,0.6258395989974938,1.4273933851718903,1.053617706298828
0.7,11,0.6298097872270502,0.1827123447512836,5.0644,3.3581323142485022,0,0.126,0.5632,1408,1.6391704082489014,1.0601446628570557,0.0,2.5,0.0675187969924812,0.63765664160401,1.1233955323696136,0.9298943269252776
0.7,12,0.7388263979151485,0.0595676034188433,7.2104,2.6859135950361472,8,0.1348,0.6744,1686,1.6456636190414429,1.0866200923919678,0.0,2.5,0.0594611528822055,0.6224561403508772,1.385287653207779,1.0264312434196472
0.7,13,0.6629349031049239,0.0727868308039019,4.4668,2.470323412025236,4,0.1524,0.6152,1538,1.4782017469406128,1.1216248273849487,0.0,2.5,0.1321553884711779,0.5644110275689223,1.19368922829628,1.027971295118332
0.7,14,0.7365026904725764,0.0675384841860669,7.2428,2.6541756083575176,8,0.1644,0.6544,1636,1.6914207935333252,1.0670591592788696,0.0,2.5,0.0884210526315789,0.6629573934837093,1.3937710452079772,1.0119778203964234
0.7,15,0.6390559969146985,0.0985095932746494,4.604,2.7520145348453373,2,0.1316,0.5976,1494,1.478655219078064,1.096135497093201,0.0,2.5,0.0957268170426065,0.5571428571428572,1.1244995975494383,0.9913389372825624
0.7,16,0.7064767936647353,0.0848579290864861,6.4532,3.10840952256938,8,0.1156,0.6628,1657,1.6633206605911257,1.084636092185974,0.0,2.5,0.1042857142857142,0.6433834586466165,1.3025219523906708,1.0006838285923003
0.7,17,0.7369757345151055,0.0417923263676846,7.266,2.2905117332159644,7,0.1648,0.6884,1721,1.5912011861801147,1.10731303691864,0.0,2.5,0.0943358395989975,0.598421052631579,1.4115138030052186,1.069109834432602
0.7,18,0.7072930301495091,0.0464976607554623,5.9804,2.1925363942247347,6,0.1676,0.6524,1631,1.5216766595840454,1.1246287822723389,0.0,2.5,0.1224310776942355,0.5788345864661654,1.332240082025528,1.070539977550507
0.7,19,0.6589897075803861,0.1141711096613463,5.3232,2.9260795888013704,6,0.138,0.5756,1439,1.5792661905288696,1.0747848749160769,0.0,2.5,0.0966040100250626,0.5987218045112782,1.1899502599239349,0.9779330003261566
0.75,0,0.6521127465818406,0.1081862707177926,5.1976,2.912345144381071,6,0.122,0.582,1455,1.605857253074646,1.0552233457565308,0.0,2.5,0.080250626566416,0.6345112781954887,1.148542025089264,0.9564825773239136
0.75,1,0.8475306169888439,0.0257137663975613,12.1764,2.240643443299268,12,0.1684,0.7068,1767,1.9560261964797967,0.964059054851532,0.0,2.5,0.0456516290726817,0.7632080200501253,1.8245325207710263,0.9872942650318146
0.75,2,0.5202318988233081,0.1283266463533613,2.7964,2.004930682093523,2,0.2052,0.4944,1236,1.290138602256775,1.0650643110275269,0.0,2.5,0.1017293233082706,0.4930952380952381,0.88380850315094,0.8829691958427429
0.75,3,0.750441923759934,0.0681634046701956,7.8712,2.955302109768137,9,0.1316,0.7008,1752,1.7112891674041748,1.083139419555664,0.0,2.5,0.082907268170426,0.6603007518796993,1.4118591058254242,0.9985693395137788
0.75,4,0.7065141036508705,0.0726372216037484,6.1072,2.680094804293311,7,0.1296,0.6624,1656,1.5947871208190918,1.1121015548706057,0.0,2.5,0.1163157894736842,0.6115914786967419,1.3064365243911744,1.020062540769577
0.75,5,0.7256829992754247,0.0950801071974519,7.0,3.2639852940845184,8,0.1272,0.6292,1573,1.741766095161438,1.050010085105896,0.0,2.5,0.0591478696741854,0.6695488721804511,1.3581502771377565,0.9925205600261688
0.75,6,0.6246913024382579,0.0667718601296841,3.8256,2.107316929177953,3,0.1812,0.5988,1497,1.3759697675704956,1.083492875099182,0.0,2.5,0.1018546365914787,0.502468671679198,1.1003387093544006,1.009540581703186
0.75,7,0.8173818167511571,0.0264318665547563,10.4468,2.480800225733624,12,0.156,0.6968,1742,1.8339983224868768,1.032867193222046,0.0,2.5,0.0695238095238095,0.7129949874686716,1.7109212064743042,1.020716326236725
0.75,8,0.5472518894200542,0.1337302118288622,2.866,2.3392400475368063,0,0.196,0.4716,1179,1.3113702535629272,1.0730491876602173,0.0,2.5,0.1052380952380952,0.4965413533834587,0.9138916456699372,0.9018279123306274
0.75,9,0.6309343667930843,0.1068955125850595,4.4444,2.653546426953936,5,0.1448,0.5456,1364,1.5214893817901611,1.0436089038848877,0.0,2.5,0.0625187969924812,0.5839724310776943,1.125206550359726,0.9928807175159454
0.75,10,0.7462827065178668,0.0527820107600723,7.4528,2.772106087436049,9,0.1356,0.6656,1664,1.6701358556747437,1.0973007678985596,0.0,2.5,0.1070300751879699,0.6449248120300752,1.4461128103733063,1.0512835955619813
0.75,11,0.7384943222557587,0.0709715871453589,7.1392,2.94302962268476,9,0.1256,0.656,1640,1.6977035999298096,1.0810993909835815,0.0,2.5,0.0877318295739348,0.6529448621553885,1.394808180332184,1.0213431775569917
0.75,12,0.7437649081045492,0.0495208874207547,7.3988,2.627043692061477,6,0.1344,0.6936,1734,1.6390420198440552,1.0941897630691528,0.0,2.5,0.0693483709273183,0.6222431077694236,1.408266007900238,1.0353892815113068
0.75,13,0.6944572735124124,0.0574127226756156,5.5508,2.416489056461874,5,0.1584,0.6676,1669,1.512568473815918,1.1251410245895386,0.0,2.5,0.1108521303258145,0.5764786967418546,1.2866745591163635,1.049298579692841
0.75,14,0.7409887991964393,0.0635581174002527,7.3936,2.6069674029415864,8,0.162,0.6424,1606,1.6996675729751587,1.0693747997283936,0.0,2.5,0.0803634085213032,0.6546992481203008,1.4158205127716064,1.020450028181076
0.75,15,0.6265618815492251,0.1111175153930953,4.5332,2.827595756115078,2,0.1188,0.554,1385,1.4911850690841677,1.0913289785385132,0.0,2.5,0.0961528822055137,0.5625062656641604,1.1060616445541382,0.9883171796798706
0.75,16,0.6898225063913184,0.0949499066554473,6.0308,3.067939269281581,8,0.1128,0.6244,1561,1.635099172592163,1.0979732275009155,0.0,2.5,0.1122431077694235,0.631578947368421,1.2686629366874695,1.0052436482906342
0.75,17,0.7402160516157,0.0379006683911206,7.312,2.2818098080252,7,0.1768,0.7176,1794,1.5925148725509644,1.1119821071624756,0.0,2.5,0.0947368421052631,0.6016666666666667,1.429365381002426,1.0763102447986603
0.75,18,0.7213544306129128,0.0410523368960428,6.5664,2.3364911812373697,7,0.1568,0.7012,1753,1.5418686866760254,1.134355545043945,0.0,2.5,0.111265664160401,0.5919298245614035,1.375123484134674,1.079210968017578
0.75,19,0.683902109581356,0.0916286491558905,5.8208,2.926275339061586,7,0.1356,0.6056,1514,1.6027867794036863,1.0767115354537964,0.0,2.5,0.0750250626566416,0.6107769423558898,1.2583229744434357,1.0055945825576782
0.8,0,0.7014303486020406,0.1029960183409671,6.3348,3.0582852973520964,8,0.1136,0.6184,1546,1.684051513671875,1.0637286901474,0.0,2.5,0.079235588972431,0.6500501253132832,1.2732097291946411,0.970627393722534
0.8,1,0.8565095179736821,0.0256323012393553,12.4216,2.4752885569161425,12,0.1772,0.6952,1738,1.9716451168060305,0.9601888060569764,0.0,2.5,0.0414661654135338,0.7672305764411027,1.8598970437049869,0.9729738652706146
0.8,2,0.552084408299754,0.1491836690302873,3.3944,2.4175294496655053,1,0.1684,0.4836,1209,1.4330734014511108,1.0906133651733398,0.0,2.5,0.0994486215538847,0.5463032581453634,0.93819877743721,0.8847763800621032
0.8,3,0.7500456241771136,0.0691175693077603,8.2168,3.084444481588216,9,0.1372,0.6988,1747,1.7168776988983154,1.082313895225525,0.0,2.5,0.0903508771929824,0.6602130325814536,1.39324542760849,0.9856235945224762
0.8,4,0.7101150472472731,0.0654281252107867,6.3832,2.5806118964307667,7,0.1364,0.674,1685,1.598760962486267,1.1101654767990112,0.0,2.5,0.1136215538847117,0.6136967418546366,1.3219458889961242,1.0293609535694122
0.8,5,0.7486467038020636,0.0784725273771763,7.8968,3.33834536260106,10,0.118,0.6536,1634,1.7740222215652466,1.0452731847763062,0.0,2.5,0.0708145363408521,0.6817669172932331,1.431227058172226,1.009240322113037
0.8,6,0.6513999060840413,0.06063439011122,4.544,2.233039184609173,4,0.1696,0.602,1505,1.430588722229004,1.0955986976623535,0.0,2.5,0.1052631578947368,0.555187969924812,1.1703711032867432,1.0280300641059876
0.8,7,0.816006640439104,0.0300114658912371,10.382,2.5095170850185498,10,0.1492,0.6868,1717,1.8399046659469604,1.0373687744140625,0.0,2.5,0.0742731829573934,0.7128320802005013,1.7043285942077635,1.021677268743515
0.8,8,0.5965618780886687,0.1168212285071377,3.564,2.434646586262573,4,0.1424,0.5244,1311,1.3876057863235474,1.1008301973342896,0.0,2.5,0.0894736842105263,0.5171428571428571,1.0137677693367004,0.9442539370059968
0.8,9,0.6672421087648354,0.1095895748225213,5.4108,3.037308571745716,6,0.112,0.58,1450,1.6257061958312988,1.0439201593399048,0.0,2.5,0.0550125313283208,0.6289598997493734,1.2021888613700866,0.9932732713222504
0.8,10,0.7418802411807063,0.0540030823386496,6.9052,2.673614213008302,6,0.14,0.6632,1658,1.6611117124557495,1.0875604152679443,0.0,2.5,0.096641604010025,0.6507017543859649,1.4368184423446655,1.0551756143569946
0.8,11,0.7763108767656216,0.0360525525693317,8.7672,2.7620651983615447,9,0.1336,0.7144,1786,1.711381912231445,1.0834927558898926,0.0,2.5,0.0919423558897243,0.6567794486215539,1.5485667133331298,1.0533270013332368
0.8,12,0.7548877777518004,0.0411188768042492,7.8988,2.418048502408502,8,0.1584,0.7044,1761,1.645627737045288,1.094462275505066,0.0,2.5,0.0749498746867168,0.6260275689223057,1.4439360511302948,1.0398271894454956
0.8,13,0.7096758281619996,0.0474194135849896,5.938,2.3038567663811045,5,0.154,0.6892,1723,1.526585340499878,1.1234437227249146,0.0,2.5,0.1009398496240601,0.5820676691729323,1.3321796405315398,1.0610882699489594
0.8,14,0.7455594958695135,0.0728721389104213,7.7492,2.90363554186816,8,0.14,0.662,1655,1.7388790845870972,1.0639140605926514,0.0,2.5,0.1033333333333333,0.6802255639097744,1.4267691826820377,1.0154986381530762
0.8,15,0.6541697359753177,0.0915284385209281,5.1376,2.7509028045352677,3,0.128,0.5936,1484,1.486775279045105,1.095535397529602,0.0,2.5,0.0806265664160401,0.5513408521303258,1.1794869375228882,1.0162826931476594
0.8,16,0.7411546614605297,0.0551958546971589,7.5948,2.9020360025333938,10,0.1244,0.6804,1701,1.6782817840576172,1.0947345495224,0.0,2.5,0.1163157894736842,0.6520050125313284,1.4431220817565915,1.047113274335861
0.8,17,0.7384459400015528,0.0429049384033275,7.1852,2.318038170522651,8,0.1664,0.6996,1749,1.6067136526107788,1.100688934326172,0.0,2.5,0.0796741854636591,0.6060651629072682,1.4235050511360168,1.0794403517246247
0.8,18,0.7507903182135538,0.0290213886552106,7.6504,2.08752960218532,8,0.1916,0.7328,1832,1.591545343399048,1.11768901348114,0.0,2.5,0.109110275689223,0.6071428571428571,1.4934169960021972,1.0994520902633669
0.8,19,0.7028050990426602,0.0759803810522303,6.198,2.953302558154176,7,0.1324,0.6328,1582,1.6009234189987185,1.0986696481704712,0.0,2.5,0.1011654135338345,0.6123308270676692,1.3128192806243897,1.0199896836280822
0.85,0,0.6977899584410525,0.11263221297178,6.3864,3.1944162283584774,8,0.124,0.6364,1591,1.6916418075561523,1.0649875402450562,0.0,2.5,0.0832080200501253,0.6503258145363409,1.2760323524475097,0.974980126619339
0.85,1,0.8560654242044722,0.0227911405770134,12.7044,2.203138815417676,12,0.1792,0.72,1800,1.9652020931243896,0.9629411101341248,0.0,2.5,0.0513408521303258,0.7670175438596492,1.870916073322296,0.97696857213974
0.85,2,0.5884809485039693,0.1159305025350988,3.5564,2.320779834452204,3,0.16,0.5408,1352,1.400694489479065,1.091791033744812,0.0,2.5,0.1461654135338345,0.5451629072681704,1.0090969359874726,0.9276731753349304
0.85,3,0.7411906288561984,0.0768504047831287,7.5756,3.178849578070658,8,0.1224,0.6844,1711,1.717191457748413,1.076871395111084,0.0,2.5,0.0796365914786967,0.663233082706767,1.3962112295627591,1.0156846964359283
0.85,4,0.7223374687027468,0.0640471323616084,6.678,2.6211287644829664,8,0.1484,0.672,1680,1.6266850233078003,1.1004301309585571,0.0,2.5,0.0953383458646616,0.62234335839599,1.361400785446167,1.0429532527923584
0.85,5,0.7746584037045632,0.0540622185594229,8.6948,2.7782103880016,9,0.1428,0.6732,1683,1.7742972373962402,1.0541012287139893,0.0,2.5,0.0734586466165413,0.6851002506265664,1.527440003156662,1.0243302989006042
0.85,6,0.6830189917974311,0.0496153675230705,5.3508,2.098127584299868,5,0.1844,0.6444,1611,1.4829446077346802,1.0973541736602783,0.0,2.5,0.1020676691729323,0.5670050125313283,1.2739560103416443,1.0627309799194335
0.85,7,0.8046081614333372,0.0311452521438208,9.9628,2.480930502855733,11,0.1524,0.702,1755,1.8045330047607424,1.0468496084213257,0.0,2.5,0.0736340852130325,0.6993358395989975,1.668318407535553,1.0319116854667665
0.85,8,0.6044615523350502,0.1046761485725274,3.6544,2.35825372680719,4,0.1544,0.55,1375,1.3689401149749756,1.1261601448059082,0.0,2.5,0.1562907268170426,0.5245989974937343,1.0446719419956207,0.9664993262290956
0.85,9,0.678420043791196,0.1046301012304389,5.7648,3.0929405037924678,6,0.1276,0.6304,1576,1.638989806175232,1.0601680278778076,0.0,2.5,0.067907268170426,0.6360150375939849,1.2315113401412965,0.9977368652820588
0.85,10,0.7483296190661082,0.0480765640214029,7.3896,2.6326055230512604,8,0.1484,0.6828,1707,1.6610291004180908,1.099899172782898,0.0,2.5,0.1158145363408521,0.6411779448621554,1.4540761852264403,1.0518393623828888
0.85,11,0.7990330380219991,0.0230810046868262,9.844,2.1558441502112347,10,0.1736,0.716,1790,1.756067156791687,1.073561429977417,0.0,2.5,0.1035338345864661,0.6764536340852131,1.6442507362365724,1.0525141942501068
0.85,12,0.7526677876439004,0.0434915661166287,7.9072,2.575458825141648,9,0.156,0.684,1710,1.6446739435195925,1.0943524837493896,0.0,2.5,0.0744486215538847,0.6270676691729323,1.4435192716121674,1.0448440408706663
0.85,13,0.7136821871872772,0.0551275335065556,6.1436,2.452056084187309,7,0.162,0.6912,1728,1.5505508184432983,1.1219297647476196,0.0,2.5,0.1021804511278195,0.593796992481203,1.3533741772174834,1.0713735222816467
0.85,14,0.7470914988913678,0.0740542425959579,7.6184,2.950386659405848,8,0.1364,0.674,1685,1.746222972869873,1.0669867992401123,0.0,2.5,0.1023433583959899,0.6811278195488721,1.444506447315216,1.0232497239112854
0.85,15,0.6730160635625488,0.0835884567044207,5.3184,2.671969580665169,5,0.1388,0.6068,1517,1.5215219259262085,1.0889157056808472,0.0,2.5,0.0664661654135338,0.5820551378446115,1.2287292540073396,1.0300054681301116
0.85,16,0.759403799294385,0.0471086423323117,8.2172,2.7502043851321307,10,0.1364,0.7084,1771,1.7075951099395752,1.092301845550537,0.0,2.5,0.102719298245614,0.6598997493734335,1.4993188667297364,1.0486135685443878
0.85,17,0.7440559163950685,0.0373764081865411,7.6972,2.129580277895154,7,0.1772,0.7048,1762,1.5973453521728516,1.1013150215148926,0.0,2.5,0.0845989974937343,0.6024310776942355,1.4516964745521546,1.0851297330856324
0.85,18,0.7613317038694336,0.0265394030923515,8.8112,2.0255257490340624,9,0.196,0.734,1835,1.59308922290802,1.1309581995010376,0.0,2.5,0.1092105263157894,0.6089473684210527,1.55826922416687,1.1075417876243592
0.85,19,0.7580919280610986,0.0394748433214729,8.1488,2.573452653537655,9,0.16,0.6596,1649,1.677009105682373,1.0800031423568726,0.0,2.5,0.0913408521303258,0.6423684210526316,1.511581301689148,1.0563299238681794
0.9,0,0.6645477428880111,0.1428461721277913,5.698,3.167269486482008,7,0.12,0.5932,1483,1.65666925907135,1.0647655725479126,0.0,2.5,0.0908395989974937,0.6447243107769424,1.2133406138420104,0.9712240266799926
0.9,1,0.8686277115103805,0.0175584335380118,13.322,1.9823006835492945,13,0.198,0.6936,1734,1.984352827072144,0.9475409984588624,0.0,2.5,0.021578947368421,0.7714285714285715,1.9305030751228327,0.956680496931076
0.9,2,0.5728328280135512,0.1686736639067801,3.732,2.794597645458108,0,0.1584,0.4932,1233,1.5079677104949951,1.086537480354309,0.0,2.5,0.1271553884711779,0.5867042606516291,0.9979528284072876,0.9087600994110108
0.9,3,0.7784099778597745,0.042072377852657,8.82,2.608524487138275,10,0.1456,0.7176,1794,1.732172608375549,1.0768226385116575,0.0,2.5,0.0920802005012531,0.6675814536340852,1.5544591069221496,1.0514195883274078
0.9,4,0.7361142302052452,0.0457234354226939,7.2844,2.438096929984532,8,0.1716,0.6884,1721,1.61828875541687,1.0994651317596436,0.0,2.5,0.0766666666666666,0.6179323308270677,1.4277021527290343,1.0667156434059144
0.9,5,0.7935484164272705,0.0386024323872291,9.5468,2.6455641666759853,9,0.1612,0.72,1800,1.7726134061813354,1.0720888376235962,0.0,2.5,0.1063408521303258,0.6863784461152882,1.6148767852783203,1.0309008002281188
0.9,6,0.74574138593305,0.0391434094929722,7.5824,2.027414668981163,7,0.1892,0.6956,1739,1.602790594100952,1.088024020195007,0.0,2.5,0.0668796992481203,0.5974185463659147,1.4898461961746217,1.0914949870109558
0.9,7,0.7939647534349511,0.0468254973001431,9.3856,2.769424604498198,10,0.1576,0.6832,1708,1.8158341646194456,1.0447195768356323,0.0,2.5,0.0772932330827067,0.7048872180451128,1.6078715705871582,1.0285969281196594
0.9,8,0.6361268522602839,0.0886984708519961,4.4092,2.613073929302422,5,0.126,0.6136,1534,1.4034309387207031,1.136709690093994,0.0,2.5,0.1429573934837092,0.5322932330827068,1.1250954699516296,0.9992595720291138
0.9,9,0.6563572151231707,0.0665892026407563,4.8016,2.2650027461352003,4,0.1612,0.63,1575,1.4834598302841189,1.0848153829574585,0.0,2.5,0.0851629072681704,0.5646741854636591,1.1983416891098022,1.027624348402023
0.9,10,0.7533690454729394,0.0514512828996528,7.6056,2.6881310682330946,8,0.146,0.6912,1728,1.685146689414978,1.0825461149215698,0.0,2.5,0.0747117794486215,0.6509273182957394,1.465471841096878,1.04838191986084
0.9,11,0.8040185737632591,0.0189831794151547,10.2112,2.1759123511759384,10,0.1728,0.7052,1763,1.7573167085647583,1.0719331502914429,0.0,2.5,0.1017919799498746,0.6762907268170426,1.6702786517143249,1.0577035999298097
0.9,12,0.7615774829099908,0.0375119417574064,8.226,2.47607027363926,9,0.1556,0.6856,1714,1.6414965391159058,1.1016981601715088,0.0,2.5,0.0759273182957393,0.627781954887218,1.4797004902362825,1.0514358484745026
0.9,13,0.7493694540011293,0.021570908891734,7.6124,2.0297207295586257,8,0.2008,0.714,1785,1.5629702806472778,1.1320384740829468,0.0,2.5,0.1086591478696741,0.5943107769423559,1.4986511778831482,1.098784327507019
0.9,14,0.7788744224872992,0.0450193250759306,8.856,2.563135579714815,10,0.1564,0.6676,1669,1.7672029733657837,1.0690728425979614,0.0,2.5,0.1043859649122807,0.6857142857142857,1.5569125461578368,1.034657551050186
0.9,15,0.6926019399098895,0.0653398697425732,5.9616,2.553140309501223,5,0.1372,0.6372,1593,1.516039490699768,1.1292049884796145,0.0,2.5,0.1301127819548872,0.5840977443609022,1.2975156342983245,1.048301148414612
0.9,16,0.7684996216929083,0.0438554129488903,8.6208,2.8169855093699008,10,0.1288,0.6944,1736,1.7274316549301147,1.0820714235305786,0.0,2.5,0.0935964912280701,0.6712781954887218,1.5345419192314147,1.0558633267879487
0.9,17,0.7479127632369322,0.0316940649734327,7.9468,2.1233863897086653,9,0.1852,0.7188,1797,1.5738801956176758,1.1215351819992063,0.0,2.5,0.0984586466165413,0.5981077694235589,1.4846184587478637,1.0941127848625185
0.9,18,0.786590833163293,0.0224524944181306,10.2868,1.969300830244074,10,0.1936,0.7484,1871,1.6737912893295288,1.109532117843628,0.0,2.5,0.0919924812030075,0.6439473684210526,1.6567753458023071,1.0980819439888
0.9,19,0.8087876913028115,0.0224396622139335,10.45,2.1777740929674043,10,0.1864,0.6948,1737,1.788503885269165,1.0498368740081787,0.0,2.5,0.0756265664160401,0.6864035087719298,1.7138345336914065,1.0410843539237975
0.95,0,0.6876822885054981,0.0849285219665762,5.61,2.754686915059496,4,0.1232,0.6036,1509,1.623756766319275,1.080872654914856,0.0,2.5,0.1062781954887218,0.6273057644110276,1.2893496572971344,1.0301824402809143
0.95,1,0.8748308571630903,0.018675148628377,13.4384,2.095663484436373,14,0.1936,0.7004,1751,2.0135207176208496,0.9168495535850524,0.0,2.5,0.0128195488721804,0.7804135338345864,1.9631736159324649,0.9463668739795684
0.95,2,0.5926991109502593,0.1185746664604978,3.8372,2.7153445748191887,0,0.1348,0.522,1305,1.454977035522461,1.069502830505371,0.0,2.5,0.0889097744360902,0.5669423558897243,1.0469428384304047,0.9630467295646667
0.95,3,0.7943024120514302,0.0304963854130576,9.666,2.2694589663618068,10,0.1824,0.7492,1873,1.7353678941726685,1.076061487197876,0.0,2.5,0.0855137844611528,0.6676065162907269,1.6364750909805297,1.0599740266799926
0.95,4,0.7653890272257088,0.0271317828547463,8.5948,2.18582088927707,9,0.1896,0.7224,1806,1.650209665298462,1.0955936908721924,0.0,2.5,0.0715037593984962,0.6252130325814537,1.5448817110061646,1.0807691705226898
0.95,5,0.8107539029993214,0.0270761638404718,10.7396,2.3016063607837025,11,0.1804,0.7088,1772,1.8029178380966189,1.0552048683166504,0.0,2.5,0.090250626566416,0.6978696741854636,1.688134598731995,1.0297410929203032
0.95,6,0.7665722910785785,0.034921584043288,8.8204,2.0926881850863497,9,0.178,0.7056,1764,1.6512935161590576,1.0889437198638916,0.0,2.5,0.0681954887218045,0.6249498746867168,1.579936661720276,1.093249156475067
0.95,7,0.7977855238489591,0.0461376183739014,9.7368,2.8235307258820472,11,0.1448,0.6936,1734,1.8299884796142576,1.0310689210891724,0.0,2.5,0.0578947368421052,0.7116416040100251,1.628154184818268,1.0249407756328583
0.95,8,0.6286120928123431,0.0896427660043235,3.9912,2.2664338860862454,4,0.158,0.5768,1442,1.399933934211731,1.1250110864639282,0.0,2.5,0.1286591478696742,0.5357017543859649,1.1044004726409913,0.9980886340141296
0.95,9,0.6885552211177295,0.0773931924543185,5.7136,2.7894757643686385,7,0.1304,0.6312,1578,1.5981844663619995,1.0750101804733276,0.0,2.5,0.0851629072681704,0.6218421052631579,1.2671399569511417,1.0262375175952911
0.95,10,0.7711285873142977,0.0339363589589307,8.2824,2.4969281607607376,9,0.158,0.698,1745,1.6997969150543213,1.077380895614624,0.0,2.5,0.0596992481203007,0.6528320802005012,1.5500192975997924,1.0605682408809662
0.95,11,0.8182719172908962,0.0181622414295287,11.0748,2.0685272442005687,11,0.1968,0.72,1800,1.7801110744476318,1.07905113697052,0.0,2.5,0.0977318295739348,0.6923433583959899,1.745533936023712,1.0502153325080872
0.95,12,0.7624505818577463,0.0411938991629515,8.0344,2.37276561000028,8,0.178,0.6932,1733,1.6625027656555176,1.09469473361969,0.0,2.5,0.062781954887218,0.637406015037594,1.488469544649124,1.0552247297763824
0.95,13,0.7611408789152869,0.0157916000480852,8.5668,1.9178993091400809,9,0.2036,0.7292,1823,1.5961931943893433,1.1228810548782349,0.0,2.5,0.1138220551378446,0.6090601503759399,1.5564322876930237,1.1061369633674625
0.95,14,0.7930816278371818,0.0348596261537074,9.3916,2.4815820437777187,10,0.1508,0.6816,1704,1.7824994325637815,1.057256102561951,0.0,2.5,0.0968922305764411,0.6889724310776942,1.6369019317626954,1.0458809053897855
0.95,15,0.7027154947585595,0.0489309963546778,6.3264,2.0670420992326206,6,0.1972,0.6584,1646,1.4798266887664795,1.1474921703338623,0.0,2.5,0.1637844611528822,0.570062656641604,1.3393829309940335,1.0665826725959775
0.95,16,0.8074163942166449,0.0182400892146221,10.7096,2.045597184198297,11,0.2032,0.7132,1783,1.7746504545211792,1.0547879934310913,0.0,2.5,0.0583458646616541,0.6804511278195489,1.6981945896148682,1.0572562408447266
0.95,17,0.7625403960790734,0.0307054798028808,8.6888,2.0922606338599405,9,0.1856,0.7216,1804,1.595561146736145,1.1277958154678345,0.0,2.5,0.100250626566416,0.6092982456140351,1.542410809993744,1.0916522634029389
0.95,18,0.8099965209458114,0.0193362745552611,11.2272,1.892189250577225,12,0.204,0.7448,1862,1.7483296394348145,1.0903105735778809,0.0,2.5,0.1096115288220551,0.6797117794486216,1.7330739903450012,1.076894724369049
0.95,19,0.8477997425587455,0.0162890992147602,12.3456,1.993329034555008,13,0.1964,0.7104,1776,1.9095004796981807,1.0012434720993042,0.0,2.5,0.065125313283208,0.741516290726817,1.8670170283317569,0.9983389115333556
1.0,0,0.7978166517940898,0.0252232140207328,9.966,2.367286209988137,10,0.168,0.7004,1751,1.7598031759262085,1.0726102590560913,0.0,2.5,0.0883834586466165,0.6806140350877193,1.6576376914978028,1.0500227200984955
1.0,1,0.8767439417183023,0.019444059634873,13.2044,1.9886227998290675,13,0.2016,0.7068,1767,2.0054357051849365,0.9444289803504944,0.0,2.5,0.039298245614035,0.7849248120300751,1.9787321448326112,0.9404625535011292
1.0,2,0.6902655163659676,0.0800444324294584,5.5804,2.7044289304768205,6,0.1292,0.6284,1571,1.5816742181777954,1.0811148881912231,0.0,2.5,0.0728070175438596,0.5949248120300752,1.2798935985565183,1.02420863032341
1.0,3,0.8063688761026957,0.0253408823206112,10.456,2.205825015725409,11,0.2008,0.7436,1859,1.7647777795791626,1.0717947483062744,0.0,2.5,0.0806892230576441,0.6807518796992481,1.6884001636505126,1.0587703788280487
1.0,4,0.7944306701318038,0.0231959379368611,10.35,2.019777215437386,11,0.2144,0.7328,1832,1.7272814512252808,1.080081820487976,0.0,2.5,0.0758521303258145,0.6644486215538847,1.6544856715202332,1.0737943243980408
1.0,5,0.815680529841134,0.0273141727748191,10.6684,2.2303455875715765,11,0.1836,0.7016,1754,1.819339394569397,1.041195034980774,0.0,2.5,0.0786090225563909,0.701453634085213,1.7143862318992615,1.0323998594284058
1.0,6,0.802612243047926,0.0171168009090424,10.8644,1.941446017791893,11,0.2072,0.7332,1833,1.7512156963348389,1.0804808139801023,0.0,2.5,0.0855263157894736,0.6760401002506266,1.7175819849967957,1.0667279505729674
1.0,7,0.8202872589132335,0.0228634630737514,11.0208,2.2631763872928685,11,0.1824,0.7096,1774,1.8357510566711424,1.0453675985336304,0.0,2.5,0.0866917293233082,0.7123558897243107,1.746587929725647,1.023964182138443
1.0,8,0.7157118058151426,0.0388876934835272,6.086,2.344739644395514,7,0.1508,0.6732,1683,1.5107626914978027,1.1400339603424072,0.0,2.5,0.1420551378446115,0.5783333333333334,1.3780983066558838,1.0780998706817626
1.0,9,0.7124729880510118,0.0657026569496472,6.5044,2.7622419589891107,7,0.128,0.6676,1669,1.639621376991272,1.081620454788208,0.0,2.5,0.096704260651629,0.6429072681704261,1.332927542924881,1.0334811437129974
1.0,10,0.7884415491297827,0.0296540610669259,9.43,2.409211489263656,10,0.1724,0.7048,1762,1.7330920696258545,1.0706747770309448,0.0,2.5,0.0699498746867167,0.6642355889724311,1.608475778102875,1.0547602307796478
1.0,11,0.8334891229867928,0.0122959903927683,12.4164,1.8479748483136884,12,0.2092,0.728,1820,1.8379393815994265,1.0422072410583496,0.0,2.5,0.0673809523809523,0.712468671679198,1.8189582896232608,1.034126218557358
1.0,12,0.7707909653355256,0.0306797119542555,8.4592,2.344255822217362,8,0.168,0.706,1765,1.6640487909317017,1.104960560798645,0.0,2.5,0.0928320802005012,0.6375187969924812,1.531145031452179,1.0639339411258697
1.0,13,0.7735510429215114,0.0142811771618536,9.17,1.9724857413933312,9,0.2096,0.7544,1886,1.6200227737426758,1.1157691478729248,0.0,2.5,0.0978070175438596,0.6168796992481203,1.5953139352798462,1.1038759088516237
1.0,14,0.8231819191035985,0.0196342039900496,11.1464,2.11607349588808,12,0.1928,0.7012,1753,1.8265217542648315,1.0406745672225952,0.0,2.5,0.068796992481203,0.7048872180451128,1.764551022052765,1.0321928942203522
1.0,15,0.6914678639866294,0.0541685461323733,6.3724,2.270884902411393,7,0.1752,0.6828,1707,1.4652938842773438,1.1476231813430786,0.0,2.5,0.1733082706766917,0.5623934837092732,1.3221696650981902,1.076366684436798
1.0,16,0.8307467470228886,0.0161552989808205,12.2164,1.9853390239452808,13,0.2064,0.724,1810,1.840297818183899,1.027535915374756,0.0,2.5,0.0435964912280701,0.7084711779448621,1.8068201780319213,1.0356314313411712
1.0,17,0.7829164177411291,0.0309635761019206,9.2456,2.105535713304336,10,0.1872,0.7108,1777,1.6730552911758425,1.1109462976455688,0.0,2.5,0.0877944862155388,0.6440100250626566,1.6113735461235046,1.0796900081634522
1.0,18,0.811268569790776,0.017562327341296,11.1324,1.8552817144574028,11,0.2148,0.7384,1846,1.750100016593933,1.0910388231277466,0.0,2.5,0.0986215538847117,0.6793734335839599,1.7371450781822204,1.0759666299819943
1.0,19,0.879426350514817,0.0117088826251871,13.652,1.897918860225589,14,0.206,0.7028,1757,2.0245518684387207,0.9318071007728576,0.0,2.5,0.0472055137844611,0.7929699248120301,2.007567477226257,0.9296757280826567
1.05,0,0.8445655454720643,0.0153368475751692,12.4716,2.167300957412237,12,0.1856,0.7236,1809,1.8922525644302368,1.0192841291427612,0.0,2.5,0.076265664160401,0.7377318295739348,1.8512386178970337,1.0028555476665495
1.05,1,0.887638819847528,0.0182336717098288,13.4912,1.9410107057922168,14,0.2044,0.682,1705,2.0467278957366943,0.9136512279510498,0.0,2.5,0.0387343358395989,0.8023182957393483,2.0269395017623903,0.9127088248729706
1.05,2,0.7309558232818707,0.0553598255030663,7.2516,2.5534873095435584,8,0.1584,0.67,1675,1.6060550212860107,1.0953940153121948,0.0,2.5,0.0744736842105263,0.6064160401002506,1.418130762577057,1.0557249248027802
1.05,3,0.8148127480317671,0.0168089321747967,11.376,2.059180419487326,11,0.1932,0.7464,1866,1.769030213356018,1.074018478393555,0.0,2.5,0.0794987468671679,0.6838220551378447,1.7366933989524842,1.0574605119228364
1.05,4,0.8006102495079033,0.0195403487888336,10.6392,1.965762793421424,11,0.2048,0.7344,1836,1.737977147102356,1.074215531349182,0.0,2.5,0.070438596491228,0.6686842105263158,1.694467575550079,1.075786600112915
1.05,5,0.8354181768990111,0.0220257936759476,11.7364,2.131411513528066,12,0.1992,0.7064,1766,1.8787870407104488,1.0178039073944092,0.0,2.5,0.0593358395989974,0.7295488721804512,1.7978664660453796,1.0116363704204558
1.05,6,0.8795089563516846,0.0160591302689285,13.4204,2.022983895141037,13,0.1936,0.6872,1718,2.0359206199646,0.9218515753746032,0.0,2.5,0.0469674185463659,0.7975814536340852,2.006398980617523,0.9290711855888368
1.05,7,0.8328926407666725,0.0180863903062974,11.7,2.093704850259463,12,0.188,0.7088,1772,1.8709022998809812,1.0220551490783691,0.0,2.5,0.0709273182957393,0.7251629072681705,1.803181614875793,1.0169865047931672
1.05,8,0.7804359580875211,0.0209214126931842,9.3688,1.9909762831334783,9,0.1856,0.7208,1802,1.6629197597503662,1.0979293584823608,0.0,2.5,0.072593984962406,0.6334586466165414,1.6103327751159668,1.0888734078407287
1.05,9,0.7413084164157367,0.0548116042216355,7.244,2.516756642983187,8,0.158,0.6984,1746,1.6679705381393433,1.0933547019958496,0.0,2.5,0.1173558897243107,0.6486967418546365,1.4359280109405517,1.0461130368709564
1.05,10,0.7820300743408559,0.0318017470559254,9.1376,2.3614119166295406,9,0.1676,0.708,1770,1.7271101474761963,1.077592134475708,0.0,2.5,0.0798245614035087,0.6633583959899749,1.6055182218551636,1.0656372964382173
1.05,11,0.8742426777845483,0.012998788554899,13.5692,2.021586347401465,13,0.1996,0.7216,1804,2.005106210708618,0.9444238543510436,0.0,2.5,0.0520802005012531,0.7842355889724311,1.9800973749160768,0.9520307505130768
1.05,12,0.7765538194298298,0.0260715148795226,8.79,2.1440848863792685,9,0.1944,0.7084,1771,1.6621277332305908,1.1078813076019287,0.0,2.5,0.0855388471177944,0.6376315789473684,1.5603554081916808,1.0693370354175569
1.05,13,0.7918146239847955,0.0115300143640964,9.982,1.9364080148563727,10,0.2056,0.7632,1908,1.6924036741256714,1.0952098369598389,0.0,2.5,0.072719298245614,0.650438596491228,1.6608879256248474,1.09146790266037
1.05,14,0.8584481362416977,0.0146558563421002,12.954,1.8596462029106504,13,0.2132,0.7044,1761,1.9382977485656736,0.9961371421813964,0.0,2.5,0.0631578947368421,0.7589348370927318,1.9160220789909364,0.9836621642112732
1.05,15,0.7376947163176083,0.0317764952165371,7.5688,2.235993416806051,8,0.168,0.6684,1671,1.5689023733139038,1.123551845550537,0.0,2.5,0.1039974937343358,0.6017042606516291,1.456502718925476,1.087139241695404
1.05,16,0.8686199963864955,0.0150010735032917,13.5632,1.9802034642935051,14,0.2036,0.7196,1799,1.9785751104354856,0.9699618220329284,0.0,2.5,0.0515037593984962,0.7760526315789473,1.9562924075126649,0.9660452663898468
1.05,17,0.8116906877825195,0.0239502087992072,11.2052,2.0436959069294045,11,0.1912,0.7436,1859,1.760892033576965,1.0759501457214355,0.0,2.5,0.086516290726817,0.6793358395989975,1.7269603681564332,1.062321685552597
1.05,18,0.8361794057385076,0.0106558930367538,12.4108,1.9019051921691577,12,0.208,0.7488,1872,1.8574079275131223,1.042572021484375,0.0,2.5,0.0826441102756892,0.724812030075188,1.8360396528244016,1.038200659751892
1.05,19,0.8928150431800724,0.0090606551094333,13.4936,1.835308976712096,14,0.204,0.668,1670,2.07293963432312,0.8981346487998962,0.0,2.5,0.055250626566416,0.8152631578947368,2.0665480518341064,0.8908460760116577
1.1,0,0.8694029212733618,0.0108762363415517,13.8632,2.060214979073786,14,0.196,0.6948,1737,1.9887008666992188,0.9633320569992064,0.0,2.5,0.0638847117794486,0.7798872180451127,1.9658169078826904,0.9537379086017608
1.1,1,0.9141066249568776,0.0113780215369342,13.68,1.9861520586299528,14,0.1976,0.6696,1674,2.161939144134521,0.8103295564651489,0.0,2.5,0.0296741854636591,0.8514912280701754,2.134238121509552,0.8261304891109467
1.1,2,0.7826184680287597,0.0329762023270289,9.2992,2.123223812978745,9,0.184,0.7032,1758,1.7116228342056274,1.0819157361984253,0.0,2.5,0.0811152882205513,0.6594736842105263,1.6019918394088746,1.0640757727622985
1.1,3,0.8394639508138542,0.0142053996744297,12.6108,1.9229465307178983,12,0.204,0.7404,1851,1.8592816591262815,1.0396242141723633,0.0,2.5,0.0913157894736842,0.724812030075188,1.8369374895095825,1.0235149919986726
1.1,4,0.8172469318509232,0.021006593123173,11.712,2.0070515688442088,12,0.19,0.7468,1867,1.7944352626800537,1.0662181377410889,0.0,2.5,0.0757268170426065,0.6959147869674186,1.7614948892593385,1.056086971759796
1.1,5,0.8369276749183915,0.018548358356239,12.4252,1.961531279383533,13,0.2032,0.7056,1764,1.876485109329224,1.012184739112854,0.0,2.5,0.0487719298245614,0.7251253132832081,1.821990892887116,1.0147939801216126
1.1,6,0.896447771439296,0.0101964673595149,13.8744,1.9358266038052063,14,0.1968,0.6828,1707,2.1033408641815186,0.8867946863174438,0.0,2.5,0.0718671679197995,0.8331203007518797,2.10628643989563,0.8642776691913605
1.1,7,0.8641354394026676,0.0152480113634708,12.966,1.9809199882882704,13,0.2068,0.6896,1724,1.970669269561768,0.962402641773224,0.0,2.5,0.0422681704260651,0.7677694235588972,1.934496681690216,0.967037581205368
1.1,8,0.8198345046420492,0.0161333197185588,11.4348,2.0392520589667185,12,0.1944,0.742,1855,1.801800847053528,1.0472866296768188,0.0,2.5,0.0615413533834586,0.6927694235588973,1.770871512889862,1.0529135322570802
1.1,9,0.7875997047343125,0.0284054935544622,9.5144,2.2201334734650526,10,0.174,0.7096,1774,1.7210742235183716,1.074954867362976,0.0,2.5,0.0729448621553884,0.6569548872180451,1.6030164790153505,1.0512450277805327
1.1,10,0.8183152641379698,0.0215682394393848,11.1512,2.1217772173345626,10,0.1732,0.716,1790,1.802994966506958,1.0549575090408323,0.0,2.5,0.0757769423558897,0.696203007518797,1.746084945201874,1.0438455104827882
1.1,11,0.9015327179582427,0.0080421319412648,13.9208,1.9345612835989456,14,0.2108,0.6688,1672,2.121898412704468,0.8602541089057922,0.0,2.5,0.0482957393483709,0.8376817042606516,2.113477625846863,0.8597576713562012
1.1,12,0.7779713043227313,0.0255679619841899,9.62,2.104566463668943,9,0.1988,0.716,1790,1.6431437730789185,1.1235116720199585,0.0,2.5,0.1186340852130325,0.6336716791979949,1.6034970688819885,1.0814936912059785
1.1,13,0.8325315169373793,0.0101533216555374,12.2128,1.937296095076847,13,0.2036,0.7612,1903,1.830118417739868,1.0530564785003662,0.0,2.5,0.0855263157894736,0.7119298245614035,1.819280424118042,1.041510192155838
1.1,14,0.90726412168314,0.0091584572711868,13.2344,2.0260939366179445,13,0.1964,0.6428,1607,2.133458137512207,0.8486737608909607,0.0,2.5,0.0521804511278195,0.8424937343358396,2.118938603401184,0.8422682332992554
1.1,15,0.7640823678347107,0.0301727099408004,8.6872,2.028338275534926,9,0.192,0.6956,1739,1.611933350563049,1.129550814628601,0.0,2.5,0.1304636591478696,0.6189974937343359,1.570991144180298,1.0918391847610474
1.1,16,0.8801995271575223,0.0150593514303227,13.8344,1.86627346334882,14,0.2176,0.6964,1741,2.020735025405884,0.9522993564605712,0.0,2.5,0.0845488721804511,0.7979573934837093,2.018241496086121,0.9343403244018554
1.1,17,0.8236602680122891,0.0180932235187443,12.0704,2.1588524359020003,13,0.1876,0.746,1865,1.7991572618484497,1.0696760416030884,0.0,2.5,0.0926065162907268,0.6996115288220551,1.780463683605194,1.0509281599521636
1.1,18,0.858556905396436,0.0092932191538037,13.2912,1.8929349064349783,13,0.2028,0.7412,1853,1.935986280441284,0.9989429116249084,0.0,2.5,0.0645614035087719,0.7581954887218045,1.9295106410980225,0.9941842734813692
1.1,19,0.9244221001460714,0.0092697187956952,12.4736,1.929275262890187,12,0.2028,0.5896,1474,2.20892333984375,0.769593358039856,0.0,2.5,0.0438095238095238,0.8743609022556391,2.2030207824707038,0.7675387489795685
1.15,0,0.8987346452385909,0.0111722206054393,13.5456,1.8935471053026385,14,0.2108,0.6692,1673,2.1033568382263184,0.8732508420944214,0.0,2.5,0.0416917293233082,0.8286842105263158,2.0786729001998903,0.8769518446922302
1.15,1,0.9264462556920076,0.0102175700776615,13.2924,1.868823758410621,14,0.2124,0.6172,1543,2.2085161209106445,0.7700322866439819,0.0,2.5,0.0304761904761904,0.8745864661654136,2.192997975349426,0.7721600139141083
1.15,2,0.8368113870796158,0.0267244391570236,11.98,1.8866902236456309,12,0.2196,0.72,1800,1.8416752815246584,1.05883526802063,0.0,2.5,0.1176942355889724,0.7217543859649123,1.8428453087806704,1.0220028352737427
1.15,3,0.8692425429066023,0.0132095251356817,13.3804,1.8881990996714304,13,0.2096,0.736,1840,1.9763866662979128,0.9743462800979614,0.0,2.5,0.0773934837092731,0.7757268170426065,1.9568559074401852,0.9654536819458008
1.15,4,0.8375982540979058,0.0221788447835204,12.2016,1.9403498241296595,13,0.1976,0.7312,1828,1.866200804710388,1.034761667251587,0.0,2.5,0.0801629072681704,0.7292481203007519,1.8352927708625792,1.0268377697467803
1.15,5,0.8445993987253083,0.0168027368710903,12.8336,1.9535380825568769,13,0.2096,0.716,1790,1.8881819248199463,1.0141812562942505,0.0,2.5,0.0495238095238095,0.7333959899749374,1.855069663524628,1.005722426176071
1.15,6,0.9235559074696864,0.0096751872248616,12.9184,1.8722557090312213,13,0.2272,0.5932,1483,2.215174674987793,0.7683913111686707,0.0,2.5,0.0333583959899749,0.8790852130325815,2.209233179092408,0.7628350758552551
1.15,7,0.9121783010776148,0.0100577282401929,13.374,1.7773362090499365,13,0.2172,0.6312,1578,2.1598949432373047,0.8158166408538818,0.0,2.5,0.0434085213032581,0.8515037593984962,2.1374940633773805,0.8251327657699585
1.15,8,0.8810907797287415,0.0105592327708949,13.8336,1.939977072029461,14,0.2132,0.7148,1787,2.026890993118286,0.9393677115440368,0.0,2.5,0.0613408521303258,0.7975187969924812,2.025762314796448,0.9237753701210022
1.15,9,0.7829646812901129,0.0271502497339861,9.894,2.1100625583143264,10,0.1836,0.7292,1823,1.7028608322143557,1.0809298753738403,0.0,2.5,0.0755263157894736,0.6490601503759399,1.6216246128082277,1.0690958070755006
1.15,10,0.8549286683359092,0.014484167107528,12.928,1.972312348488444,13,0.2008,0.706,1765,1.9499534368515012,0.98639976978302,0.0,2.5,0.0631829573934837,0.7672055137844611,1.911501557826996,0.9872216975688934
1.15,11,0.9249241545093376,0.0143162287855993,12.764,1.846159256402329,13,0.204,0.6212,1553,2.201320171356201,0.7893404960632324,0.0,2.5,0.0570050125313283,0.8746616541353384,2.197846727371216,0.7756850695610047
1.15,12,0.7919229632194161,0.0298362904268401,9.9292,1.905619941121524,10,0.2196,0.7072,1768,1.679309964179993,1.1236257553100586,0.0,2.5,0.1537218045112782,0.6531578947368422,1.6581719708442688,1.07468061208725
1.15,13,0.8471868473983597,0.0119600382108694,13.0308,1.9667870652411763,13,0.202,0.7484,1871,1.8815877437591555,1.0348252058029177,0.0,2.5,0.0838220551378446,0.7370927318295739,1.882775480747223,1.0157327699661254
1.15,14,0.9271523885188832,0.0103886301458366,13.0596,1.9011701238973853,13,0.2068,0.6,1500,2.212221145629883,0.7775903940200806,0.0,2.5,0.0651378446115288,0.8794611528822055,2.2117973041534422,0.7558240413665771
1.15,15,0.8019722990894663,0.0267673697626371,10.4444,2.082044341506684,11,0.1968,0.6968,1742,1.740351319313049,1.0903807878494265,0.0,2.5,0.1051629072681704,0.6770676691729324,1.7128531384468078,1.0665111446380615
1.15,16,0.897125610626187,0.0135528675459502,13.7796,1.9139027770500776,13,0.206,0.6928,1732,2.080872774124145,0.9087555408477784,0.0,2.5,0.0866165413533834,0.8248370927318296,2.085182819366455,0.8815210461616516
1.15,17,0.8557375138262767,0.0158768698926861,12.9372,1.940014474172809,13,0.2096,0.7292,1823,1.9282889366149905,1.0010855197906494,0.0,2.5,0.0606265664160401,0.7542230576441102,1.9039409160614011,0.9981977653503418
1.15,18,0.8744171400399285,0.0134155883780897,13.6068,1.9341648740477115,14,0.1928,0.722,1805,2.001408100128174,0.9631384015083312,0.0,2.5,0.0531328320802005,0.7886842105263158,2.0020904326438904,0.9490420758724212
1.15,19,0.9347250536584772,0.0089142423901708,11.7424,1.7744977430247693,12,0.2212,0.5672,1418,2.2489912509918213,0.7264339327812195,0.0,2.5,0.0341854636591478,0.8931954887218045,2.24855028629303,0.7177325832843781
1.2,0,0.9148137515685476,0.0090888761096729,13.672,1.9288379921600467,13,0.1964,0.6688,1672,2.16547966003418,0.8162030577659607,0.0,2.5,0.035375939849624,0.8560275689223058,2.150917315483093,0.8176017653942108
1.2,1,0.9284430057403326,0.0103315641277781,13.1,1.684636459299157,13,0.2296,0.612,1530,2.227968454360962,0.7510743141174316,0.0,2.5,0.0396115288220551,0.8838345864661654,2.2094458150863647,0.7554086220264434
1.2,2,0.8798122958841185,0.0169138557902578,13.3048,1.994967909516341,13,0.184,0.6772,1693,2.0228867530822754,0.9358316659927368,0.0,2.5,0.0619924812030075,0.7937218045112782,2.008736870288849,0.9327946937084198
1.2,3,0.8840257232250979,0.0110522274616421,13.8364,1.9407305428626611,13,0.2056,0.7084,1771,2.042458295822144,0.9214261770248412,0.0,2.5,0.0452130325814536,0.8021052631578948,2.017128365039825,0.9285362315177916
1.2,4,0.8595328090865741,0.0142113293448916,13.0848,1.9062027594146431,13,0.1984,0.7352,1838,1.927748680114746,1.0137460231781006,0.0,2.5,0.0791854636591478,0.7585087719298246,1.9308452367782596,0.984727908372879
1.2,5,0.8587170785146493,0.016898644144932,13.1832,1.9514194218568188,13,0.2032,0.7056,1764,1.9502465724945068,0.9753988981246948,0.0,2.5,0.0501127819548872,0.7589724310776942,1.907167387008667,0.9796194469928742
1.2,6,0.935667205073088,0.0085772488529576,11.624,1.569274991835402,12,0.248,0.558,1395,2.267809629440308,0.7076283097267151,0.0,2.5,0.0509774436090225,0.9026065162907267,2.2662402248382567,0.6964507353305817
1.2,7,0.9383182401088146,0.0079322088166609,11.9076,1.5899252309464116,12,0.26,0.5276,1319,2.2671501636505127,0.6916720271110535,0.0,2.5,0.0238471177944862,0.8979197994987469,2.2594630098342896,0.6997384428977966
1.2,8,0.918431106429462,0.0106026060904072,13.1484,1.918535232931624,13,0.2072,0.6224,1556,2.187453269958496,0.792705237865448,0.0,2.5,0.0302380952380952,0.8655012531328321,2.1819492769241333,0.791830049753189
1.2,9,0.7970257918876019,0.0289299974886407,10.1376,1.989639726181602,10,0.2168,0.6928,1732,1.7159481048583984,1.093266248703003,0.0,2.5,0.0934461152882205,0.6605639097744361,1.6692712879180909,1.0607509887218476
1.2,10,0.9074247083096404,0.0097493481180327,13.6776,1.9958101713339371,13,0.2112,0.674,1685,2.130159854888916,0.8554249405860901,0.0,2.5,0.0493984962406015,0.8423182957393484,2.120584368705749,0.8445735585689544
1.2,11,0.9402676629319352,0.0088958321440764,11.8112,1.6907851903775355,12,0.2252,0.5564,1391,2.275920152664185,0.6829134821891785,0.0,2.5,0.019110275689223,0.9026315789473685,2.267006812095642,0.6921323478221894
1.2,12,0.8120656242452544,0.0280930805267744,11.0868,2.0577817571355808,11,0.2132,0.7348,1837,1.7621121406555176,1.0861107110977173,0.0,2.5,0.1128696741854636,0.6849749373433583,1.7365327858924866,1.0579170656204224
1.2,13,0.872585843571344,0.0131880872589497,13.848,1.832183396933833,14,0.218,0.722,1805,2.0003581047058105,0.952858567237854,0.0,2.5,0.040250626566416,0.7843984962406015,1.9773528456687928,0.9598887395858764
1.2,14,0.9467816769622166,0.0090704031955184,10.7272,1.720691767865471,11,0.2136,0.466,1165,2.3043999671936035,0.6508187055587769,0.0,2.5,0.0255764411027568,0.917092731829574,2.300880212783813,0.641502879858017
1.2,15,0.8466220606167971,0.0193689048383499,12.2372,1.802258627389532,12,0.208,0.688,1720,1.9016650915145876,1.0078791379928589,0.0,2.5,0.0658270676691729,0.7423684210526316,1.8822624158859251,1.0030780816078186
1.2,16,0.916933438489444,0.0140092081151405,12.926,1.8621825904029925,13,0.2088,0.622,1555,2.174909830093384,0.809105396270752,0.0,2.5,0.0359273182957393,0.8610651629072682,2.1686665058135985,0.8044394290447235
1.2,17,0.8715706254466928,0.0209738472658553,13.3192,1.9660395113018456,13,0.2092,0.7024,1756,1.9997531175613403,0.9539610147476196,0.0,2.5,0.0538721804511278,0.7843859649122807,1.9782320284843444,0.9589405393600464
1.2,18,0.9133136424077504,0.0115181037941897,13.0768,1.9325893924990896,13,0.2036,0.6484,1621,2.1596715450286865,0.8302208781242371,0.0,2.5,0.0578696741854636,0.8559774436090225,2.1594322776794432,0.8182779920101165
1.2,19,0.9525554619957016,0.0076136786887991,9.902,1.520919458748556,10,0.2508,0.4316,1079,2.339449644088745,0.5915135145187378,0.0,2.5,0.0240852130325814,0.9312155388471178,2.330208802223205,0.6031645500659942
