replication,K,R_mean_mean,R_mean_std,R_std_mean,R_std_std,cluster_mean_mean,cluster_mean_std,cluster_std_mean,cluster_std_std,dominant_fraction_mean,dominant_fraction_std,switching_rate_mean,switching_rate_std,memory_score_mean,memory_score_std,reorganization_score_mean,reorganization_score_std
baseline_shifted_seeds,0.4,0.1044021523115372,0.023894163907716093,0.047192404734183076,0.01168370080967352,0.0595,0.017949001829256878,0.24072034211866716,0.038348068041613885,0.9423,0.017461385970191486,0.039,0.00973538791100682,0.58455,0.16329990304140823,0.0006135436781525528,0.0003536035519116569
baseline_shifted_seeds,0.425,0.11694357103858119,0.028406459632420358,0.053362192195357636,0.011602449634028573,0.0708,0.03472847054891226,0.25835898094211796,0.05727649281773783,0.93165,0.03371700032789261,0.041999999999999996,0.015405626677721789,0.5055,0.2002072537258439,0.0010037736659151706,0.001153546782128674
baseline_shifted_seeds,0.45,0.12582810618931622,0.03249437725548739,0.061305010302535864,0.016862658616934305,0.0881,0.042864644846047406,0.2932557349796421,0.0787811589259903,0.9178000000000001,0.03698963818873243,0.05155,0.018132919725675118,0.47585,0.15782322213300692,0.0016677064942932317,0.0017120465301722083
baseline_shifted_seeds,0.475,0.1377450056924836,0.03587640376398984,0.06280516729148525,0.017145797028483043,0.10895000000000002,0.0443799566871753,0.3312870489733844,0.07269545440860654,0.8999,0.03963219790916361,0.059550000000000006,0.020083782844208746,0.4382,0.20272438870983872,0.002464016948214578,0.0018806874991817589
baseline_shifted_seeds,0.5,0.17805661846270496,0.04447478631305184,0.06636012619223643,0.01450205951290344,0.18065,0.1062261868739426,0.42759583878954127,0.13090188713463838,0.84595,0.07888650426755868,0.09065,0.03975274274255244,0.33175,0.16509782453644464,0.008940092722312042,0.01201210467882111
baseline_shifted_seeds,0.525,0.21784768123264486,0.05317315873928778,0.07036755913112105,0.016906992723860915,0.31015000000000004,0.19267013405184405,0.5676574957957436,0.22013213826372888,0.7607,0.11141867986214082,0.13095,0.05565042178137058,0.15195,0.06482774183257589,0.026767278706960995,0.031049232228923963
baseline_shifted_seeds,0.55,0.26012125799436864,0.05808466478542471,0.08834083084730485,0.019464326059616736,0.6494500000000001,0.4394347663634375,0.8945493244915668,0.27457761714167794,0.6187,0.16517939742393217,0.20475,0.07851371076301118,0.14375,0.07398958260007507,0.09661951263248303,0.11239115067876444
baseline_shifted_seeds,0.575,0.304168729999955,0.06763932159430643,0.1003867885888516,0.024989619372349912,1.17355,0.6615735639787578,1.313318099114314,0.37180392912089966,0.476,0.16614083717670916,0.2768,0.0904056291266079,0.15155000000000002,0.07865623165253836,0.2331007389129527,0.1986834908346946
baseline_shifted_seeds,0.6,0.36148719530623424,0.05617859511138755,0.10117665009022705,0.023728136185551252,2.1105,0.7794989843910426,1.778434553642152,0.25885106917479395,0.3146,0.11805478953999848,0.36469999999999997,0.07407211201105163,0.11234999999999999,0.025715375858726144,0.4731640818427543,0.195849765770605
baseline_shifted_seeds,0.625,0.39787024896637757,0.052811149794036394,0.09866464685000463,0.03471339534167959,3.0788,1.006255550709328,1.9315185501557512,0.23173605772330363,0.25535,0.04014629497226363,0.4107,0.05967513906328348,0.1038,0.013079245645933352,0.5876713781718819,0.09734805571618033
baseline_shifted_seeds,0.65,0.4732783606610765,0.08233135734708437,0.06430901631563353,0.04968264821511891,4.39075,0.7349344736475188,1.757678833380525,0.40921841992602465,0.2426,0.045294591288585435,0.4035,0.08294610030348355,0.0995,0.0,0.5537435109194662,0.20052922543409563
baseline_shifted_seeds,0.675,0.5991971885159401,0.07248031853662075,0.023865842037670233,0.05283178127357429,3.7887500000000003,1.195765125813222,1.232335896677973,0.3202479295776542,0.34665,0.09698741327271976,0.20005,0.1195794598675802,0.0995,0.0,0.19446980557455656,0.14699517645576463
baseline_shifted_seeds,0.7,0.6913388430924992,0.034479449290403516,0.0022448099122188503,0.0010788052515338692,2.0631,0.608601803772841,0.7753468947944684,0.23499182664882304,0.47985,0.13206607142723,0.0522,0.03770366914063757,0.0995,0.0,0.028411724923793808,0.027342932217142155
baseline_shifted_seeds,0.725,0.74050242928845,0.02424832404028435,0.0009567547506687012,0.0007549652281419934,1.3323,0.30423895944544066,0.38228879267814303,0.27106124562682177,0.72445,0.2224961235617376,0.01185,0.010929191288573104,0.4138,0.41781948521128387,0.0032720653240741167,0.004195729942800347
baseline_shifted_seeds,0.75,0.7743830302206469,0.018857076163243055,0.0005154095089054071,0.0006583133786604642,1.1773,0.22071552832649644,0.226239961678501,0.23766545053384602,0.8227,0.2207155283264964,0.00585,0.007075191399060051,0.6295,0.4569710664315144,0.00120727216862524,0.0015853758360004275
baseline_shifted_seeds,0.775,0.7999816643150498,0.01545493676470302,0.00020404011729158173,0.0003148063384211161,1.13345,0.2066793611692598,0.16779617309724942,0.2334305018960983,0.8665499999999999,0.20667936116925978,0.00465,0.0070555336832556865,0.7165,0.4277590832855958,0.0009535697421252945,0.0015380482544012188
baseline_shifted_seeds,0.8,0.8203656431093183,0.013091563368724718,3.905303242621865e-05,6.391800964342498e-05,1.189,0.34985703429321596,0.1068889954366953,0.18765746766836802,0.9391999999999999,0.1246520044853761,0.0025499999999999997,0.0048330459684688834,0.8398,0.308592701721145,0.0003144875853176677,0.0007316999932627335
baseline_shifted_seeds,0.825,0.837118772528574,0.011336587082130216,7.39996098606412e-06,1.2563461103484271e-05,1.20535,0.41914940653661914,0.02250283315496073,0.07116020657642864,0.99465,0.01691818548190083,0.00030000000000000003,0.0009486832980505138,0.9850999999999999,0.04711793713650886,3.6117059252727703e-06,1.1421216962587847e-05
baseline_shifted_seeds,0.85,0.851189515923527,0.009973611055624223,1.411581697033462e-06,2.4748784770788338e-06,1.3042500000000001,0.4802922287524544,0.020172691937369185,0.06379165305900135,0.9957499999999999,0.013439680055715606,0.00015000000000000001,0.0004743416490252569,0.9916,0.026563132345414367,1.2860099683466925e-06,4.06672059365659e-06
baseline_shifted_seeds,0.875,0.8632063267639716,0.008881942457046712,2.6268672415258383e-07,4.6970448843364583e-07,1.4,0.5163977794943222,0.0,0.0,1.0,0.0,0.0,0.0,1.0,0.0,0.0,0.0
baseline_shifted_seeds,0.9,0.8736045138545894,0.007987099737954903,4.7934298834392615e-08,8.639134170049366e-08,1.4,0.5163977794943222,0.0,0.0,1.0,0.0,0.0,0.0,1.0,0.0,0.0,0.0
higher_noise,0.4,0.07850777001928202,0.014169003444530356,0.03175164430601406,0.0035850418502863597,0.040150000000000005,0.010734290847559516,0.19832462931531394,0.025854645121940197,0.9606,0.010561460336735865,0.03055,0.005325254297527334,0.6244500000000001,0.1112263582869536,0.0002599913026750004,0.00014706502270219948
higher_noise,0.425,0.08346790452610453,0.015501123623754918,0.035625400931656434,0.004021079237025724,0.04065,0.01476867932107976,0.1990581922800592,0.03616491679630017,0.96035,0.014245954591469915,0.029699999999999997,0.008866917289691061,0.66045,0.1510219722792386,0.00028082700821839237,0.00021198538916286384
higher_noise,0.45,0.09296763583696618,0.018906835974576163,0.04199327044995937,0.005702185287091455,0.05225,0.015622722056173327,0.22458471916206593,0.03593170866605421,0.94885,0.014406884928163109,0.03725,0.010525762046838541,0.6016999999999999,0.14034227999984739,0.0004923453027174572,0.00034314802212082496
higher_noise,0.475,0.10605362152853015,0.022223665222402534,0.04859626303784342,0.008750784693028738,0.054700000000000006,0.01789661668832656,0.23156335930561855,0.042138140905795485,0.9471999999999999,0.016328570734213795,0.038400000000000004,0.010923471161779216,0.55185,0.162735991033876,0.0005478476293919313,0.0003648608173085745
higher_noise,0.5,0.1252633821011518,0.0343102496859139,0.0523887075872018,0.012159797487107597,0.0781,0.038491557515902115,0.2720925986135631,0.07096609346659392,0.9258,0.03517748648717751,0.051949999999999996,0.020620176203579508,0.45694999999999997,0.21189888180712776,0.0014431106842921417,0.0013975903908087146
higher_noise,0.525,0.15823906694082115,0.04369665362362878,0.05791671151958605,0.015151511259999301,0.12745,0.07634041088004002,0.34631322649350427,0.11069765708480625,0.8839,0.06461157447048908,0.08059999999999999,0.03653369829501403,0.3539,0.20686748307927844,0.004985432956424013,0.005940941855196567
higher_noise,0.55,0.20076946800387457,0.062150704830402984,0.06694524463669735,0.013007421113757866,0.23605,0.1699039679740686,0.4644135300773658,0.1558840312578541,0.80115,0.1261927648040445,0.1278,0.06790647162744423,0.2853,0.16007623183970818,0.020416716102010964,0.029497507526652016
higher_noise,0.575,0.23722468913274364,0.08417243846511718,0.07784369352785217,0.01906688354461957,0.5385,0.4836536869381737,0.7482156145157074,0.36977822812371447,0.6698500000000001,0.2198580413206061,0.1963,0.11943436133151408,0.21605,0.17295125356906524,0.09607292711513221,0.1390519953609713
higher_noise,0.6,0.28025491304084554,0.07208509984079232,0.08721975365702846,0.023510223138811365,0.9597,0.6545029157052447,1.128487201346378,0.479068408937155,0.54665,0.20889165852182798,0.27405,0.12349549024604548,0.14015,0.06016230362758542,0.21069916600762134,0.20385937425666523
higher_noise,0.625,0.33653252131792744,0.06064328142663711,0.10653194829167308,0.023570609165302226,1.7868000000000002,0.805683084924422,1.646023720859405,0.4157175327980928,0.36665000000000003,0.14588390551698596,0.36525,0.09997367709107786,0.1018,0.00727323861838727,0.43062030734303774,0.2476087066135163
higher_noise,0.65,0.36090626325222075,0.06680465133150415,0.10651298954463932,0.03853098856938506,2.5820999999999996,1.0427579830004232,1.8707792203151812,0.2743374014216868,0.30005000000000004,0.13275969309662897,0.41705,0.10255038057245595,0.10745,0.013380022421505875,0.5653593512270823,0.20591263221876158
higher_noise,0.675,0.40436454879968176,0.07619598447825214,0.09976801950755554,0.05921652950004202,3.6890500000000004,1.4565926077664955,1.9644174833803714,0.4207509503383054,0.28104999999999997,0.07459909516877533,0.4444,0.07680813035668096,0.1058,0.015046594299043219,0.6129307242839005,0.12139079366922526
higher_noise,0.7,0.48403477611371637,0.11620564258072526,0.07638035030336399,0.07683091402413905,4.309900000000001,1.03441740983888,1.7780905995086929,0.5384528968760793,0.26665,0.046859156581777646,0.3782,0.07694052537151305,0.1032,0.011700427342623004,0.5136800453567023,0.22681639630893277
higher_noise,0.725,0.5571570189415249,0.13260060938906623,0.04386329985609486,0.0634852916376117,4.0428,1.1107306204076266,1.4636333037756284,0.5098969962200852,0.28995000000000004,0.07331759300771162,0.30085,0.1798385155261983,0.0995,0.0,0.3725547064985074,0.31692990665426474
higher_noise,0.75,0.645991086955447,0.09644293973974552,0.017917253712778716,0.04562055487570121,3.2823,1.454186240555941,1.1379494468524396,0.4515232323396817,0.36574999999999996,0.11531894178032216,0.17585,0.14738028098162326,0.0995,0.0,0.1858480922896355,0.22068768915641548
higher_noise,0.775,0.7110627101613936,0.04961006899567632,0.0018782563429316258,0.0018516930911700717,1.9017499999999998,1.054715792418876,0.6306586537292689,0.5339410469709451,0.62815,0.3192850563716101,0.05505,0.06928381645248927,0.44375,0.44551183111862097,0.04355958055203899,0.07626234710342344
higher_noise,0.8,0.7480777204858041,0.036771746636076096,0.0006922677554729053,0.0010227771088149162,1.33215,0.5344485761563553,0.3263478630775441,0.4076377712091412,0.78755,0.27876866653991883,0.018000000000000002,0.028285253323163922,0.61305,0.4463558900200103,0.01023429434495624,0.023710763143963396
higher_noise,0.825,0.7754818745041838,0.029662949005625952,0.00014301627556664043,0.00025192732693109953,1.0489000000000002,0.12745822845152052,0.0773271695921138,0.1706466747498809,0.9512499999999999,0.1269945864987953,0.0028,0.007409453421137082,0.88125,0.28910851961004386,0.000477107260728038,0.001471332483568955
higher_noise,0.85,0.7972481785454721,0.0249511195968735,1.6942034764736637e-05,2.4388367205159e-05,1.00075,0.0023717082451263035,0.0086277169633687,0.027283236611516607,0.99925,0.002371708245126263,0.0001,0.00031622776601683794,0.99465,0.01691818548190083,6.470794193314205e-08,2.0462447921064781e-07
higher_noise,0.875,0.815179709287948,0.02156592875958373,2.516758722340151e-06,3.363374093172062e-06,1.0,0.0,0.0,0.0,1.0,0.0,0.0,0.0,1.0,0.0,0.0,0.0
higher_noise,0.9,0.8303208398009214,0.01899438315683512,4.4201087961449804e-07,6.0077844961093e-07,1.0,0.0,0.0,0.0,1.0,0.0,0.0,0.0,1.0,0.0,0.0,0.0
lower_noise,0.4,0.14524079503118467,0.07152091142086292,0.054871770795874616,0.014462139882600677,0.11875,0.11904300110090937,0.31247119707112514,0.13480881936587125,0.89175,0.09920748459667748,0.06105000000000001,0.05217728858846964,0.471,0.21904654502842288,0.005875717795547522,0.01361753869540757
lower_noise,0.425,0.1748716587685932,0.08995013234351366,0.059894861315937645,0.014068698470371897,0.21284999999999998,0.32360907915432646,0.3901552428215507,0.23135641455184547,0.84805,0.16542410982414596,0.08485000000000001,0.0875169983488922,0.38775,0.1849323074352703,0.02152931543292472,0.058991597744953
lower_noise,0.45,0.20895216965313063,0.10836791624664169,0.06235314971697037,0.020159748451145425,0.3568,0.5628062228195815,0.4796151444438584,0.292664603675525,0.78415,0.20074390124954955,0.12125,0.11993290948600298,0.31385,0.18564587705270125,0.04589357252825672,0.11042193376985249
lower_noise,0.475,0.25713800816402743,0.10243793771901258,0.06149999943404907,0.01782485343616997,0.5259,0.7017042666093586,0.6206140705558256,0.3363486541408561,0.701,0.209366504802782,0.1568,0.11664123532343859,0.20395,0.121316722764103,0.07034406204969655,0.13529081770256704
lower_noise,0.5,0.3152876912721085,0.1090520159973746,0.06893259633072231,0.017067005396975168,1.0188,1.0468844837049704,0.9473204821733304,0.43045202862790205,0.5368999999999999,0.2358546869013489,0.2407,0.1284359330128796,0.14645,0.08188184237736172,0.17683415136028957,0.21081964678995313
lower_noise,0.525,0.36216583067692404,0.1081560559439892,0.0711511396876051,0.03715305263073541,1.7534500000000002,1.3544883915256631,1.2245512336611637,0.39223356298528983,0.42605000000000004,0.19548905198103664,0.31465,0.13164156933802398,0.13974999999999999,0.0663773932399679,0.28622540617708714,0.21952291221006842
lower_noise,0.55,0.41037591147302577,0.10942192408723582,0.0698189371738546,0.04059580950749355,2.4918,1.4253451277965394,1.5259292586081217,0.32985653063729947,0.348,0.15142654985173504,0.3553,0.11971730590576006,0.11765,0.033974704642653716,0.40079614224925325,0.23037330526220043
lower_noise,0.575,0.4866258290213385,0.1072123368561999,0.06117549493525415,0.04698772421436562,3.6064,1.119647285730843,1.7100882134490818,0.3189014167114757,0.25665,0.07382526291483453,0.3648,0.10287646313256821,0.10170000000000001,0.0069570108523704325,0.47335724358120546,0.16796098655532765
lower_noise,0.6,0.5555793315437746,0.12821048082590503,0.043871333680830654,0.054980336009492106,3.8888,1.0731427677620533,1.4207566113693284,0.41954121933679345,0.30484999999999995,0.07600038377096086,0.2694,0.09509463123062672,0.10095000000000001,0.004585302607244146,0.2975484638305884,0.17257699231295906
lower_noise,0.625,0.6571435508509167,0.10085355870050726,0.018429292204408972,0.04289920347074686,3.0765000000000002,0.9842911436945654,1.0854889688308185,0.4469840893845056,0.38785,0.13122056283643624,0.1193,0.08609336017758087,0.0995,0.0,0.11641434753251179,0.13642476325573472
lower_noise,0.65,0.7346799627136268,0.049188925139354266,0.002628887902178911,0.0024929977761411924,2.16575,0.5975731126816198,0.8023054404286926,0.2882873860471751,0.45735000000000003,0.13457753857493784,0.04315,0.02408324682798766,0.0995,0.0,0.024791561722685904,0.024577040025723636
lower_noise,0.675,0.7786347719749164,0.029577864617265238,0.0008732646010023154,0.0007704957680687135,1.7101,0.4658920833555055,0.4856540183931797,0.32222882555820326,0.6742,0.23573386594962456,0.01815,0.014447318090220066,0.3705,0.4159138532597025,0.006178322474217871,0.006550998927911947
lower_noise,0.7,0.8077478495999303,0.022309885124174766,0.00029893712144885324,0.00046308151921526226,1.4603,0.5627250759572664,0.19863680610724943,0.23540454366310443,0.85185,0.22254975099214708,0.00485,0.006724953531437968,0.7087,0.417428783014407,0.0010687252225056827,0.0017165082552623228
lower_noise,0.725,0.8297788597868193,0.017991347475711697,8.240055867339242e-05,0.00018255120170214425,1.66175,0.6630328988820993,0.06886598151776288,0.16139341715060798,0.9538499999999999,0.13264238680669835,0.0016,0.004402019738458447,0.8994500000000001,0.28300416663599376,0.00029332222787463734,0.0009221723113170341
lower_noise,0.75,0.8473202249878129,0.015077481945925906,1.4111286501558129e-05,3.4129246856744415e-05,1.69865,0.6742950248634165,0.011540255629751014,0.036493492570594005,0.9986499999999999,0.0042690748412273025,0.0001,0.00031622776601683794,0.9977,0.0072732386183872845,1.5579360679508918e-07,4.926626423651672e-07
lower_noise,0.775,0.8617308747737656,0.012965285715406607,2.491738294014238e-06,6.325663038118861e-06,1.9,0.7378647873726218,0.0,0.0,1.0,0.0,0.0,0.0,1.0,0.0,0.0,0.0
lower_noise,0.8,0.8738348790773734,0.011350551752891864,4.497590608339473e-07,1.1879492822067287e-06,1.8,0.7888106377466155,0.0,0.0,1.0,0.0,0.0,0.0,1.0,0.0,0.0,0.0
lower_noise,0.825,0.8841719550386221,0.01007107198136762,8.24487837364033e-08,2.239016466255225e-07,1.9,0.7378647873726218,0.0,0.0,1.0,0.0,0.0,0.0,1.0,0.0,0.0,0.0
lower_noise,0.85,0.8931155129533106,0.0090300233937522,1.5441400196066403e-08,4.228923972486145e-08,1.9,0.7378647873726218,0.0,0.0,1.0,0.0,0.0,0.0,1.0,0.0,0.0,0.0
lower_noise,0.875,0.9009351995831988,0.008165488791516459,3.0034819025835657e-09,7.97897734252891e-09,1.9,0.7378647873726218,0.0,0.0,1.0,0.0,0.0,0.0,1.0,0.0,0.0,0.0
lower_noise,0.9,0.9078322296507931,0.007435777159842636,6.259278312443064e-10,1.4968757409814719e-09,1.8,0.6324555320336759,0.0,0.0,1.0,0.0,0.0,0.0,1.0,0.0,0.0,0.0
smaller_N,0.4,0.10701970470293054,0.023975894190351385,0.05051222474354622,0.008351201083011949,0.3198,0.058470885442623875,0.5587069673666949,0.054747142146730245,0.7262500000000001,0.043896500746389504,0.1512,0.02122917280012996,0.10075,0.0029368350311176805,0.0240748553510854,0.008633083644157708
smaller_N,0.425,0.12681791517080704,0.03507706647513826,0.055598812435129555,0.01157837880604794,0.39645,0.13226203998964414,0.6160803212133111,0.10370102760501965,0.67665,0.08378214142776622,0.1734,0.035273376803350014,0.0995,0.0,0.038472925266798075,0.024855068480257293
smaller_N,0.45,0.15520331988467667,0.042646447504395744,0.06331535710855514,0.013020452898623839,0.48469999999999996,0.17089002311428245,0.6747707043683342,0.12809435119066703,0.61895,0.09589011361391166,0.199,0.0407280956807187,0.0995,0.0,0.05749624807812696,0.03888173767851258
smaller_N,0.475,0.17592913156666914,0.06513338988493603,0.07001550223694984,0.015888500776676806,0.65435,0.3504127764350051,0.7724740669680052,0.1942212108278993,0.5669500000000001,0.14260949983940216,0.22960000000000003,0.07626955122750129,0.0995,0.0,0.09546276036377514,0.08346119599794494
smaller_N,0.5,0.2150291805600289,0.09214012101075994,0.060372426275954495,0.0218015497436999,0.94005,0.6243779326479899,0.9090938609184569,0.30865537603607407,0.50255,0.17252833100682335,0.28005,0.105854053089882,0.0995,0.0,0.1696700851887155,0.15692467425957865
smaller_N,0.525,0.27451081080440054,0.10092005823763522,0.07027928230867536,0.020183208082862777,1.4757500000000001,0.9676716686631542,1.2307777673694278,0.47708421379729693,0.40445000000000003,0.17359890712661633,0.34095,0.11734290917364087,0.0995,0.0,0.3227587462791444,0.2661019488234319
smaller_N,0.55,0.31911544052041363,0.08989513939700637,0.08871910556296078,0.016266362351426575,2.13105,1.1238841243651412,1.5234870216677554,0.4086008916750918,0.2993,0.11846757643619904,0.3949,0.08996289358520111,0.0995,0.0,0.46844429848835223,0.24833045843073115
smaller_N,0.575,0.35504033583564243,0.08797646537319986,0.09176021762007928,0.03515639163228415,2.73945,1.1055707286786816,1.6852530283697227,0.24364809635272988,0.28125,0.09264155834901165,0.43034999999999995,0.08571789972539767,0.0995,0.0,0.5428203373382742,0.1941038810642787
smaller_N,0.6,0.3979116405462932,0.07491714153134567,0.0844678459412727,0.04485119052926663,3.5947000000000005,1.1571392694437816,1.7675956230983623,0.3104896906563935,0.2333,0.05404997687326054,0.44055,0.05423173015454657,0.0995,0.0,0.6013098066793469,0.15329430317873924
smaller_N,0.625,0.46209923604554576,0.12322031699351452,0.06682309240367494,0.05027438329445169,3.8683,0.9826622060052534,1.604669066933491,0.33521102081259485,0.26034999999999997,0.06350811409226033,0.3685,0.09876149722099871,0.0995,0.0,0.4670024773715718,0.22913338648832385
smaller_N,0.65,0.5288996715942327,0.12997577744787908,0.06061231581651829,0.0566283761758792,4.0499,0.8182890619389268,1.4618517005692824,0.39757921019687953,0.27815,0.05995602555206608,0.29555,0.15214602817322867,0.0995,0.0,0.35156340648903717,0.26000214564597135
smaller_N,0.675,0.6335508441437316,0.09893342899088618,0.019371511475718528,0.04311070861449695,3.3359,1.1079644699477809,1.0769112734551334,0.34833980712523804,0.3657,0.08991947014474179,0.15855,0.12391741201300163,0.0995,0.0,0.14514419025168304,0.18450387509212954
smaller_N,0.7,0.6939517822592529,0.09670539842728133,0.008041056884138592,0.019036834611932455,2.22355,1.1284775744830338,0.6949891872755317,0.3703601168983986,0.538,0.2051499451620692,0.0759,0.1142350889856333,0.18955000000000002,0.28476310329816257,0.055883679399318945,0.11984130586648305
smaller_N,0.725,0.7498647999987476,0.04786369360285139,0.0009763065209834252,0.0011433125956204545,1.5177999999999998,0.4743035947576194,0.42090808704737237,0.2862633446828708,0.7041999999999999,0.21995911236207308,0.018349999999999998,0.02382814628869723,0.41025,0.41452410799748557,0.006783799895815602,0.013462733691351557
smaller_N,0.75,0.7821559856407903,0.035755250180351104,0.0003603218084633998,0.0009124475331814616,1.207,0.4104293822057307,0.12317096222097206,0.23279190532309194,0.9358000000000001,0.16886421237853277,0.0042,0.011055918475338596,0.8737999999999999,0.281766372885213,0.0014229662460541724,0.004479836962980819
smaller_N,0.775,0.8063408960871319,0.028933501286679764,0.000148190250833702,0.0004418962785606997,1.2801500000000001,0.45430802387318187,0.06819807548604287,0.21566125057599014,0.94955,0.15953690795549474,0.0026,0.008221921916437785,0.9099499999999999,0.28476310329816257,0.0008945541905563531,0.002828828732606363
smaller_N,0.8,0.8256175332697511,0.024334107919983486,2.53837753956446e-05,7.685571519420542e-05,1.3153000000000001,0.47484127172491375,0.035998749978297856,0.11383804285035824,0.9846999999999999,0.04838284820057621,0.00075,0.0023717082451262844,0.9555,0.14072135587749288,4.130857110790555e-05,0.00013062917158800666
smaller_N,0.825,0.8415202766257937,0.020963562446819968,4.030194875069891e-06,1.2249890302342483e-05,1.6,0.6992058987801009,0.0,0.0,1.0,0.0,0.0,0.0,1.0,0.0,0.0,0.0
smaller_N,0.85,0.8549290217001551,0.01838794888094882,7.366537206833816e-07,2.229367223961871e-06,1.5,0.7071067811865476,0.0,0.0,1.0,0.0,0.0,0.0,1.0,0.0,0.0,0.0
smaller_N,0.875,0.8664238334603251,0.016348925014632504,1.4035542464520508e-07,4.095428283261291e-07,1.7,0.8232726023485646,0.0,0.0,1.0,0.0,0.0,0.0,1.0,0.0,0.0,0.0
smaller_N,0.9,0.8764048614277178,0.014691296224820988,2.7742387538484062e-08,7.471574927062113e-08,1.7,0.8232726023485646,0.0,0.0,1.0,0.0,0.0,0.0,1.0,0.0,0.0,0.0
smaller_dt,0.4,0.08458195617008467,0.01642152625268776,0.041204696894388534,0.014169198150338501,0.040749999999999995,0.01722603004499618,0.198978880784722,0.04255427908577979,0.96035,0.016489137838791534,0.0229,0.007662317607037124,0.6964,0.12424277309633214,0.00022967449195991353,0.00023087216457822455
smaller_dt,0.425,0.10029971319566992,0.027808329075042704,0.045859676584304274,0.013782620105059202,0.05550000000000001,0.03254825477485527,0.22999891802307335,0.06554724935508217,0.9471,0.02879988425902669,0.03005,0.014299281256218595,0.5855,0.15626526592091197,0.0005759612492881564,0.0009394860682757881
smaller_dt,0.45,0.12893750384359792,0.04851482430307868,0.04917567692988101,0.010333751461784911,0.09485,0.10086240627706639,0.2894814122115289,0.14490643335162062,0.916,0.07349678753372678,0.04605,0.03521556631819388,0.5103500000000001,0.19104116048642503,0.0033148864701681496,0.008366255393401521
smaller_dt,0.475,0.16246699398799547,0.06100442597682764,0.05828997541921789,0.009900887036362676,0.14895,0.1175099168391994,0.3687128684877139,0.13859210981053474,0.8686999999999999,0.08895292138104417,0.06705,0.04090738183859838,0.34865,0.18426928513576116,0.006485268242729403,0.01262334550811309
smaller_dt,0.5,0.18821034178524615,0.07641776241489406,0.0624271907504685,0.010105951845656005,0.2298,0.2162253454153791,0.45305620716197065,0.21279612870332432,0.8164,0.14944653447526535,0.09235000000000002,0.06977585144191681,0.34750000000000003,0.1758691116837873,0.01879332930769969,0.031529424389377836
smaller_dt,0.525,0.2540966426935793,0.08934994206545191,0.06917895395359497,0.02494210688214972,0.5388499999999999,0.3421260367174647,0.7363258894264786,0.2808116402310064,0.63995,0.20005144477247735,0.1699,0.08820959887298736,0.2237,0.17214370611659188,0.07044871674223341,0.06447744294781507
smaller_dt,0.55,0.2961809595601256,0.09649454902750122,0.07446381932234787,0.01834208308566007,0.89155,0.6141947053753485,0.9511625245960721,0.3925229318198799,0.51725,0.2207753068418457,0.23405,0.11343266480359368,0.17255,0.15771835833394776,0.1622146863280037,0.1511953512239563
smaller_dt,0.575,0.3498362507461884,0.10408397880327427,0.08422281394586259,0.0273952300861935,1.7968,0.9748583999740681,1.5077522413077404,0.4966319102284975,0.3714,0.2179105066050944,0.3197,0.12192237967931345,0.14100000000000001,0.08320389948126762,0.3884527888358581,0.2586151198866523
smaller_dt,0.6,0.3901249987794716,0.09598771020216185,0.08045419390663906,0.03092933777145985,2.6483,1.4019160340999979,1.6137334018109133,0.3978273046321275,0.32535000000000003,0.17293930373913785,0.3648,0.12147775287864214,0.12295,0.07415541113094849,0.45347522615575464,0.2350016611914091
smaller_dt,0.625,0.4413505501727191,0.0936844603241742,0.07389365145051853,0.05735394053925953,3.8999,1.4112449153535012,1.7109076420629723,0.3208046140055422,0.27494999999999997,0.07003786674205446,0.383,0.061972215996812276,0.12225000000000001,0.07194181676883063,0.46784045218879655,0.09240148426792226
smaller_dt,0.65,0.5304841566192559,0.1013512750042845,0.04624057829247079,0.04478189064656157,4.4668,0.6368420439079762,1.614713916701044,0.36951276810291916,0.26485,0.038473692310460654,0.29905,0.09242788480155156,0.0995,0.0,0.3779929080660112,0.2060610940206464
smaller_dt,0.675,0.6334384699793546,0.07917085482591343,0.012709675889329123,0.01833809118957026,3.7079999999999997,1.0879576687026427,1.1691374720285401,0.24577964724234588,0.32745,0.05054340818653914,0.1689,0.12297533628062716,0.0995,0.0,0.15362507060258296,0.1396351547484627
smaller_dt,0.7,0.7071141278583822,0.037884090936146704,0.0026284656240018406,0.0014787705100288901,2.30965,0.76963230939629,0.8115466172835959,0.23489587048910926,0.46495,0.1052239542858733,0.0543,0.04451853546557883,0.0995,0.0,0.0317995223815045,0.03601618991499071
smaller_dt,0.725,0.7497214171724571,0.02676344924999138,0.0011598740559578221,0.0009745786749754052,1.48255,0.4258856425797371,0.5064806798934828,0.28408155302978966,0.66255,0.24661986605570388,0.01675,0.015688371489737233,0.3775,0.3686093988070419,0.006626323568343963,0.008442168932451623
smaller_dt,0.75,0.7804318572950442,0.02092775248900542,0.0003749515894785571,0.0003720764156283239,1.1835499999999999,0.22103801206529566,0.250452631422721,0.24189266309537344,0.8217000000000001,0.21383680173856365,0.006500000000000001,0.007371114795831995,0.60405,0.4438334553761254,0.0012843120018790374,0.0019961493026023967
smaller_dt,0.775,0.804284495656767,0.017158315217717726,8.435936738246823e-05,0.00010039313592248933,1.0659,0.11542453041802779,0.131612695961885,0.18928153123982752,0.9340999999999999,0.1154245304180278,0.00245,0.004126136207155552,0.8049,0.342746650846754,0.0002565857382311197,0.0005291494030345205
smaller_dt,0.8,0.823543757342641,0.014549244907248368,1.9327582872394945e-05,2.4704476583918684e-05,1.0493999999999999,0.14056232306940103,0.07941746856484587,0.15941042656109664,0.9506,0.140562323069401,0.0014,0.003438345855527367,0.88925,0.28096443527409104,0.00024648758515858835,0.0007755158819836263
smaller_dt,0.825,0.8395204850381139,0.012621102427865884,4.6719030569337685e-06,6.287801951187084e-06,1.19175,0.40446379112762787,0.03675764814554493,0.08432048850011561,0.99175,0.02190541536292391,0.00025,0.0006346477588219924,0.9855499999999999,0.042626576217191084,3.6084344528476416e-06,1.115456861633143e-05
smaller_dt,0.85,0.8530406642009603,0.01113050774401954,1.138823777922314e-06,1.5652459677767824e-06,1.2,0.4216370213557839,0.0,0.0,1.0,0.0,0.0,0.0,1.0,0.0,0.0,0.0
smaller_dt,0.875,0.864656192383233,0.009939898971009989,2.799425004751784e-07,3.828181125875964e-07,1.2,0.4216370213557839,0.0,0.0,1.0,0.0,0.0,0.0,1.0,0.0,0.0,0.0
smaller_dt,0.9,0.8747554212734879,0.008964907984617443,7.063884667793208e-08,9.309805510887496e-08,1.2,0.4216370213557839,0.0,0.0,1.0,0.0,0.0,0.0,1.0,0.0,0.0,0.0
