K,seed,R_mean,R_std,dominant_cluster,dominant_fraction,switching_rate,collapse_time,memory_supported_lifetime,cluster_mean,cluster_std,single_cluster_lifetime_mean,multi_cluster_lifetime_mean,single_cluster_lifetime_max,multi_cluster_lifetime_max,n_switches
0.4,0,0.09164799796064871,0.05288575278017503,0,0.9524,0.0332,,0.5674,0.049,0.2222588580911906,2.8518518518518516,1.4,11,2,166
0.4,1,0.08012336140624782,0.04670898406422523,0,0.956,0.027,,0.6196,0.045,0.21207310060448498,3.208955223880597,1.25,16,2,135
0.4,2,0.08811449571453114,0.04951069566514652,0,0.9522,0.0328,,0.5922,0.0482,0.21604805021105833,2.8902439024390243,2.0,13,2,164
0.4,3,0.06990827213991284,0.036002780377422,0,0.9622,0.026,,0.6966,0.0384,0.19525736861895893,2.90625,3.0,10,3,130
0.4,4,0.09521390316350824,0.04780070797711829,0,0.964,0.0252,,0.6788,0.037,0.19398711297403237,2.8225806451612905,2.5,10,4,126
0.4,5,0.091816258998991,0.04130259262425287,0,0.956,0.0292,,0.6056,0.0448,0.21069636921408968,3.0,2.0,11,2,146
0.4,6,0.07953308352532414,0.040466946802929595,0,0.9572,0.0274,,0.6476,0.0436,0.20808421372127198,3.0434782608695654,2.0,9,3,137
0.4,7,0.09008299448823136,0.042162735247164344,0,0.9558,0.0296,,0.5082,0.0446,0.20835268176819804,2.9594594594594597,2.0,13,2,148
0.4,8,0.09284943513286384,0.04501515485547522,0,0.958,0.0304,,0.616,0.0424,0.2034754039189995,2.736842105263158,1.0,9,1,152
0.4,9,0.062015428633118076,0.0367399113583076,0,0.9584,0.0264,,0.642,0.0418,0.20112871500608762,3.1363636363636362,1.0,12,1,132
0.4,10,0.10032906711329269,0.05571628023170836,0,0.9598,0.0288,,0.5928,0.0418,0.20797297901410178,2.6805555555555554,2.6666666666666665,7,3,144
0.4,11,0.07546025025286822,0.037453386535511266,0,0.9666,0.0262,,0.7422,0.0338,0.18291407818973365,2.5384615384615383,1.0,8,1,131
0.4,12,0.09290430533038326,0.044678285925518445,0,0.959,0.0286,,0.545,0.0418,0.20409007815178085,2.8309859154929575,1.0,12,1,143
0.4,13,0.082641671515453,0.03787899807653257,0,0.9602,0.0264,,0.6326,0.0402,0.19845392412345997,2.984848484848485,2.0,9,2,132
0.4,14,0.07828015958617632,0.03656956866839984,0,0.9614,0.0244,,0.5858,0.0394,0.19861429958590596,3.15,2.0,8,2,122
0.4,15,0.0838262437000148,0.04375061786806174,0,0.967,0.0232,,0.711,0.0334,0.18189128621239667,2.810344827586207,2.0,12,2,116
0.4,16,0.06543662251039949,0.034503953932239304,0,0.9658,0.023,,0.6876,0.0346,0.1849400984102691,2.9649122807017543,2.0,8,2,115
0.4,17,0.07056862290976976,0.04087857111408429,0,0.9728,0.0176,,0.7588,0.0274,0.16446653154973506,3.0681818181818183,1.0,13,1,88
0.4,18,0.079704062564286,0.04951278131276083,0,0.9582,0.0284,,0.5948,0.0418,0.20013185653463572,2.943661971830986,0.0,11,0,142
0.4,19,0.06465383901000112,0.0292104848637038,0,0.9714,0.0222,,0.6944,0.029,0.17017344093600506,2.5636363636363635,2.0,6,2,111
0.45,0,0.10120058691665375,0.058874904401702406,0,0.956,0.0312,,0.6204,0.0452,0.21344076461632158,2.7435897435897436,1.2,10,2,156
0.45,1,0.08851957778296413,0.05494623791450612,0,0.9444,0.0344,,0.4876,0.0566,0.23536448330196297,3.211764705882353,2.5,11,4,172
0.45,2,0.09540477141812931,0.05562679833893356,0,0.9378,0.0464,,0.3518,0.0638,0.2508576488768082,2.6120689655172415,1.6,11,3,232
0.45,3,0.07861171937996195,0.036439402718049727,0,0.9628,0.0274,,0.6172,0.0376,0.1923180698738421,2.7058823529411766,2.0,9,2,137
0.45,4,0.10224103364767392,0.04998109102416311,0,0.9582,0.0302,,0.6178,0.0428,0.20728762625878086,2.72,2.5,9,4,151
0.45,5,0.09360659952763899,0.04851168879603472,0,0.9412,0.0354,,0.502,0.0614,0.25065921088202603,3.1931818181818183,1.625,18,3,177
0.45,6,0.08576538121761769,0.04394497102540093,0,0.9422,0.0342,,0.513,0.0606,0.2524433401775535,3.2705882352941176,2.75,11,3,171
0.45,7,0.10925298207641322,0.04784256651212489,0,0.9578,0.0294,,0.5672,0.0434,0.20956249664479568,2.8472222222222223,2.0,16,3,147
0.45,8,0.10391432519850338,0.0494063159125696,0,0.9462,0.0396,,0.505,0.057,0.24525700805481582,2.5555555555555554,2.0,9,5,198
0.45,9,0.07233002556092542,0.04239122944635471,0,0.9554,0.0298,,0.536,0.0454,0.2119878298393566,2.9594594594594597,2.0,11,2,149
0.45,10,0.12595243294962313,0.060480342635669475,0,0.9342,0.047,,0.4556,0.0686,0.2636172225026278,2.669491525423729,1.75,12,3,235
0.45,11,0.08721840618661758,0.04158756007919556,0,0.9578,0.0312,,0.5456,0.0426,0.20392459390666937,2.6794871794871793,1.0,10,1,156
0.45,12,0.10960121672098003,0.05077877306490658,0,0.938,0.0388,,0.4664,0.0632,0.24820507649925294,3.1666666666666665,3.0,11,4,194
0.45,13,0.09421204070015084,0.04031262796787289,0,0.9604,0.025,,0.6112,0.0398,0.19650943997681128,3.1774193548387095,1.0,12,1,125
0.45,14,0.0973988579829019,0.03815156873568654,0,0.9542,0.0314,,0.5238,0.046,0.21043763921884315,2.923076923076923,1.0,8,1,157
0.45,15,0.09183053511420491,0.04569872790988311,0,0.9522,0.0342,,0.5246,0.048,0.21469979040511425,2.8,1.0,13,1,171
0.45,16,0.07166939506425692,0.03856216254368831,0,0.9728,0.024,,0.8052,0.0272,0.1626657923473771,2.2666666666666666,0.0,8,0,120
0.45,17,0.08614135347321068,0.04177111070587715,0,0.9658,0.0234,,0.6478,0.0356,0.19269831343320057,2.8771929824561404,1.75,9,3,117
0.45,18,0.0928727086613016,0.047067010634465056,0,0.959,0.0328,,0.5838,0.041,0.19829019138626097,2.5,0.0,10,0,164
0.45,19,0.07269370147273421,0.031297398116332226,0,0.9728,0.0204,,0.7748,0.0278,0.1680094044986768,2.607843137254902,3.0,7,3,102
0.5,0,0.11444950577109407,0.06324634086396516,0,0.9316,0.044,,0.4678,0.0724,0.274150031916832,2.9541284403669725,2.5,14,6,220
0.5,1,0.10641155207695438,0.05447291514539129,0,0.9456,0.0338,,0.5372,0.0552,0.23184684599968142,3.1904761904761907,2.0,11,2,169
0.5,2,0.10392277319714115,0.05698201696289973,0,0.9524,0.0346,,0.5994,0.0492,0.22356064054300792,2.6744186046511627,1.6,13,3,173
0.5,3,0.08916373215179847,0.03633998333551429,0,0.9568,0.028,,0.5544,0.0444,0.2117277497164696,3.0434782608695654,3.0,10,4,140
0.5,4,0.10751189248330816,0.06093668487273274,0,0.9472,0.0308,,0.5842,0.0566,0.24697457359007627,3.310810810810811,1.7272727272727273,14,4,154
0.5,5,0.12680597596331092,0.041519364337463775,0,0.935,0.0398,,0.463,0.0652,0.24768722211692712,3.272727272727273,1.0,16,1,199
0.5,6,0.09947238857742305,0.054204992884134405,0,0.9422,0.035,,0.4098,0.0606,0.2500552738895943,3.125,1.75,11,3,175
0.5,7,0.14634419913289726,0.06150994117407885,0,0.9092,0.0554,,0.2712,0.0954,0.3090288659656247,3.1925925925925926,1.6428571428571428,15,5,277
0.5,8,0.1375425142394998,0.05102035768932065,0,0.9188,0.0552,,0.2996,0.0834,0.28433156701288026,2.883211678832117,1.375,14,3,276
0.5,9,0.0840826340902121,0.050843870230517126,0,0.958,0.0318,,0.6122,0.0424,0.2034754039189995,2.632911392405063,1.0,9,1,159
0.5,10,0.15583268567662698,0.06942044225360663,0,0.9066,0.0616,,0.5084,0.1004,0.32606723233100254,2.9133333333333336,1.6666666666666667,12,4,308
0.5,11,0.09959301950883379,0.045294210926978884,0,0.9596,0.0284,,0.6248,0.0404,0.19689550528135474,2.8450704225352115,0.0,9,0,142
0.5,12,0.1327339114017661,0.05740873087786444,0,0.9268,0.05,,0.393,0.0764,0.2774221332193954,2.845528455284553,2.2857142857142856,10,4,250
0.5,13,0.11013325677907981,0.04542569798659375,0,0.948,0.0318,,0.4904,0.054,0.234699808265793,3.2051282051282053,2.0,11,4,159
0.5,14,0.1455070622342088,0.052644302635552385,0,0.9016,0.0552,,0.3004,0.1012,0.31073873269999674,3.489051094890511,2.3333333333333335,15,5,276
0.5,15,0.09953987551977739,0.039656875716305356,0,0.9502,0.0296,,0.5016,0.0504,0.22149455975260432,3.324324324324324,1.0,12,1,148
0.5,16,0.07977735182842662,0.0440698646269057,0,0.9654,0.0232,,0.6686,0.0348,0.1843609503121526,2.9655172413793105,1.0,11,1,116
0.5,17,0.1282505247353171,0.04990889580314792,0,0.9464,0.0358,,0.595,0.0554,0.23649701900869705,2.9101123595505616,1.8,10,4,179
0.5,18,0.09714322725850491,0.0548111791743162,0,0.9464,0.0398,,0.491,0.055,0.23404059476936903,2.6363636363636362,1.75,16,3,199
0.5,19,0.10007338485315061,0.039131015662446415,0,0.9554,0.0294,,0.5232,0.045,0.2092247595290768,3.0273972602739727,1.0,8,1,147
0.55,0,0.1237593419183602,0.07655067125564782,0,0.9104,0.0536,,0.5416,0.1008,0.34152505032574115,3.1825396825396823,1.7407407407407407,15,4,268
0.55,1,0.12023113541372793,0.05231142908100764,0,0.9236,0.0456,,0.4754,0.0786,0.2771678913582885,3.2831858407079646,1.375,16,3,228
0.55,2,0.12145666063713574,0.06355392003832384,0,0.9366,0.0462,,0.5194,0.0652,0.2540648736051483,2.6782608695652175,1.8,8,3,231
0.55,3,0.12011551164126524,0.052449892181942924,0,0.9392,0.0394,,0.4664,0.0634,0.25412681873426896,3.0631578947368423,1.3,13,2,197
0.55,4,0.15349764086633758,0.07117625247488961,0,0.9028,0.0624,,0.3368,0.1062,0.3372262741839669,2.895424836601307,2.263157894736842,10,5,312
0.55,5,0.1914141578763524,0.06015520484587654,0,0.8678,0.0808,,0.2122,0.14,0.36986484017813853,3.1515151515151514,1.6818181818181819,30,4,404
0.55,6,0.11890986080326066,0.07254362268273529,0,0.9124,0.0476,,0.3904,0.0934,0.3109283518754763,3.5652173913043477,1.6470588235294117,20,3,238
0.55,7,0.18135005592596845,0.060388958789091535,0,0.8746,0.0734,,0.2424,0.1334,0.3633241527892139,3.2666666666666666,1.8571428571428572,18,5,367
0.55,8,0.18215689498020232,0.06121882574959683,0,0.878,0.0794,,0.1454,0.1296,0.36056045262895925,2.9844559585492227,1.5454545454545454,14,5,397
0.55,9,0.1036802193597538,0.05830163041810819,0,0.9504,0.0354,,0.4782,0.052,0.2325854681617061,2.6818181818181817,2.4,13,4,177
0.55,10,0.2109050139531099,0.07882586364004521,0,0.8044,0.1124,,0.1438,0.2224,0.4809763403744513,3.1784386617100373,1.8088235294117647,16,5,562
0.55,11,0.130550148844243,0.05765786492974469,0,0.9354,0.0442,,0.5132,0.0676,0.2627360652822524,2.8256880733944953,1.875,11,3,221
0.55,12,0.15225119715635704,0.06998647299211792,0,0.9152,0.0562,,0.3532,0.0898,0.30287944796568816,2.870503597122302,2.272727272727273,11,6,281
0.55,13,0.13448539072727309,0.053323227416264524,0,0.9234,0.0436,,0.4474,0.0778,0.27229976129258726,3.458715596330275,1.5,17,2,218
0.55,14,0.23038229285064935,0.048523551104672664,0,0.7952,0.126,,0.0398,0.2232,0.4588918826913372,3.0690789473684212,1.75,15,4,630
0.55,15,0.12302389185483398,0.05361995694868436,0,0.9254,0.0432,,0.3246,0.0766,0.27337234680925576,3.361111111111111,1.6666666666666667,12,4,216
0.55,16,0.09899319155630881,0.05372371703123763,0,0.9476,0.0326,,0.5088,0.054,0.23298927013920617,3.1358024691358026,2.0,8,4,163
0.55,17,0.15449288092917235,0.06527776961403034,0,0.917,0.058,,0.4158,0.0922,0.3207789893368953,2.612676056338028,2.3157894736842106,11,7,290
0.55,18,0.11966205075805394,0.06557412484382193,0,0.9414,0.04,,0.538,0.0598,0.24212385260440578,2.898989898989899,1.2,13,2,200
0.55,19,0.12163100591511752,0.056265303463561706,0,0.9346,0.0438,,0.4472,0.0672,0.25745710322304177,2.9174311926605503,1.2857142857142858,15,2,219
0.6,0,0.1733495358690011,0.0911549190560394,0,0.83,0.0946,,0.2636,0.2024,0.4798273022661383,3.144144144144144,1.974025974025974,12,8,473
0.6,1,0.19437349416804756,0.05970038938705102,0,0.8476,0.09,,0.0898,0.1716,0.43145502662502383,3.133640552995392,2.2162162162162162,14,7,450
0.6,2,0.150417935005382,0.06725333025603696,0,0.9006,0.0656,,0.3142,0.1108,0.3488887501769009,2.7911392405063293,2.0,12,5,328
0.6,3,0.1693867818382428,0.06654277956238772,0,0.9102,0.0612,,0.2804,0.095,0.31044323152550773,2.801324503311258,1.625,11,4,306
0.6,4,0.31371693910695936,0.05806274714645098,0,0.5666,0.2248,,0.0398,0.5624,0.7465294635846599,3.255952380952381,2.0873015873015874,16,11,1124
0.6,5,0.23265038398319263,0.06322737750604297,0,0.7716,0.1244,,0.0838,0.2686,0.5310876010603147,3.2783505154639174,2.292682926829268,17,7,622
0.6,6,0.1578767992057291,0.08454291324766365,0,0.8968,0.0738,,0.3962,0.1132,0.3475424578378878,2.5801104972375692,1.6333333333333333,10,4,369
0.6,7,0.23109119283193144,0.06436371890179403,0,0.8172,0.1114,,0.1132,0.2036,0.45447446572937406,3.059925093632959,1.9019607843137254,21,6,557
0.6,8,0.21667424571633428,0.08106490555267007,0,0.8198,0.107,,0.1128,0.196,0.43541244814543373,3.129277566539924,1.9024390243902438,15,6,535
0.6,9,0.12197491452299691,0.056824039484987064,0,0.9174,0.0518,,0.3226,0.0858,0.2912702525147393,3.0775193798449614,1.6,12,3,259
0.6,10,0.3295364462645236,0.10303206743574318,0,0.5054,0.259,,0.0684,0.7216,0.8727505027211385,2.977272727272727,2.0430839002267573,24,9,1295
0.6,11,0.19040012991394198,0.0545040615665326,0,0.8686,0.079,,0.1292,0.1382,0.364829768522252,3.216494845360825,1.736842105263158,18,5,395
0.6,12,0.1791933280753543,0.09118515671245188,0,0.8518,0.08,,0.2702,0.1734,0.44914634586067825,3.4216216216216218,2.0,15,8,400
0.6,13,0.15329676940723838,0.07728556792650153,0,0.8958,0.062,,0.3826,0.1114,0.3379201680870794,3.2039473684210527,1.5454545454545454,13,3,310
0.6,14,0.31125274272307835,0.06518602773512346,0,0.575,0.2328,,0.0398,0.53,0.7010706098532444,3.1447368421052633,1.8373983739837398,16,7,1164
0.6,15,0.1672378153363671,0.06838813503252489,0,0.8536,0.086,,0.189,0.1622,0.4116930409904933,3.1634615384615383,2.0555555555555554,15,5,430
0.6,16,0.1271423150898032,0.05835755863742158,0,0.9278,0.0406,,0.5782,0.0736,0.2664264251158282,3.4705882352941178,1.75,16,3,203
0.6,17,0.23560594258607048,0.070698026212013,0,0.7822,0.1188,,0.0812,0.2526,0.5145806447972952,3.282685512367491,2.051282051282051,13,9,594
0.6,18,0.16719026470393317,0.07020071989481781,0,0.8816,0.0774,,0.2902,0.1262,0.3547866401092352,2.9414893617021276,1.95,10,4,387
0.6,19,0.15197531242659204,0.06643189450790524,0,0.902,0.0602,,0.23,0.101,0.3111253766570641,3.1666666666666665,1.875,15,4,301
0.65,0,0.23979056309864455,0.09116931666281662,0,0.7066,0.151,,0.157,0.3478,0.587907441694694,3.399441340782123,2.0161290322580645,16,8,755
0.65,1,0.30780054122719575,0.10953148774943869,0,0.5416,0.2258,,0.0398,0.7762,1.0656986253158065,3.178048780487805,2.168859649122807,21,11,1129
0.65,2,0.28648215678463734,0.1011468646608359,0,0.6026,0.2254,,0.1086,0.5254,0.7409148669044238,2.861111111111111,2.0881226053639845,12,9,1127
0.65,3,0.24088286971693243,0.08406378636739688,0,0.7312,0.152,,0.1588,0.3276,0.5972254515674964,3.1379310344827585,1.9236641221374047,15,7,760
0.65,4,0.4517587839406042,0.06033929848664693,1,0.3112,0.4342,,0.0398,1.693,1.180148719441749,2.5804311774461026,1.9827327327327327,18,13,2171
0.65,5,0.32061019725070755,0.08954650580619505,0,0.5038,0.2708,,0.05,0.7992,0.993216673239027,2.808764940239044,2.0245746691871456,13,10,1354
0.65,6,0.3483801905927752,0.11154082492015022,0,0.4286,0.293,,0.0686,0.9414,1.0140838426875758,2.7884972170686457,2.1838709677419357,15,13,1465
0.65,7,0.39291255012121845,0.11476783969643152,0,0.3092,0.3664,,0.0898,1.2856,1.175939046039377,2.6500857632933106,1.9823468328141225,15,11,1832
0.65,8,0.30615672160331403,0.10180538815337248,0,0.5704,0.238,,0.0812,0.5622,0.7430552873104396,3.001897533206831,1.9251700680272108,18,9,1190
0.65,9,0.15455575302790156,0.06361341636741966,0,0.888,0.069,,0.3008,0.1192,0.3461088846013636,3.143712574850299,1.75,12,4,345
0.65,10,0.4878782330776452,0.1040353943071066,2,0.255,0.4592,,0.0398,2.3734,1.525638371305599,2.2857142857142856,1.947542794036444,13,12,2296
0.65,11,0.34568929734023907,0.09577958889643366,0,0.4926,0.2736,,0.0486,0.7568,0.9171988661135599,2.9563636363636365,1.9341825902335457,15,9,1368
0.65,12,0.20640012181398648,0.10244299104600899,0,0.782,0.1192,,0.1624,0.3056,0.6724646012988341,3.1646586345381524,2.0972222222222223,15,7,596
0.65,13,0.19811383672598737,0.09300207293295838,0,0.8122,0.1008,,0.211,0.2154,0.4785424119135105,3.430379746835443,2.0655737704918034,16,7,504
0.65,14,0.439288589577444,0.06992885577188498,1,0.3282,0.4232,,0.0398,1.5212,1.1855591760852766,2.600633914421553,1.9008264462809918,21,12,2116
0.65,15,0.32521659431182154,0.07675759818421987,0,0.5776,0.235,,0.0398,0.6066,0.8543046529195542,2.991649269311065,1.9455587392550144,14,7,1175
0.65,16,0.1614241434407469,0.06515744722972362,0,0.8958,0.0584,,0.2816,0.108,0.3223910668737582,3.5104895104895104,1.9,12,7,292
0.65,17,0.2942467923258828,0.09784798214527524,0,0.6048,0.2136,,0.081,0.6072,0.9119803506655174,3.0120772946859904,1.9809782608695652,12,14,1068
0.65,18,0.280765764078307,0.07384498725983266,0,0.6462,0.1992,,0.0488,0.4328,0.6513709849233384,3.0980392156862746,2.0292397660818713,16,8,996
0.65,19,0.3239927903154639,0.09655714067771952,0,0.5184,0.2524,,0.0484,0.7142,0.9031712794370733,3.0275049115913557,2.0593824228028503,14,10,1262
0.7,0,0.41866786057748967,0.13588067094012418,0,0.2544,0.3888,,0.0518,1.8356,1.5196620150546634,2.4306930693069306,1.997090909090909,10,19,1944
0.7,1,0.5334438235490455,0.15101894615584907,4,0.2002,0.5192,,0.0398,3.5796,2.0582671935392645,2.396103896103896,1.7015177065767284,10,8,2596
0.7,2,0.46797721462776726,0.13621715491401634,3,0.2338,0.462,,0.0398,2.303,1.5537023524472118,2.1462686567164178,1.8463611859838276,13,10,2310
0.7,3,0.41770251956328475,0.12673041127922957,1,0.2614,0.402,,0.1036,1.6976,1.3431880880948877,2.6404040404040403,1.9219330855018588,16,13,2010
0.7,4,0.5453389862168971,0.06863355134206252,3,0.2542,0.5418,,0.0398,3.2636,1.5225357270028181,2.0728155339805827,1.780081300813008,10,16,2709
0.7,5,0.5091735791790492,0.12173866143672266,3,0.209,0.5198,,0.0398,3.153,1.8960988898261608,2.1219512195121952,1.702983138780804,9,9,2599
0.7,6,0.4531166131081101,0.18685704731099295,0,0.2538,0.4182,,0.0824,2.7228,2.091879575883851,2.4240506329113924,1.8048517520215634,20,9,2091
0.7,7,0.4949318323787107,0.1520395519079038,3,0.2196,0.4872,,0.0958,2.8496,1.8270686467672745,1.995,1.747353888633226,8,10,2436
0.7,8,0.4029775636572838,0.13589976405655238,1,0.29,0.3934,,0.1024,1.4012,1.2166505496649398,2.4126455906821964,1.9365367180417044,17,11,1967
0.7,9,0.4219544797155247,0.1245872767939465,2,0.2516,0.4118,,0.111,1.8056,1.4168304909197853,2.423076923076923,1.9223367697594502,17,11,2059
0.7,10,0.5878430834627695,0.11745623050346642,5,0.2394,0.532,,0.0398,4.5492,2.0289848101944976,2.9344262295081966,1.7363707165109035,14,9,2660
0.7,11,0.4478231208337651,0.12000416132394692,0,0.2314,0.4038,,0.0398,1.9008,1.5954182398355612,2.604966139954853,1.9599125364431487,13,12,2019
0.7,12,0.4097010876751581,0.09008721283377344,1,0.2722,0.4092,,0.0398,1.6156,1.330051367429093,2.558270676691729,1.929936305732484,12,19,2046
0.7,13,0.571432908271689,0.14059631887376792,6,0.2062,0.5294,,0.0398,4.5882,2.4120988288210747,2.7578947368421054,1.6781840096424268,16,8,2647
0.7,14,0.5474476758491646,0.07948168005593026,3,0.2438,0.534,,0.0398,3.2304,1.5652845875431087,1.9365079365079365,1.799835593916975,11,13,2670
0.7,15,0.5020562813237299,0.10572326714404756,3,0.2476,0.4992,,0.0398,2.721,1.566639396925789,2.0564784053156147,1.855719031798766,14,10,2496
0.7,16,0.470004996069687,0.18438669934423635,0,0.233,0.4278,,0.069,3.264,2.3602338867154673,3.0327868852459017,1.78516228748068,14,12,2139
0.7,17,0.45443785911130524,0.12138199472048139,3,0.2054,0.447,,0.0398,2.1668,1.6334557722815761,2.4197860962566846,1.81673541543901,13,10,2235
0.7,18,0.4202552555001759,0.09989000410986547,1,0.3472,0.4086,,0.0718,1.4312,1.127859282002857,2.670769230769231,1.939585211902615,19,10,2043
0.7,19,0.4645799709719084,0.14888196054580502,0,0.2,0.4412,,0.0456,2.6406,1.88240049936245,2.3772727272727274,1.8290373487638085,13,9,2206
0.75,0,0.552868850370601,0.162190818116428,5,0.2082,0.4894,,0.0398,4.1996,2.2730947714514675,2.4705882352941178,1.806813281586891,13,10,2447
0.75,1,0.6348133706475481,0.1671285520523063,7,0.2108,0.5308,,0.0398,5.7792,2.516594397196338,2.7454545454545456,1.734399375975039,17,11,2654
0.75,2,0.5447939471075272,0.14525298747594018,5,0.2084,0.525,,0.0398,3.7878,2.0643573237208717,2.4017094017094016,1.6851098454027664,13,15,2625
0.75,3,0.5295314472206494,0.15729936229831504,4,0.2258,0.5134,,0.091,3.7278,1.9805320396297554,2.3333333333333335,1.7137030995106035,19,9,2567
0.75,4,0.6446282239007318,0.08350418692491716,6,0.2548,0.576,,0.0398,5.5706,1.7885792238533913,2.3846153846153846,1.694688709110095,7,9,2880
0.75,5,0.6082270902459231,0.1368505319905338,6,0.2192,0.5444,,0.0398,5.1508,2.3795082180988576,3.253731343283582,1.677345537757437,16,12,2722
0.75,6,0.595354849916154,0.1807245283610115,7,0.1818,0.491,,0.0398,5.2464,2.871809018719734,2.9714285714285715,1.7522426313541222,16,15,2455
0.75,7,0.5604143537559537,0.1799361919619124,5,0.196,0.4876,,0.0934,4.245,2.4130841261754634,2.5789473684210527,1.7496768634209392,13,10,2438
0.75,8,0.4947486391767222,0.16950885026697374,3,0.218,0.4844,,0.0676,2.9302,1.82508300085229,2.296511627906977,1.7494294842537654,10,9,2422
0.75,9,0.5554958840853124,0.16147263543226137,5,0.2026,0.5076,,0.0482,4.4136,2.4492723490865607,2.7011494252873565,1.700708628595248,15,9,2538
0.75,10,0.6805578763826803,0.1315692634544423,7,0.216,0.5278,,0.0398,6.5364,2.490998803693009,3.259259259259259,1.7829606784888203,12,12,2639
0.75,11,0.5481064141839649,0.12695579686438968,4,0.2208,0.498,,0.0398,3.688,1.9277593210771928,2.2844827586206895,1.8263859045981952,14,10,2490
0.75,12,0.6012743112668393,0.1312205515789526,6,0.228,0.5452,,0.0398,5.1792,2.151810251857724,2.5,1.6977611940298507,10,9,2726
0.75,13,0.6691391588307201,0.14030542592523082,7,0.2022,0.5158,,0.0398,6.1264,2.6107514320593603,2.883116883116883,1.8275162337662338,13,14,2579
0.75,14,0.6164648230689452,0.08664877824013861,5,0.242,0.5752,,0.0398,4.6712,1.7862504191741986,2.0851063829787235,1.684341637010676,8,11,2876
0.75,15,0.601435856018472,0.12609281704727543,5,0.2368,0.5356,,0.0398,4.7976,1.9553603862204023,3.391304347826087,1.7522056003068662,14,12,2678
0.75,16,0.5599792458723638,0.22663215248992905,0,0.1966,0.443,,0.1044,4.9574,3.155944429168549,2.9404761904761907,1.8177434908389585,11,11,2215
0.75,17,0.6102620312499397,0.12135231983788891,6,0.2178,0.55,,0.0398,5.1288,2.1894772344100772,2.5316455696202533,1.7176960970064419,8,12,2750
0.75,18,0.5089887021115884,0.12220124930931085,3,0.2358,0.497,,0.0738,2.9756,1.6229000708608032,2.0929203539823007,1.8494575045207957,22,13,2485
0.75,19,0.5807442251787983,0.15938579337145145,5,0.2186,0.5192,,0.0456,4.712,2.306654720585636,2.619718309859155,1.732365981459089,10,11,2596
0.8,0,0.6435730568048336,0.17563983455557966,6,0.2154,0.4508,,0.0602,5.7562,2.6322540834805443,2.5609756097560976,1.987214611872146,11,17,2254
0.8,1,0.6881363300785105,0.173239797052516,7,0.215,0.4806,,0.0398,6.2174,2.496665223853611,3.075,1.9380606578385304,11,12,2403
0.8,2,0.6371267114343572,0.14874485149430597,6,0.2354,0.5412,,0.0398,5.629,2.3208099879137025,3.1555555555555554,1.7054794520547945,13,11,2706
0.8,3,0.6104688387855601,0.1730773905799074,6,0.2378,0.532,,0.0772,5.246,2.471979773380033,2.577777777777778,1.6721943694562282,12,11,2660
0.8,4,0.7115520736339722,0.0931206915303716,7,0.2494,0.535,,0.0398,6.725,1.9955387743664617,2.4705882352941178,1.8247927656367746,7,12,2675
0.8,5,0.692448410064108,0.14448813710622369,7,0.2294,0.4906,,0.0398,6.4716,2.507108581613489,2.857142857142857,1.9163514081546869,21,18,2453
0.8,6,0.6911953000327397,0.15458098481588106,7,0.2272,0.5078,,0.0398,6.544,2.526353894449469,2.7804878048780486,1.8572583906186817,14,14,2539
0.8,7,0.6027411921674349,0.21380061155084695,6,0.2174,0.4732,,0.0642,5.286,2.779101293583953,2.265625,1.818946436476317,8,11,2366
0.8,8,0.5612009303065663,0.20004122855342296,6,0.2052,0.5006,,0.0622,4.5548,2.5842207645632755,3.0677966101694913,1.6611157368859284,17,11,2503
0.8,9,0.6489861246588015,0.16617512477179916,7,0.2116,0.4772,,0.0398,5.805,2.5801889465696113,3.1379310344827585,1.9265217391304348,14,15,2386
0.8,10,0.7299832275712184,0.1327699020632117,8,0.2156,0.503,,0.0398,7.2854,2.4678628081803895,2.6,1.9014598540145986,8,14,2515
0.8,11,0.635198311636208,0.13860843230063455,6,0.2398,0.4982,,0.0398,5.4714,2.2545026147689424,2.575,1.8707818930041151,11,12,2491
0.8,12,0.6770549899335034,0.1453094419255868,7,0.2192,0.5076,,0.0398,6.288,2.4135152785926177,2.7,1.8481317798312575,9,11,2538
0.8,13,0.7454233631943832,0.1322305737113326,8,0.2386,0.4554,,0.0398,7.263,2.3957109591935333,3.230769230769231,2.1206434316353886,10,15,2277
0.8,14,0.6758225125339293,0.09225033020314412,6,0.2622,0.5744,,0.0398,5.9836,1.9007711698150307,2.9565217391304346,1.6911401341334276,13,11,2872
0.8,15,0.6746632887349778,0.139441771920807,7,0.2314,0.5258,,0.0398,6.2814,2.2792573439609662,2.967741935483871,1.8065141527723925,14,11,2629
0.8,16,0.6378479020086241,0.23953962552629787,7,0.1854,0.3732,,0.0684,5.7144,3.160258318555621,2.8055555555555554,2.237936772046589,10,21,1866
0.8,17,0.7035509754392376,0.13098740092586572,8,0.2262,0.528,,0.0398,7.0362,2.3982680333940993,2.675675675675676,1.8213457076566126,7,12,2640
0.8,18,0.6075323777732142,0.14781722562719335,6,0.2442,0.5318,,0.0586,5.1852,2.1077241185696005,1.8709677419354838,1.7492343032159265,5,9,2659
0.8,19,0.6655157925917274,0.1740564301588317,7,0.2174,0.4744,,0.0472,6.295,2.6925777611797956,3.3658536585365852,1.924209614551754,16,11,2372
0.85,0,0.7024123018303224,0.1729702392161814,7,0.188,0.3836,,0.0398,6.1078,2.755536093031626,2.297872340425532,2.4157608695652173,8,23,1918
0.85,1,0.7323687311868357,0.1786202617250984,8,0.207,0.4486,,0.0398,6.9584,2.623331744175715,2.8275862068965516,2.104280510018215,9,29,2243
0.85,2,0.6989560734419903,0.14866430281432488,7,0.222,0.5254,,0.0398,6.6538,2.4918157154974363,2.6363636363636362,1.7942546583850931,11,11,2627
0.85,3,0.6717137591909317,0.1764542424878465,7,0.2022,0.5096,,0.054,6.415,2.712927385685065,2.857142857142857,1.7925361155698234,8,14,2548
0.85,4,0.7623132028546158,0.09968467835945927,8,0.2326,0.4514,,0.0398,7.3074,2.0700978817437594,3.0,2.1656989727556946,9,18,2257
0.85,5,0.7439579292055182,0.14220485990833256,7,0.207,0.4428,,0.0398,7.009,2.478733345884547,3.238095238095238,2.159706287287747,9,19,2214
0.85,6,0.7484750043605977,0.15292479343228352,7,0.21,0.4106,,0.0398,6.7356,2.4531801075338926,3.71875,2.323647294589178,15,19,2053
0.85,7,0.6652238409512885,0.21207201537111195,7,0.2072,0.3862,,0.0442,5.9032,2.9411952944338804,2.803921568627451,2.2819120043454646,12,26,1931
0.85,8,0.6641590229208622,0.19482854217727563,8,0.2146,0.521,,0.071,6.6978,3.0088660920685717,2.46875,1.7163009404388714,8,12,2605
0.85,9,0.7198394671476032,0.16469314157712134,8,0.221,0.4272,,0.0398,6.7484,2.484330380605607,2.185185185185185,2.214422158548233,5,19,2136
0.85,10,0.7728058196255941,0.13441300585133129,7,0.2194,0.3908,,0.0398,6.9726,2.328486469791053,3.1052631578947367,2.462058212058212,10,29,1954
0.85,11,0.7044449538034456,0.14674767629260266,7,0.2376,0.3724,,0.0398,6.039,2.2725930123979525,3.027027027027027,2.547169811320755,11,28,1862
0.85,12,0.7391225016085402,0.15500492781172154,8,0.1796,0.4402,,0.0398,6.8972,2.645719592095882,2.6666666666666665,2.154384328358209,13,28,2201
0.85,13,0.7886438483804273,0.13083629196821234,8,0.2218,0.3964,,0.0398,7.4202,2.231777757752774,3.6842105263157894,2.4508196721311477,9,20,1982
0.85,14,0.7267383985257871,0.0967318397564811,7,0.2446,0.528,,0.0398,6.9254,2.0604453013851156,3.1739130434782608,1.8437619961612284,11,11,2640
0.85,15,0.7360127088999472,0.14933627993248771,8,0.2122,0.4266,,0.0398,6.7566,2.371361726940873,5.0,2.2229601518026567,17,21,2133
0.85,16,0.7355062903820053,0.19214660237861098,7,0.1842,0.3186,,0.0558,6.0944,2.667187402489746,2.2162162162162162,2.932811480756686,5,32,1593
0.85,17,0.7555373924431089,0.13342490359375164,7,0.2294,0.4594,,0.0398,7.0084,2.2371252624741422,2.6666666666666665,2.1067961165048543,6,17,2297
0.85,18,0.6831329491624318,0.16595693543018536,7,0.237,0.4892,,0.047,6.5506,2.4749625532520687,2.269230769230769,1.9118503118503118,4,20,2446
0.85,19,0.7351145422894515,0.1777064733691123,7,0.1962,0.3654,,0.0474,6.4588,2.615932445610934,2.289473684210526,2.579185520361991,11,29,1827
0.9,0,0.752725379277393,0.16342000152148634,7,0.2058,0.3568,,0.0398,6.6358,2.6554770494206874,3.2325581395348837,2.6637478108581436,10,38,1784
0.9,1,0.7655583521881707,0.18247596216781906,7,0.2178,0.3614,,0.0398,6.7094,2.5558856860196233,2.7857142857142856,2.634560906515581,8,24,1807
0.9,2,0.7468454065722416,0.14575741051680716,7,0.2198,0.4602,,0.0398,6.722,2.402148205252957,2.0689655172413794,2.0798934753661786,8,16,2301
0.9,3,0.718519498496079,0.17561355563230502,8,0.2052,0.4592,,0.0564,6.889,2.714088981592166,2.8461538461538463,2.017279574656624,8,15,2296
0.9,4,0.7931340784190549,0.10243727947516856,8,0.2446,0.3988,,0.0398,7.4786,2.109488573090644,3.090909090909091,2.455005055611729,8,20,1994
0.9,5,0.7898540545114422,0.14167057311897469,7,0.2282,0.3438,,0.0398,6.682,2.2157788698333594,3.217391304347826,2.8145065398335314,8,23,1719
0.9,6,0.7912205073877402,0.15243641298738522,6,0.2124,0.324,,0.0398,6.3342,2.254885886247905,3.6,2.986624203821656,13,29,1620
0.9,7,0.7453496450459693,0.17922675962333498,6,0.2314,0.2732,,0.0446,5.4168,2.323247244698678,2.6666666666666665,3.480091883614089,7,44,1366
0.9,8,0.7186504246932829,0.18195167860807576,8,0.214,0.4672,,0.0514,6.934,2.7665220042501018,3.16,1.9699215344376635,7,23,2336
0.9,9,0.7640142986265873,0.16688470101287015,7,0.2038,0.356,,0.0398,6.7466,2.4804008627639207,3.25,2.668574699484831,10,41,1780
0.9,10,0.8042757946117772,0.13500492873539743,7,0.256,0.323,,0.0398,6.9366,2.248328365697502,2.8,3.0056854074542008,8,41,1615
0.9,11,0.7734466693587081,0.15648126942972793,6,0.214,0.2172,,0.0398,5.6022,2.0773914315795183,4.041666666666667,4.448374760994263,11,54,1086
0.9,12,0.7800719571836713,0.1578478947290752,7,0.194,0.372,,0.0398,6.9154,2.5715837221447795,2.7241379310344827,2.5789473684210527,10,26,1860
0.9,13,0.8197698098287528,0.13047132373449843,8,0.203,0.3352,,0.0398,7.3662,2.264088682008724,2.6,2.9292682926829268,8,27,1676
0.9,14,0.7673809869199033,0.09982104397682456,7,0.2286,0.4442,,0.0398,6.9744,2.103269987424344,2.55,2.20464904284412,8,38,2221
0.9,15,0.7801390707204073,0.15523365670768452,7,0.2514,0.3646,,0.0398,7.0572,2.2863788312525988,3.2857142857142856,2.635957565605807,15,33,1823
0.9,16,0.7875430455326626,0.18047904742758566,6,0.2466,0.2322,,0.0412,5.856,2.221275309366221,3.25,4.122994652406417,11,60,1161
0.9,17,0.792061532437512,0.13460806042849896,8,0.2026,0.4032,,0.0398,7.1828,2.427794093410724,2.0,2.406813627254509,4,23,2016
0.9,18,0.7272315329254218,0.17511812889849207,7,0.236,0.415,,0.0472,6.4282,2.3995092748310016,2.5454545454545454,2.267909715407262,5,19,2075
0.9,19,0.7804019799770348,0.17677304272277725,7,0.2124,0.2736,,0.0398,6.0624,2.3947664270237294,3.04,3.4815650865312264,12,48,1368
0.95,0,0.7963226440366593,0.15425096442873856,5,0.2158,0.19,,0.0398,5.0654,1.9804855061322717,2.7333333333333334,5.192477876106195,7,72,950
0.95,1,0.7936152086557832,0.1854741965923597,6,0.2246,0.2478,,0.0398,5.798,2.1530434273372197,2.9545454545454546,3.8870431893687707,8,61,1239
0.95,2,0.7876356257997932,0.14318724319404974,7,0.2242,0.3626,,0.0398,6.6848,2.2853990811234697,3.0,2.656741573033708,8,23,1813
0.95,3,0.7586128676447408,0.17394937912141661,6,0.213,0.3376,,0.0472,6.019,2.350625235974463,3.1875,2.7935247403787415,17,31,1688
0.95,4,0.8222965388926324,0.10487477323588335,7,0.2356,0.2806,,0.0398,6.48,1.94411933790084,2.7,3.5064841498559076,8,36,1403
0.95,5,0.8157981183525893,0.13877672230299817,7,0.23,0.308,,0.0398,6.785,2.138404779268883,2.5714285714285716,3.1665560716655605,7,43,1540
0.95,6,0.8202929401744034,0.1498020512158623,7,0.225,0.2824,,0.0398,6.4906,2.26563713776059,3.8076923076923075,3.4427425237053244,10,42,1412
0.95,7,0.7912467538576242,0.17236335235197953,5,0.2022,0.2232,,0.0398,5.6566,2.245679505183231,2.3666666666666667,4.345182413470533,10,80,1116
0.95,8,0.7597341935961219,0.17254964765680786,7,0.2086,0.4112,,0.0454,7.0818,2.6249397631183844,3.1,2.281759762728621,14,23,2056
0.95,9,0.7999495552912824,0.16683050757352239,7,0.207,0.2458,,0.0398,5.7726,2.1401143053584777,3.125,3.905990016638935,6,43,1229
0.95,10,0.8290927212539682,0.13460895744826123,5,0.2446,0.2106,,0.0398,5.8268,1.9266555893568522,2.5294117647058822,4.6735092864125125,7,59,1053
0.95,11,0.8103633186384929,0.15688009061444586,5,0.2522,0.135,,0.0398,5.0212,1.8918643080305735,3.2222222222222223,7.262345679012346,11,83,675
0.95,12,0.8071540747669267,0.15677119573949694,8,0.2256,0.3354,,0.0398,7.054,2.3961393949434577,3.074074074074074,2.886572654812998,10,29,1677
0.95,13,0.843408080248275,0.1296373865803563,6,0.2656,0.2256,,0.0398,5.9,1.8679400418642993,2.0555555555555554,4.391462306993642,5,44,1128
0.95,14,0.806121182526554,0.10283615338576403,7,0.2686,0.3524,,0.0398,6.4732,1.8114308598453321,2.7142857142857144,2.7877223178427997,8,28,1762
0.95,15,0.8078644742057267,0.15734795050170033,8,0.1786,0.3156,,0.0398,6.9246,2.4908863562997006,3.7333333333333334,3.0593548387096776,15,39,1578
0.95,16,0.8228108683404592,0.17400835305284476,5,0.2454,0.1474,,0.0402,4.914,1.8459154910233564,2.6363636363636362,6.6908831908831905,14,96,737
0.95,17,0.8202174207685821,0.13537162060944605,7,0.2668,0.317,,0.0398,6.4448,1.9271100020497014,2.6923076923076925,3.0696485623003196,7,30,1585
0.95,18,0.7667513615112551,0.18215288972085594,7,0.2164,0.2986,,0.0514,6.1298,2.3568096995727084,2.388888888888889,3.1658703071672356,7,40,1493
0.95,19,0.8113305898596643,0.1721081884295623,7,0.2378,0.249,,0.0398,6.175,2.185857955128832,2.7777777777777777,3.870781893004115,10,33,1245
1.0,0,0.8283156675441201,0.1482382808272691,6,0.2706,0.1486,,0.0398,5.4932,1.9394725468539122,2.68,6.742532005689901,9,80,743
1.0,1,0.8217087967948433,0.18893318341388218,4,0.2424,0.1312,,0.0398,4.1894,1.7685948207546012,3.1363636363636362,7.523274478330658,8,85,656
1.0,2,0.8176920681013696,0.14071826590384756,7,0.2298,0.3056,,0.0398,6.572,2.1211355449381353,2.9444444444444446,3.1918449197860963,6,32,1528
1.0,3,0.7974029875950932,0.17184213378854502,7,0.2332,0.268,,0.0466,6.179,2.2331500173521706,2.9285714285714284,3.5773672055427252,12,47,1340
1.0,4,0.8497532313534776,0.10712752095177488,5,0.2652,0.16,,0.0398,5.4274,1.6736574440428362,2.2,6.210191082802548,4,73,800
1.0,5,0.8385835077943357,0.13601883335053386,8,0.2162,0.2744,,0.0398,7.4032,2.3065623251930565,4.0625,3.5654761904761907,13,28,1372
1.0,6,0.8417850726363953,0.14591994578646425,7,0.258,0.2204,,0.0398,6.3186,1.9942652882703444,4.1,4.4485981308411215,12,48,1102
1.0,7,0.823973220855654,0.1656478074797876,4,0.2464,0.1334,,0.0398,4.5768,1.8946508279891574,2.2413793103448274,7.583198707592892,11,117,667
1.0,8,0.7928723318133005,0.16588810095214426,8,0.2066,0.3158,,0.0408,6.728,2.4211600525368002,2.9047619047619047,3.028497409326425,11,39,1579
1.0,9,0.8253731421867002,0.16451529687211336,7,0.2436,0.2186,,0.0398,6.3758,2.118342361375989,2.75,4.458412098298677,7,51,1093
1.0,10,0.8502205538268194,0.13364523676263843,7,0.2968,0.18,,0.0398,6.2218,1.8746212310757606,2.5,5.502293577981652,8,73,900
1.0,11,0.8390025348675708,0.1549074455347436,5,0.3902,0.07,,0.0424,4.2192,1.3402803288864609,4.428571428571429,14.480122324159021,11,135,350
1.0,12,0.8305740629078555,0.15436727092433128,7,0.2404,0.2616,,0.0398,6.5072,2.162671533081249,2.28,3.7460567823343847,8,38,1308
1.0,13,0.8634380507912599,0.12845937094800264,6,0.3058,0.1664,557.0,0.0398,5.4518,1.5191039332448586,2.1538461538461537,5.980271270036991,6,52,832
1.0,14,0.8359897324413931,0.10453600038931164,6,0.245,0.2888,,0.0398,6.3424,1.7930873486810395,2.4166666666666665,3.4196491228070176,8,41,1444
1.0,15,0.829850577901277,0.15834116826296415,6,0.2364,0.2078,,0.0398,5.6446,1.9144426969747619,3.764705882352941,4.710891089108911,16,74,1039
1.0,16,0.8442798921339145,0.16862570618754058,6,0.3314,0.1394,2998.0,0.041,5.6258,1.8160876520696903,2.176470588235294,7.063988095238095,9,81,697
1.0,17,0.8424111079758386,0.13527495644224735,6,0.2428,0.2502,,0.0398,5.925,1.9211910368310592,2.25,3.9099756690997567,5,52,1251
1.0,18,0.8005853280341778,0.1873762487996031,5,0.2258,0.1972,,0.0518,5.2722,2.034528731672276,2.5,4.845833333333333,6,45,986
1.0,19,0.8361746549700787,0.16837671793184275,6,0.2772,0.1544,,0.0398,5.1198,1.8437591925194567,4.222222222222222,6.337819650067295,8,93,772
1.05,0,0.8531379174388402,0.14476038225042495,4,0.3182,0.0642,,0.05,3.9052,1.5170408564043354,3.857142857142857,17.123636363636365,38,234,321
1.05,1,0.8398404841121312,0.189782145311693,5,0.3126,0.1236,1056.0,0.0398,4.8622,1.7771919311092992,4.75,7.854515050167224,17,92,618
1.05,2,0.8400785034675722,0.13761392649967832,7,0.2924,0.2582,,0.0398,6.5786,1.9321030096762442,2.45,3.810810810810811,6,40,1291
1.05,3,0.8229905212037989,0.1666308229847519,7,0.2646,0.2034,,0.0398,6.0248,1.9780255205633723,3.1176470588235294,4.75882946518668,8,55,1017
1.05,4,0.8678887630873569,0.10776544874665714,6,0.254,0.1282,4964.0,0.0398,5.808,1.7188181986469657,2.5454545454545454,7.814102564102564,4,71,641
1.05,5,0.8591253532302242,0.13284418122277913,7,0.2556,0.1716,2231.0,0.0398,6.129,1.836616182004286,3.25,5.774309723889556,10,45,858
1.05,6,0.8607635902955116,0.14228981569184365,7,0.2714,0.1882,496.0,0.0398,6.4134,1.8752334361353524,3.8,5.2363834422657956,10,56,941
1.05,7,0.8507161002222463,0.1597905202496116,4,0.3366,0.0766,941.0,0.0398,3.5268,1.3726185777556705,2.9393939393939394,14.014925373134329,10,98,383
1.05,8,0.8191081705751628,0.15804570121678527,7,0.2328,0.2492,,0.0398,6.4168,2.222493590541939,3.1875,3.8793103448275863,7,43,1246
1.05,9,0.8463203584259101,0.16212586533650386,6,0.2768,0.1488,,0.0398,5.6282,1.7889563326140747,3.5555555555555554,6.635854341736695,11,73,744
1.05,10,0.8686350100660462,0.13226425556321594,5,0.3058,0.089,639.0,0.0398,4.5606,1.536465957969782,3.0555555555555554,11.36643026004728,10,122,445
1.05,11,0.8580232758449216,0.1521363522613521,3,0.3088,0.0574,877.0,0.0398,3.8766,1.5180818291515117,4.25,17.76492537313433,9,124,287
1.05,12,0.8504817381338474,0.15148852557625628,6,0.226,0.2176,819.0,0.0398,6.4316,2.110857986696405,2.6875,4.489642184557439,6,40,1088
1.05,13,0.8790733549744792,0.12697885695608163,5,0.323,0.126,393.0,0.0398,5.1334,1.5396117822360285,2.5,7.941080196399345,9,76,630
1.05,14,0.8563947024779375,0.10393188000869077,7,0.242,0.2802,,0.0398,6.814,1.890133328630549,3.8,3.522743682310469,8,29,1401
1.05,15,0.8486530011055771,0.15862910316698972,6,0.2638,0.1626,2267.0,0.0398,5.636,1.860511757554894,4.153846153846154,6.042929292929293,25,76,813
1.05,16,0.8641389057099393,0.16456311001582413,5,0.3074,0.0862,515.0,0.0418,5.011,1.6013990758084007,1.7272727272727273,11.542372881355933,4,139,431
1.05,17,0.861633257452177,0.13473565302098522,5,0.2762,0.1722,555.0,0.0398,5.241,1.6419862971413617,2.0,5.731591448931116,7,66,861
1.05,18,0.824884680416838,0.19034235294130936,5,0.3006,0.1374,,0.0398,4.8112,1.7767257976401423,2.5,7.133435582822086,7,80,687
1.05,19,0.8552121859791748,0.1639863037865093,5,0.325,0.1306,791.0,0.0398,4.983,1.7398594770842843,2.7333333333333334,7.605431309904153,11,69,653
1.1,0,0.8717874688923483,0.14104540793497555,3,0.4516,0.041,449.0,0.0526,2.9462,1.3256340218929206,8.0,27.568047337278106,93,170,205
1.1,1,0.8556220743398048,0.19009080143716658,5,0.2666,0.0924,530.0,0.0398,5.1282,1.8420002062974912,2.8461538461538463,10.676470588235293,11,92,462
1.1,2,0.8591535430509998,0.1346539940685034,6,0.3022,0.1764,2650.0,0.0398,5.583,1.6866271075729808,2.3684210526315788,5.648648648648648,7,54,882
1.1,3,0.8461979784983978,0.16347122737040296,7,0.2472,0.1638,567.0,0.0398,5.9814,2.0765967446762503,4.545454545454546,5.948621553884712,12,97,819
1.1,4,0.8844241546797753,0.10823069504975547,4,0.3712,0.054,335.0,0.0444,3.9594,1.3419953949250347,6.285714285714286,19.227091633466134,37,163,270
1.1,5,0.8759089101989939,0.12997124509393093,5,0.2824,0.103,442.0,0.0398,4.7802,1.5300614236036407,4.157894736842105,9.84016393442623,21,82,515
1.1,6,0.8753514711470645,0.13851314466035064,6,0.2832,0.1562,462.0,0.0398,6.3018,1.761112364387917,4.538461538461538,6.333333333333333,10,62,781
1.1,7,0.8686578344417503,0.15525545364706586,4,0.4268,0.07,520.0,0.0398,3.6828,1.3546158717511028,4.2272727272727275,14.933753943217665,16,102,350
1.1,8,0.841297953378356,0.1517105023130937,5,0.2656,0.1282,,0.0398,4.6846,1.7906207973772672,3.0,7.744299674267101,8,109,641
1.1,9,0.8644382195223966,0.15973628087077762,3,0.413,0.0706,473.0,0.0398,3.3534,1.4555096839251878,7.2631578947368425,14.576323987538942,64,132,353
1.1,10,0.8860364964779749,0.13132805559803878,2,0.4572,0.0342,368.0,0.0398,2.2818,1.0590508769648415,33.04761904761905,28.75862068965517,138,172,171
1.1,11,0.8745138859636999,0.15000678869157297,4,0.4266,0.0464,458.0,0.0398,3.5454,1.3122266724922185,3.076923076923077,22.47887323943662,9,185,232
1.1,12,0.866225922331465,0.14896533856806765,5,0.2192,0.142,468.0,0.0398,5.367,1.8543761754293544,2.0714285714285716,6.947750362844703,5,70,710
1.1,13,0.8924091058308145,0.1254904713967389,6,0.3024,0.1192,350.0,0.0398,5.8946,1.6293222026351941,3.4,8.364888123924269,14,85,596
1.1,14,0.8729417266919539,0.10284959275808521,5,0.302,0.1664,1023.0,0.0398,5.3706,1.5310309075913524,3.3636363636363638,5.986519607843137,6,57,832
1.1,15,0.8637968931774079,0.1581747574426264,5,0.3594,0.1134,598.0,0.0398,5.3242,1.6630978203340898,4.333333333333333,8.748175182481752,16,75,567
1.1,16,0.8785642111589818,0.16067139751887752,5,0.4536,0.0516,392.0,0.0398,4.6302,1.2994798805676062,2.4166666666666665,19.96234309623431,6,176,258
1.1,17,0.8749560582335917,0.13338283639644619,6,0.3014,0.1766,386.0,0.0398,5.7992,1.6320782334189743,2.8333333333333335,5.540664375715922,8,51,883
1.1,18,0.8420488523696243,0.1917422790841779,4,0.3176,0.0966,672.0,0.041,3.6934,1.6345630731177063,4.769230769230769,10.289237668161435,31,71,483
1.1,19,0.8719916652778855,0.15964688650504272,5,0.315,0.088,468.0,0.0398,4.2562,1.3864204124290727,2.4545454545454546,11.738916256157635,14,90,440
1.15,0,0.885782841666919,0.137238245902388,3,0.453,0.0354,406.0,0.1952,3.372,1.1407085517344033,3.6875,31.431372549019606,13,327,177
1.15,1,0.8686324096883125,0.18990256614743975,4,0.3096,0.0532,454.0,0.056,3.4794,1.376653783636249,5.866666666666666,19.024390243902438,25,185,266
1.15,2,0.8748721117541787,0.13178259975385828,6,0.2706,0.1296,386.0,0.0398,5.0078,1.6314837296154687,3.2857142857142856,7.851307189542483,13,59,648
1.15,3,0.8617872519204504,0.16010415197881436,5,0.3438,0.0936,550.0,0.0398,4.7368,1.5313803446564151,5.5,10.403930131004367,8,97,468
1.15,4,0.8971263436443443,0.10812161817737179,3,0.6514,0.0362,300.0,0.1524,3.0636,1.185898410488858,2.3846153846153846,29.8109756097561,4,326,181
1.15,5,0.8897400740870507,0.12744559434807778,4,0.3328,0.0606,354.0,0.0398,3.5128,1.3124923466443528,5.533333333333333,18.157692307692308,25,124,303
1.15,6,0.888664458170197,0.1352395924409491,6,0.2754,0.1038,353.0,0.0398,5.924,1.703591500330992,4.153846153846154,9.653306613226453,10,69,519
1.15,7,0.882282986823751,0.15113497331617276,3,0.4466,0.0506,396.0,0.0412,3.1348,1.1288175051796459,3.1538461538461537,20.860869565217392,12,164,253
1.15,8,0.8633862806266756,0.14677766945154175,4,0.4162,0.052,502.0,0.0486,3.4262,1.284271606787287,4.5,20.61572052401747,41,155,260
1.15,9,0.8772575781382879,0.15628399191539732,4,0.4238,0.0608,440.0,0.0398,3.5244,1.428357322241182,8.666666666666666,16.630281690140844,57,125,304
1.15,10,0.8980773783880646,0.12964361184796327,3,0.6032,0.0302,334.0,0.163,2.7206,1.1152289630385324,4.5,37.484375,31,236,151
1.15,11,0.8875150734528501,0.14809154504851477,3,0.8936,0.0268,395.0,0.8554,3.0792,1.1282408253560052,2.5,39.13008130081301,4,4269,134
1.15,12,0.8793138168872123,0.14653660606866664,4,0.2802,0.0962,377.0,0.0398,4.288,1.5322715164095428,2.5384615384615383,10.455337690631808,5,82,481
1.15,13,0.9035351060108651,0.12396832978603245,3,0.393,0.0596,298.0,0.0398,3.3456,1.257998664546191,5.277777777777778,17.39855072463768,10,115,298
1.15,14,0.8853390053866377,0.1013905708636569,6,0.3144,0.1668,340.0,0.0398,5.865,1.4896895649765423,3.625,5.957420924574209,13,66,834
1.15,15,0.8771916361859506,0.15756961680919934,5,0.3932,0.0794,409.0,0.0398,4.8156,1.4230940376517638,4.818181818181818,12.66754617414248,25,108,397
1.15,16,0.8901430607592203,0.15698325363681703,5,0.5322,0.0374,362.0,0.2234,4.3516,1.1765956994651987,2.769230769230769,28.80722891566265,8,310,187
1.15,17,0.8860354472780131,0.13196253808498343,7,0.2754,0.156,313.0,0.0398,6.233,1.7260101390200464,1.7,6.328104575163398,5,67,780
1.15,18,0.8559028785228587,0.1920787108943334,4,0.3562,0.079,583.0,0.0466,3.4262,1.3993404017607725,2.6842105263157894,12.6875,6,95,395
1.15,19,0.8850046277996139,0.1550920227977567,3,0.3952,0.0496,397.0,0.04,2.8522,1.2824800817166713,11.090909090909092,21.179723502304146,56,111,248
1.2,0,0.8982911949437709,0.13347851442841158,3,0.9022,0.024,346.0,0.8746,3.0228,0.9247054449931611,3.5384615384615383,48.22,10,4365,120
1.2,1,0.878252235814751,0.18902598832104833,4,0.4206,0.0436,421.0,0.1064,3.8986,1.2596499672528079,4.625,23.21078431372549,7,302,218
1.2,2,0.8880113929684669,0.12882939325772405,4,0.3724,0.1004,344.0,0.0398,4.3496,1.4148426909024197,3.0588235294117645,10.191983122362869,7,74,502
1.2,3,0.8761772952268168,0.1573021513164266,5,0.3632,0.0524,391.0,0.0398,4.3256,1.3350597889233278,3.4545454545454546,19.557377049180328,12,168,262
1.2,4,0.9085374083998285,0.10783923675566442,2,0.8854,0.0234,246.0,0.8586,2.2084,1.096981968858194,7.1,47.0873786407767,50,4285,117
1.2,5,0.9002648520149978,0.12468376745277061,3,0.4484,0.0412,289.0,0.0398,3.0696,1.1963092576754557,14.214285714285714,25.650273224043715,90,131,206
1.2,6,0.9000594779577153,0.13261179412925875,5,0.4832,0.0688,316.0,0.0398,4.7682,1.2013612112932561,4.384615384615385,14.895061728395062,16,108,344
1.2,7,0.893275412805613,0.14768801209077495,4,0.4436,0.04,374.0,0.1582,3.4234,1.2989736102015315,3.0714285714285716,27.00561797752809,10,323,200
1.2,8,0.8811110781169209,0.14232577365578986,3,0.4872,0.0332,374.0,0.042,2.5148,1.0598966742093308,9.041666666666666,34.6390977443609,18,194,166
1.2,9,0.8896824392738782,0.1530136219728558,3,0.4192,0.034,358.0,0.1442,3.2702,1.0344041569908737,2.7142857142857144,32.842465753424655,8,238,170
1.2,10,0.9080600288257138,0.1278003684387717,3,0.6726,0.03,294.0,0.3328,2.7482,1.1012705208076714,6.52,39.63865546218487,104,340,150
1.2,11,0.8985943197958394,0.1463263358022421,2,0.9068,0.0242,354.0,0.8732,2.1284,1.1485266387855355,6.0,44.22222222222222,31,4358,121
1.2,12,0.8902759636672792,0.14397315127370486,5,0.2982,0.0882,354.0,0.0398,4.8626,1.5664358397329907,3.1,11.334905660377359,9,108,441
1.2,13,0.912311662443902,0.12246912648691691,2,0.4302,0.0412,247.0,0.0442,2.4396,0.9809953312834878,21.904761904761905,24.798882681564248,94,154,206
1.2,14,0.8957674221512382,0.09984077214380975,6,0.363,0.1408,327.0,0.0398,5.9218,1.4058750869120629,4.428571428571429,7.057553956834532,7,87,704
1.2,15,0.8887930159915295,0.15694954003621728,4,0.4066,0.0584,380.0,0.0398,4.2918,1.2948562700160973,3.6923076923076925,17.81111111111111,17,127,292
1.2,16,0.8993386559604957,0.15330694252496666,4,0.7168,0.034,375.0,0.4834,3.7962,1.2628006810261072,2.466666666666667,33.06896551724138,5,619,170
1.2,17,0.8958962254994394,0.13051946493830524,6,0.3582,0.1156,294.0,0.0398,5.6238,1.4849490092255695,1.8,8.626334519572953,5,74,578
1.2,18,0.8667261279597502,0.19166365875600014,3,0.3956,0.0616,473.0,0.0398,2.942,1.3496058683926948,11.136363636363637,16.264492753623188,73,103,308
1.2,19,0.8953318983100201,0.15047328419257608,3,0.4778,0.047,346.0,0.0398,3.0412,1.1432858610163952,6.176470588235294,22.956521739130434,58,184,235
