seed,K,R_before,R_after_final,R_min_after_perturb,recovery_time,cluster_final
0,0.4,0.08038181733857,0.0434303662009058,0.005744490720959981,6.28,1
0,0.425,0.09196345544460902,0.07109990222870993,0.0009967872638800225,0.0,1
0,0.45,0.15604403452732446,0.07303756093615148,0.0030349702370328635,0.0,1
0,0.475,0.17783117719236327,0.14548994015175729,0.010737303014564138,1.98,1
0,0.5,0.10643286466595325,0.1859619765547031,0.0006480711029215435,0.0,1
0,0.525,0.2142616492653664,0.17192463608147712,0.00483616736334349,0.0,1
0,0.55,0.3920415448402497,0.21303870524587867,0.022436840139969542,1.0,1
0,0.575,0.2799841664567731,0.3851342425272722,0.11495679251715137,8.6,2
0,0.6,0.569525230422809,0.4763481517300008,0.22167559824557456,80.0,3
0,0.625,0.4050829999926047,0.5878927827647267,0.23107343335894653,3.16,2
0,0.65,0.3161059881764432,0.4885036778155167,0.2963993999951502,0.06,1
0,0.675,0.6203631790407838,0.6320581238992777,0.5560490022566867,1.7,1
0,0.7,0.6993722445765708,0.6978750216257898,0.6563709505668521,0.18,1
0,0.725,0.7451947144447116,0.7452064322481423,0.662894288232491,0.78,1
0,0.75,0.7778382226160846,0.7778381780423711,0.7163006111047084,0.8200000000000001,1
0,0.775,0.8028213741070286,0.8028213759328864,0.7297982818429508,1.1,1
0,0.8,0.8228262902405709,0.8228262902457477,0.7561850251623692,0.48,1
0,0.825,0.8393161328671869,0.8393161328638383,0.7601673835927155,0.88,1
0,0.85,0.8531932966560656,0.8531932966560415,0.783082665309064,0.34,1
0,0.875,0.865057859949937,0.8650578599499352,0.7824203433067738,0.46,1
0,0.9,0.8753302054155033,0.8753302054155032,0.7965313770197907,0.5,1
0,0.925,0.8843163776223815,0.8843163776223815,0.8044218802102417,0.5,1
0,0.95,0.8922459174561356,0.8922459174561356,0.8021866746193027,0.6,1
0,0.975,0.8992951519660918,0.8992951519660918,0.8289303407754214,0.22,1
0,1.0,0.9056022289117384,0.9056022289117381,0.8250610367543878,0.44,1
0,1.025,0.9112771974865533,0.9112771974865533,0.8315854394411483,0.34,1
0,1.05,0.916408980857963,0.9164089808579631,0.8387982156901435,0.3,1
0,1.075,0.9210703259602282,0.9210703259602282,0.8476274248448296,0.24,1
0,1.1,0.9253213960816922,0.9253213960816922,0.8574304611178377,0.2,1
0,1.125,0.9292124288323479,0.9292124288323474,0.8469829136639341,0.26,1
0,1.15,0.9327857359046429,0.932785735904643,0.8566174306633544,0.24,1
0,1.175,0.9360772301201865,0.9360772301201866,0.863654604032971,0.18,1
0,1.2,0.93911760705457,0.9391176070545701,0.8659346146476974,0.22,1
1,0.4,0.10066424889569364,0.03398551422909638,0.0036239744878776023,0.0,1
1,0.425,0.16870749311216235,0.0702305943048263,0.03614184825189406,46.7,1
1,0.45,0.20823575893798432,0.03715782756469247,0.016098364533172684,1.56,1
1,0.475,0.033999960334439555,0.09670913985343695,0.03197258584369561,0.0,1
1,0.5,0.20114949242357674,0.23081959037469335,0.04253566346053276,0.0,1
1,0.525,0.2842335511497111,0.1844555364858537,0.1334214294649404,24.02,1
1,0.55,0.41711261992870313,0.3588099623695704,0.15780105808102166,0.0,1
1,0.575,0.29453207412810467,0.41844538972136774,0.23732228026068597,0.24,4
1,0.6,0.45809529969042573,0.4015791876071681,0.263865897098018,0.16,1
1,0.625,0.5168130977087582,0.5470743295057193,0.4909248678264306,0.02,1
1,0.65,0.6359103527967829,0.6312652604898941,0.588920870345636,1.16,1
1,0.675,0.6962602265358732,0.7013077311093449,0.589743343598026,2.0,1
1,0.7,0.7426718527103907,0.7419057042264933,0.6691157292040077,1.02,1
1,0.725,0.7726421981939605,0.7727572711696699,0.7069014012410151,0.66,1
1,0.75,0.7981741827532917,0.7981722430437386,0.7174121320854807,0.56,1
1,0.775,0.8186677864614285,0.8186677778839924,0.7439238146528513,1.02,1
1,0.8,0.8356200431653447,0.8356200428778925,0.7603320200128091,0.58,1
1,0.825,0.8499148102511885,0.8499148102536039,0.7676600049624781,0.46,1
1,0.85,0.8621506441696967,0.8621506441697331,0.7652481699357759,0.74,1
1,0.875,0.872751177859968,0.8727511778599699,0.8087573696910416,0.32,1
1,0.9,0.8820269283042501,0.8820269283042499,0.8207648489195354,0.22,1
1,0.925,0.8902119376873566,0.8902119376873565,0.8063288105913576,0.44,1
1,0.95,0.8974866869639733,0.8974866869639733,0.8225128047828945,0.42,1
1,0.975,0.9039930366194292,0.9039930366194292,0.8207243981764225,0.5,1
1,1.0,0.9098443094798377,0.9098443094798377,0.8427496799536054,0.22,1
1,1.025,0.9151322961808324,0.9151322961808325,0.8196134497503283,0.46,1
1,1.05,0.9199322461608659,0.9199322461608658,0.8323798564713887,0.46,1
1,1.075,0.924306501866517,0.9243065018665167,0.8656251380050791,0.12,1
1,1.1,0.9283071959840691,0.928307195984069,0.845194695305161,0.26,1
1,1.125,0.931978287131114,0.931978287131114,0.8393759145582068,0.4,1
1,1.15,0.9353571192058001,0.9353571192058003,0.855627261081137,0.3,1
1,1.175,0.938475631694083,0.938475631694083,0.860922405568833,0.28,1
1,1.2,0.9413613101916336,0.9413613101916333,0.8696154189033091,0.18,1
2,0.4,0.1542622733175702,0.11993444170546746,0.007006730723773569,0.0,1
2,0.425,0.19178930943588837,0.05687095840215555,0.025359727093598627,0.0,1
2,0.45,0.32593756416079606,0.07750637173197297,0.0014614956004083825,0.0,1
2,0.475,0.17857149123105984,0.21677262244833156,0.018710582648324297,0.14,1
2,0.5,0.14396191104507988,0.03876784953582288,0.01733938216264065,2.58,1
2,0.525,0.37150558797050665,0.3212512466464529,0.008372239841936814,1.02,1
2,0.55,0.23940903216219342,0.34292213505272556,0.022496931573978418,0.24,2
2,0.575,0.2623573189919952,0.35088160341887903,0.180792345447683,0.46,1
2,0.6,0.5357022554541628,0.38662838523666143,0.233712260110655,30.22,2
2,0.625,0.5129420623144678,0.4369375877027058,0.34215544094353756,5.74,3
2,0.65,0.48420080082199884,0.5231615555766725,0.41880094854231953,2.58,1
2,0.675,0.612562432222244,0.6220647984954059,0.5682744871700461,0.64,1
2,0.7,0.6867696527145821,0.6814991761463739,0.5791856648588031,2.68,1
2,0.725,0.7286592489295811,0.7281079443200882,0.6627853052114521,0.92,1
2,0.75,0.7633939179441546,0.7637533949532322,0.6440093810283672,1.6,1
2,0.775,0.7877684533077688,0.7890791916585554,0.7103344346599507,1.2,1
2,0.8,0.8088648587730367,0.8082204010385976,0.7276879470805084,0.86,1
2,0.825,0.8259934978216366,0.825960801863518,0.750066773496886,0.4,1
2,0.85,0.8406322433813709,0.8406294463600148,0.7488819087513546,0.9400000000000001,1
2,0.875,0.8532277324098109,0.8532275822015459,0.76091266403821,0.9,1
2,0.9,0.8641722855640349,0.8641722898352467,0.7926536401422716,0.36,1
2,0.925,0.8737759802782252,0.8737759802758845,0.7969849325184174,0.44,1
2,0.95,0.8822737811097722,0.8822737811088613,0.7932115365988486,0.44,1
2,0.975,0.8898469362263962,0.8898469362268013,0.8175978708019054,0.34,1
2,1.0,0.8966379489779419,0.8966379489779153,0.8288535021636961,0.22,1
2,1.025,0.9027607346896033,0.9027607346896018,0.8410858000370864,0.16,1
2,1.05,0.9083076507365714,0.9083076507365713,0.8400603596252814,0.26,1
2,1.075,0.9133544966725353,0.9133544966725352,0.833754161981938,0.32,1
2,1.1,0.9179641518853704,0.9179641518853704,0.8266201026479949,0.48,1
2,1.125,0.922189273855714,0.9221892738557141,0.8404301145962532,0.3,1
2,1.15,0.926074333676328,0.926074333676328,0.8426474793610702,0.38,1
2,1.175,0.9296571746097062,0.9296571746097062,0.8496750400254078,0.3,1
2,1.2,0.9329702213290286,0.9329702213290287,0.8538896866165366,0.28,1
3,0.4,0.05716591906700618,0.05051075565824511,0.004193102155444289,0.0,1
3,0.425,0.11571361454672224,0.10269029382229061,0.008476346278105605,0.18,1
3,0.45,0.08870895738540496,0.05141574649242555,0.028795488012326554,0.0,1
3,0.475,0.19029250703862968,0.059049329448832455,0.004576889485464616,0.16,1
3,0.5,0.22704873879740944,0.13596316565077712,0.021712220429362983,26.68,1
3,0.525,0.3257228351863251,0.253451937646813,0.08869645464533954,0.0,1
3,0.55,0.3863850755876673,0.3500991229243013,0.17397945989012642,0.0,1
3,0.575,0.3196438095731105,0.2648241366516123,0.19309274041862448,0.0,1
3,0.6,0.33504885938382706,0.17344867401804015,0.15727327706124095,0.0,1
3,0.625,0.27444304926684937,0.45233467525025833,0.2701654496605384,0.0,1
3,0.65,0.4549147016562706,0.44339932176898855,0.4125071372870311,0.44,2
3,0.675,0.584355609840793,0.5882091711203663,0.4875428973765447,2.62,1
3,0.7,0.6622631828972466,0.6666636535060645,0.5998444478449627,0.54,1
3,0.725,0.714557449928831,0.7130164269681607,0.6669093158991285,0.14,1
3,0.75,0.7515659141322987,0.7514975877364288,0.697024047607088,0.5,1
3,0.775,0.7798191941144985,0.7798192943243578,0.7240849982233016,0.9,1
3,0.8,0.802377657792695,0.8023776680894918,0.7274090839624909,0.9,1
3,0.825,0.820915324403832,0.8209153244338654,0.7255274837044229,0.98,1
3,0.85,0.8364869723810339,0.836486972381289,0.767673331961866,0.26,1
3,0.875,0.8497853278374002,0.8497853278374141,0.769925727984394,0.72,1
3,0.9,0.8612907989955312,0.8612907989955286,0.763509909751555,0.8,1
3,0.925,0.8713505320467112,0.871350532046711,0.7763952092470717,0.78,1
3,0.95,0.8802235944545127,0.8802235944545125,0.8138430097771175,0.3,1
3,0.975,0.8881083933176876,0.8881083933176874,0.811767865328178,0.3,1
3,1.0,0.8951601300026383,0.8951601300026383,0.8337675132366623,0.16,1
3,1.025,0.9015023625025597,0.9015023625025597,0.8272916693898653,0.26,1
3,1.05,0.9072349262851386,0.9072349262851387,0.8420938686039656,0.3,1
3,1.075,0.9124395180992364,0.9124395180992364,0.8472246824962435,0.22,1
3,1.1,0.9171837299793114,0.9171837299793115,0.8419990671813101,0.2,1
3,1.125,0.9215240257053805,0.9215240257053804,0.8381507647813159,0.38,1
3,1.15,0.9255079773749081,0.9255079773749081,0.8221911884098585,0.4,1
3,1.175,0.9291759728997115,0.9291759728997114,0.8580264591635902,0.22,1
3,1.2,0.9325625378660223,0.9325625378660222,0.8502919568345243,0.32,1
4,0.4,0.09655418964402843,0.11793796229912594,0.028133938785160576,1.78,1
4,0.425,0.10125899453112636,0.08027089209262642,0.03877500469029791,0.3,1
4,0.45,0.15842543208158888,0.21950438542047424,0.0069264461703959996,1.5,1
4,0.475,0.1946383779815037,0.1782267327051141,0.12935819297675283,0.32,1
4,0.5,0.2839397288464326,0.30370952707028204,0.15514102775086952,0.0,1
4,0.525,0.4348967775785795,0.44491341006046664,0.18019399747639284,0.0,3
4,0.55,0.36972964801583824,0.2787946794720304,0.2503579433391295,0.0,1
4,0.575,0.6013360814858261,0.2990593214213066,0.29410825982724165,27.12,1
4,0.6,0.3970200279105004,0.431143814802786,0.3097550653949256,2.38,2
4,0.625,0.49565979979141234,0.45222836977758796,0.38361793714652714,5.2,1
4,0.65,0.5930839846888208,0.5930252329966904,0.5397080382954887,0.46,1
4,0.675,0.6687039678452535,0.6715996490049274,0.6029986753427592,0.9400000000000001,1
4,0.7,0.7232588704124843,0.7234371067446557,0.6627537311178412,0.62,1
4,0.725,0.7605725079403498,0.7605645621299103,0.7002348670384622,0.38,1
4,0.75,0.7885393869970644,0.788539362266055,0.7158125386216496,1.5,1
4,0.775,0.8107602272780194,0.8107602271642766,0.7321361902935624,0.8200000000000001,1
4,0.8,0.8289736739613222,0.8289736739635847,0.749426865710445,0.88,1
4,0.825,0.8442313890027312,0.8442313890027179,0.7803594091710813,0.38,1
4,0.85,0.857224121241137,0.8572241212411376,0.7904910759399056,0.28,1
4,0.875,0.8684322175075972,0.8684322175075964,0.782051583668043,0.6,1
4,0.9,0.8782037137240153,0.8782037137240153,0.7915666627016857,0.72,1
4,0.925,0.8867987686455377,0.886798768645538,0.809654562056221,0.4,1
4,0.95,0.8944167008161604,0.8944167008161606,0.8169737197113792,0.38,1
4,0.975,0.9012133074364274,0.9012133074364274,0.8158576804665676,0.52,1
4,1.0,0.9073124195991358,0.9073124195991358,0.830839033279711,0.28,1
4,1.025,0.9128138710876595,0.9128138710876595,0.8615723983604426,0.06,1
4,1.05,0.9177991458533801,0.9177991458533801,0.8332509642373804,0.36,1
4,1.075,0.9223354729927052,0.9223354729927051,0.837783313479372,0.42,1
4,1.1,0.9264788544274546,0.9264788544274546,0.8579880099574384,0.22,1
4,1.125,0.9302763414830543,0.930276341483054,0.8574913983701751,0.26,1
4,1.15,0.933767772143661,0.933767772143661,0.871349787347883,0.12,1
4,1.175,0.9369871142107039,0.9369871142107037,0.8665351404763192,0.16,1
4,1.2,0.9399635160100119,0.9399635160100119,0.8459864440890539,0.32,1
5,0.4,0.11831646265741369,0.09836557520083618,0.0302779015028921,6.0600000000000005,1
5,0.425,0.08700167305487251,0.12107569303295605,0.0032548542016989563,4.76,1
5,0.45,0.09870469533180845,0.1587314819104481,0.005642869444520564,1.22,1
5,0.475,0.18555809890933633,0.23281780998575843,0.06110436997822682,0.0,1
5,0.5,0.27420880739014847,0.15275523270139985,0.15275523270139985,0.0,1
5,0.525,0.33792740905642193,0.29269392732500377,0.159076256144397,0.0,1
5,0.55,0.4422039823460779,0.18260433370001714,0.18260433370001714,80.0,1
5,0.575,0.3212189282558528,0.34668645541431514,0.2177639429548129,0.08,2
5,0.6,0.5276900248972377,0.3635593520474133,0.2852072311899949,6.08,2
5,0.625,0.4825164087049898,0.35438822925765645,0.304732360364969,2.08,2
5,0.65,0.5826960817917592,0.5867378323708754,0.5101863461919134,3.36,1
5,0.675,0.6719766385289615,0.6738393603558931,0.6154268576979621,1.3,1
5,0.7,0.7278808622443057,0.733684678688458,0.6359811536254725,2.16,1
5,0.725,0.7651347335084262,0.7648892467146623,0.6615747143011761,1.96,1
5,0.75,0.792732966706516,0.7927053714960599,0.7229052617220153,0.62,1
5,0.775,0.8142573684883667,0.8142578980890496,0.7289466396544122,1.12,1
5,0.8,0.8318747452427577,0.8318747245958915,0.7606540528468585,0.56,1
5,0.825,0.8466358428417584,0.8466358467899682,0.7553102817180462,0.78,1
5,0.85,0.8592220350523263,0.8592220350720253,0.7953417407234935,0.34,1
5,0.875,0.8700990413555814,0.8700990413569419,0.7955343242786569,0.48,1
5,0.9,0.8796009218249815,0.8796009218249475,0.7880285350487962,0.74,1
5,0.925,0.8879758874007099,0.8879758874007101,0.7946182193176291,0.58,1
5,0.95,0.8954134828141422,0.8954134828141423,0.8247306300004323,0.3,1
5,0.975,0.9020616602681581,0.902061660268158,0.833381470686258,0.32,1
5,1.0,0.9080380059566926,0.9080380059566926,0.8388913003273887,0.26,1
5,1.025,0.91343739744141,0.9134373974414098,0.8323876782229563,0.36,1
5,1.05,0.9183373857151081,0.9183373857151081,0.8349337080278136,0.38,1
5,1.075,0.9228020739643217,0.9228020739643218,0.863181624348999,0.18,1
5,1.1,0.9268849729795717,0.9268849729795718,0.8599350670255641,0.16,1
5,1.125,0.9306311420558355,0.9306311420558355,0.8446287019623131,0.36,1
5,1.15,0.9340788200265292,0.9340788200265289,0.849127170731448,0.3,1
5,1.175,0.9372606854870352,0.9372606854870352,0.8648851002373508,0.24,1
5,1.2,0.9402048427888576,0.9402048427888576,0.8606850905935852,0.22,1
6,0.4,0.060294207527308366,0.1326013561962761,0.012910209178680482,0.0,1
6,0.425,0.045988108576576335,0.035690994570275476,0.01855457711135192,0.0,1
6,0.45,0.14238917510942442,0.1744964406086529,0.020476851210145905,6.12,1
6,0.475,0.0865737168085353,0.09442511505109112,0.06279214733189196,5.62,1
6,0.5,0.06194726588129546,0.12161740350564718,0.004749938633821519,0.0,1
6,0.525,0.0940444448183704,0.17228076046383467,0.056910086817077495,1.98,1
6,0.55,0.3615156161994497,0.32584151546807977,0.1480698953063431,0.0,1
6,0.575,0.2681053049272798,0.3947959139870702,0.17829499433858653,0.0,4
6,0.6,0.4123513467358764,0.5746948565210774,0.225822912118031,2.32,1
6,0.625,0.45662812118139745,0.43994072610473867,0.3675534158307126,0.2,2
6,0.65,0.6257725917993471,0.6240979835517695,0.5387305456346582,1.5,1
6,0.675,0.7010906470175199,0.6921601494497496,0.5969044579522313,1.96,1
6,0.7,0.7456830531676489,0.7405636404981345,0.6765357290005771,1.8800000000000001,1
6,0.725,0.774405176563918,0.7752894523802105,0.7219629453508218,0.62,1
6,0.75,0.80248947309453,0.8015251662073846,0.7210044780937968,1.22,1
6,0.775,0.8215382553684427,0.8215672718053517,0.7631312754234001,0.28,1
6,0.8,0.8380876431496506,0.8380949662189499,0.761419070878622,0.52,1
6,0.825,0.8520530112443072,0.8520533176557928,0.7947961041765622,0.16,1
6,0.85,0.8639916921703167,0.8639916994925219,0.7922662461370884,0.44,1
6,0.875,0.874335854500021,0.8743358540590074,0.7778211491912418,0.72,1
6,0.9,0.8833928644437523,0.8833928644516394,0.8102881289440881,0.44,1
6,0.925,0.891391865407161,0.891391865407165,0.8325480353560665,0.16,1
6,0.95,0.898508454439739,0.8985084544396835,0.8171750569262107,0.48,1
6,0.975,0.9048801268488159,0.9048801268488158,0.8258224905096603,0.36,1
6,1.0,0.910616466704504,0.9106164667045041,0.833205460838532,0.36,1
6,1.025,0.9158061200906044,0.9158061200906045,0.8393265523319536,0.28,1
6,1.05,0.9205217110166132,0.9205217110166131,0.8254740653145204,0.54,1
6,1.075,0.9248233949264835,0.9248233949264835,0.8618701329209721,0.16,1
6,1.1,0.9287614825150927,0.9287614825150925,0.8471978307266356,0.28,1
6,1.125,0.9323784126257906,0.9323784126257907,0.8558791989648714,0.3,1
6,1.15,0.9357102592481416,0.9357102592481417,0.8641406263203957,0.18,1
6,1.175,0.9387878986300238,0.9387878986300238,0.8620140788339985,0.24,1
6,1.2,0.9416379242840599,0.9416379242840599,0.8558258720505454,0.24,1
7,0.4,0.06002892786086804,0.12473567983660495,0.007066628778114949,0.0,1
7,0.425,0.2743932983299752,0.17414821777177014,0.0003676829289216235,0.12,1
7,0.45,0.037467034470999167,0.21559419928888507,0.043816074196244975,0.0,1
7,0.475,0.2872551886233029,0.18198822536227574,0.01955424262806736,0.0,1
7,0.5,0.1889426806326335,0.20808133804098133,0.10994246345926854,0.0,1
7,0.525,0.24763313541671284,0.21119648187176948,0.19606654025396564,0.02,1
7,0.55,0.37185890653152925,0.3954181440207812,0.23307618348674075,17.76,1
7,0.575,0.5650567592162424,0.5579847217045029,0.2727027023717531,78.04,5
7,0.6,0.4023075075629209,0.5325932303385124,0.3328494892621201,0.0,1
7,0.625,0.5086917776540268,0.4838136736285025,0.41322204950452507,0.36,2
7,0.65,0.5438259949316409,0.5363241276983549,0.5071859902744035,0.12,1
7,0.675,0.6394803747305736,0.6432154024742059,0.561489988005965,2.68,1
7,0.7,0.7073662668217764,0.707068946924902,0.6285860696605285,1.72,1
7,0.725,0.7492509862539463,0.7504736872734559,0.6712508401039147,1.06,1
7,0.75,0.7815718463227949,0.7815607597003037,0.7164434071234128,0.76,1
7,0.775,0.8058796181331933,0.8058797343032025,0.7064835228525548,1.48,1
7,0.8,0.8253937158597893,0.8253937180483293,0.7463859299657591,0.48,1
7,0.825,0.8414963798326186,0.8414963799007042,0.775312220533524,0.5,1
7,0.85,0.8550601899269079,0.8550601899261032,0.7739444221760233,0.46,1
7,0.875,0.8666682473202549,0.8666682473202606,0.7823266549937299,0.78,1
7,0.9,0.876729191699855,0.876729191699855,0.8025896910763857,0.42,1
7,0.925,0.8855401450264552,0.8855401450264552,0.8286266697245999,0.16,1
7,0.95,0.8933236254892645,0.8933236254892645,0.8221257198547414,0.34,1
7,0.975,0.9002503747179166,0.9002503747179167,0.8355237709444626,0.2,1
7,1.0,0.9064540893525748,0.9064540893525747,0.8296617006588327,0.38,1
7,1.025,0.9120412711657429,0.9120412711657426,0.836553923615919,0.22,1
7,1.05,0.9170980147023997,0.9170980147023999,0.8371862944361524,0.38,1
7,1.075,0.9216948077863394,0.9216948077863394,0.8328114370796961,0.42,1
7,1.1,0.925890004454428,0.9258900044544278,0.8627960801724132,0.14,1
7,1.125,0.9297323879252712,0.9297323879252711,0.8495759124050962,0.26,1
7,1.15,0.9332630955147538,0.933263095514754,0.8631850273560121,0.18,1
7,1.175,0.9365170870156441,0.936517087015644,0.8603456300703357,0.24,1
7,1.2,0.9395242804571824,0.9395242804571823,0.8662803888487768,0.2,1
8,0.4,0.2465761383357872,0.05769631242291341,0.03947498867142967,0.0,1
8,0.425,0.12123017415850414,0.17455203885854234,0.010817703298702293,0.0,1
8,0.45,0.1450644651850069,0.09788187345927814,0.0812195576727913,0.0,1
8,0.475,0.12294237754311159,0.1942080302757142,0.012213374360129772,0.14,1
8,0.5,0.2856756062618959,0.1437764299110454,0.14206378124840635,0.0,1
8,0.525,0.19145745892850888,0.19107000678513206,0.14608681704398024,0.52,1
8,0.55,0.20883974858043539,0.39132543812339843,0.17602353767221646,0.0,1
8,0.575,0.27069303392500366,0.3670334456861629,0.25229140097829655,0.3,1
8,0.6,0.2803962829682109,0.28473677607775144,0.2641455569285811,0.0,1
8,0.625,0.48849140843380173,0.4218294091454474,0.28475884916357375,0.2,2
8,0.65,0.39391588576966957,0.46089099962314656,0.374023556604049,0.02,2
8,0.675,0.5712265653902652,0.5698808361061438,0.49619101669265514,1.96,2
8,0.7,0.6602846398204703,0.6595041636697734,0.5982279939657087,0.76,1
8,0.725,0.7100311695005499,0.7092143738075054,0.6628958315049851,1.6,1
8,0.75,0.7479344556568006,0.7476393238307342,0.6848472907842218,0.6,1
8,0.775,0.776430266577654,0.776435386951851,0.6888177180072085,0.7000000000000001,1
8,0.8,0.7992766280949938,0.799276606582926,0.7319790210006686,0.86,1
8,0.825,0.8180729154826634,0.818072914741475,0.7658816190720138,0.2,1
8,0.85,0.833888302670036,0.833888302637289,0.7625989772274718,0.4,1
8,0.875,0.8474123307383972,0.8474123307385539,0.7683487910649045,0.8,1
8,0.9,0.8591225733589474,0.8591225733589325,0.768606616872163,0.76,1
8,0.925,0.8693655299778255,0.8693655299778253,0.7982681892435975,0.34,1
8,0.95,0.8784012563744025,0.8784012563744024,0.7927587988216624,0.4,1
8,0.975,0.8864299989696237,0.8864299989696237,0.8116598322120179,0.4,1
8,1.0,0.8936090939331552,0.8936090939331554,0.8227954980765156,0.22,1
8,1.025,0.9000642135477147,0.9000642135477147,0.8432206345444591,0.08,1
8,1.05,0.9058971351073452,0.9058971351073456,0.8339019923444633,0.26,1
8,1.075,0.911191268475527,0.9111912684755268,0.8422156280421379,0.24,1
8,1.1,0.9160156839591151,0.9160156839591151,0.8404375529754373,0.3,1
8,1.125,0.920428105976658,0.9204281059766579,0.8465638113579137,0.2,1
8,1.15,0.9244771756613859,0.9244771756613859,0.8524549183507273,0.22,1
8,1.175,0.9282041858984322,0.9282041858984325,0.8518496782523844,0.26,1
8,1.2,0.9316444288874952,0.9316444288874951,0.8588797061276445,0.2,1
9,0.4,0.10553379283828791,0.02892696524978571,0.003712941565057048,6.5600000000000005,1
9,0.425,0.05791445584376174,0.1481412226195342,0.021693785333377996,1.3,1
9,0.45,0.009257757359768762,0.05907747281183558,0.006184018297642971,0.0,1
9,0.475,0.17677322093928394,0.07774275293794111,0.0024627039276110753,28.92,1
9,0.5,0.12826615675605146,0.18156072913104102,0.008375442488713905,2.32,1
9,0.525,0.14724391919036986,0.046504102608547045,0.016499500166563267,0.0,1
9,0.55,0.33925060751653996,0.09326914006654023,0.051503379097923296,0.0,1
9,0.575,0.2985582100688883,0.30752291064360093,0.08458134928670151,0.0,2
9,0.6,0.39011836236482494,0.4712757566745267,0.16450212957653595,0.3,2
9,0.625,0.3274727245541215,0.6495889504062136,0.14945622974554185,0.26,1
9,0.65,0.44681688558986654,0.5590908769791549,0.23085373217387792,0.54,1
9,0.675,0.6308632372106604,0.6338814291172357,0.5718397925451505,0.66,1
9,0.7,0.7068028096983273,0.7057982088660992,0.6702411532881147,0.04,1
9,0.725,0.7485852769363023,0.7475865666497088,0.677430584557853,1.08,1
9,0.75,0.7799487909540994,0.7799316585539615,0.7145927099716598,0.76,1
9,0.775,0.8041920587869372,0.8041928523232763,0.7290529443586947,0.8,1
9,0.8,0.82365264529234,0.8236526297527926,0.740659700543817,0.76,1
9,0.825,0.8397437953816973,0.8397437959546304,0.754851457381815,0.66,1
9,0.85,0.8533304796016417,0.8533304796071164,0.7880236275430744,0.4,1
9,0.875,0.8649840958814563,0.8649840958815301,0.7957984731389158,0.38,1
9,0.9,0.875103966113772,0.8751039661137757,0.8233374398831632,0.1,1
9,0.925,0.8839807453001801,0.8839807453001804,0.8217373000322172,0.12,1
9,0.95,0.8918327266941903,0.8918327266941903,0.8323312652476277,0.2,1
9,0.975,0.8988279936515592,0.8988279936515592,0.817733476889127,0.42,1
9,1.0,0.9050986279636436,0.9050986279636435,0.820022604016516,0.5,1
9,1.025,0.9107501956025151,0.9107501956025152,0.8162701147151441,0.54,1
9,1.05,0.9158682912966696,0.9158682912966696,0.8276736060647134,0.48,1
9,1.075,0.9205231798810286,0.9205231798810287,0.8454161576526479,0.32,1
9,1.1,0.9247731658125183,0.9247731658125181,0.8428327832923741,0.32,1
9,1.125,0.9286670891294708,0.9286670891294709,0.8505224138155668,0.28,1
9,1.15,0.932246207010371,0.932246207010371,0.8706895138252909,0.12,1
9,1.175,0.9355456341625792,0.935545634162579,0.8574481780343053,0.28,1
9,1.2,0.9385954605994341,0.9385954605994341,0.8592544179851858,0.22,1
10,0.4,0.15099631859231924,0.1226142428141847,0.011918065025721796,38.94,1
10,0.425,0.09281769126395824,0.22114475135372597,0.033613831524423814,4.32,1
10,0.45,0.2948837744482784,0.1617078743065258,0.0469920753844158,0.32,1
10,0.475,0.19029669572000152,0.1400418004507828,0.13232425357240557,0.0,1
10,0.5,0.23143092476001834,0.24985799572766698,0.21171962890484702,0.0,1
10,0.525,0.2939423354480863,0.32491125922943204,0.2541386102803358,0.0,1
10,0.55,0.3825463394716476,0.4997941447806996,0.28792428070157233,7.0600000000000005,2
10,0.575,0.4155992074388747,0.3633101633778805,0.34378947780691094,3.1,2
10,0.6,0.4978658788586207,0.46776125910594474,0.41204487698242886,4.3,2
10,0.625,0.5983036049074408,0.5928890837063606,0.5344106816150566,1.26,1
10,0.65,0.6829809188770931,0.6672323939488394,0.6135536314777801,1.6400000000000001,1
10,0.675,0.7240483390682186,0.724066552413192,0.6804949610298273,0.1,1
10,0.7,0.7617253568551091,0.7629678498972711,0.6929233810703349,0.8,1
10,0.725,0.7908790994389336,0.7908220342248072,0.7304730056364891,0.28,1
10,0.75,0.8132311379039994,0.813229673824405,0.724463659117884,0.8200000000000001,1
10,0.775,0.8315356571540462,0.8315356931295075,0.7474426733769252,0.9400000000000001,1
10,0.8,0.8468382334727772,0.8468382332289125,0.7542738223403512,0.9400000000000001,1
10,0.825,0.8598434889953079,0.8598434889908498,0.7841249146054718,0.5,1
10,0.85,0.8710414370189404,0.8710414370190507,0.7757514136641729,0.76,1
10,0.875,0.8807867816804991,0.8807867816804985,0.8131638883299043,0.26,1
10,0.9,0.8893444879590809,0.889344487959081,0.8023632052618869,0.5,1
10,0.925,0.896917371760181,0.8969173717601813,0.8256241404340107,0.26,1
10,0.95,0.9036637755620536,0.9036637755620537,0.835772319739038,0.24,1
10,0.975,0.9097093811355605,0.9097093811355604,0.8345718213657237,0.4,1
10,1.0,0.915155368251131,0.9151553682511309,0.8417338710733528,0.28,1
10,1.025,0.9200842010182821,0.9200842010182821,0.8427303313466229,0.28,1
10,1.05,0.9245638231823535,0.9245638231823534,0.8506193294875658,0.26,1
10,1.075,0.9286507577425405,0.9286507577425407,0.8588232929270428,0.28,1
10,1.1,0.9323924350303983,0.9323924350303981,0.8502633362158901,0.34,1
10,1.125,0.9358289669539736,0.9358289669539733,0.8573650247257842,0.24,1
10,1.15,0.9389945169032974,0.9389945169032977,0.8783797694154828,0.12,1
10,1.175,0.9419183699726081,0.9419183699726081,0.86710269340344,0.22,1
10,1.2,0.944625778026615,0.9446257780266147,0.8676271441501154,0.26,1
11,0.4,0.13006253764302836,0.1314266937036746,0.014129394954041113,0.74,1
11,0.425,0.07685565433487726,0.07737538031176615,0.006760277956118521,0.36,1
11,0.45,0.11366313995250069,0.18900379127385208,0.010949856921036283,3.38,1
11,0.475,0.2672503875430113,0.1105345712718097,0.009872196001925545,0.06,1
11,0.5,0.15204829842752005,0.09920279835893875,0.013167638103359223,4.18,1
11,0.525,0.28625728864809297,0.3045764606586504,0.1737398929010906,0.0,2
11,0.55,0.2577099467008275,0.4176814882900409,0.11077060927629552,0.0,1
11,0.575,0.3631985415545834,0.35181361534349204,0.17731312467100527,0.04,1
11,0.6,0.4650692317603219,0.3595200032711796,0.25944746473183355,8.96,3
11,0.625,0.3797189291644676,0.33410996346578686,0.30829374871383836,0.0,1
11,0.65,0.567274402941872,0.4682327196836185,0.437373975501405,2.72,1
11,0.675,0.5863317989696667,0.5931992569103832,0.49378629214430786,2.68,1
11,0.7,0.6931938688761758,0.6930974954588508,0.6147456336405119,1.9000000000000001,1
11,0.725,0.7441328376815151,0.7441464378874506,0.6435059230778547,2.58,1
11,0.75,0.7794171694516339,0.7794170929804097,0.685069537786005,1.08,1
11,0.775,0.8054387284731427,0.8054387284999001,0.713915571636554,1.56,1
11,0.8,0.8258237187324068,0.8258237187235222,0.7511196898154319,1.18,1
11,0.825,0.8423990882071177,0.8423990882062248,0.7554608024732512,1.1,1
11,0.85,0.8562258264964214,0.8562258264963537,0.786468464806932,0.4,1
11,0.875,0.8679781329058351,0.8679781329058311,0.7670958105748927,0.8,1
11,0.9,0.8781125760163352,0.8781125760163351,0.7993037609332023,0.64,1
11,0.925,0.8869532883444722,0.8869532883444723,0.820077126555268,0.24,1
11,0.95,0.8947388755870785,0.8947388755870784,0.8148860188191065,0.54,1
11,0.975,0.9016500852372369,0.9016500852372368,0.8327119773539637,0.28,1
11,1.0,0.907827044602911,0.9078270446029111,0.8329357621828564,0.38,1
11,1.025,0.9133804881393182,0.913380488139318,0.8439698721953209,0.26,1
11,1.05,0.918399342444011,0.9183993424440112,0.8258250190523773,0.36,1
11,1.075,0.922956009448285,0.922956009448285,0.8587723843297712,0.2,1
11,1.1,0.9271101425370195,0.9271101425370196,0.8575263151416643,0.22,1
11,1.125,0.9309114057383411,0.9309114057383413,0.8580000266448301,0.2,1
11,1.15,0.9344015287108984,0.9344015287108985,0.8635658762761579,0.18,1
11,1.175,0.9376158630081567,0.9376158630081566,0.8604587530709777,0.22,1
11,1.2,0.9405845781306579,0.9405845781306579,0.8645456629720518,0.2,1
12,0.4,0.07889770680921532,0.04712497118065543,0.0023979201085097776,0.1,1
12,0.425,0.1258163105665992,0.13796124584858183,0.00600448104627631,0.0,1
12,0.45,0.09899080172381479,0.10907445744954619,0.03452170106162092,1.8800000000000001,1
12,0.475,0.14914379234688566,0.16571720837787557,0.024882446283796,0.22,1
12,0.5,0.23841134015350451,0.21993373387435805,0.0109695215448252,0.38,1
12,0.525,0.12882640054170091,0.0157193376270625,0.005887091456152113,0.0,1
12,0.55,0.4125827058596967,0.33128786818483236,0.01673813177155687,0.32,1
12,0.575,0.5326770065487418,0.07097175187965477,0.025378664918876342,38.04,1
12,0.6,0.1214671624327089,0.24374137733888804,0.1192159309969679,0.0,1
12,0.625,0.44390371436175635,0.3623561812721754,0.08176362923172235,1.8800000000000001,1
12,0.65,0.38531204738849884,0.5508874521469597,0.2527144106212546,0.0,1
12,0.675,0.6507868461175306,0.6443224896907018,0.5872300518174647,1.3800000000000001,1
12,0.7,0.7135622300008048,0.7102268574971126,0.6273166239728896,2.82,1
12,0.725,0.7565829872433024,0.7568031394021678,0.6831860033114041,0.72,1
12,0.75,0.7852736171375143,0.7852637995517926,0.7343418019824584,0.18,1
12,0.775,0.8081808920434612,0.8081807013100345,0.7114646244791073,1.6,1
12,0.8,0.8266862439642315,0.8266862634129173,0.7342981643296137,0.72,1
12,0.825,0.8420725868471489,0.8420725865683041,0.7750670679661824,0.32,1
12,0.85,0.8551301228216143,0.8551301228131162,0.7657829984172109,0.86,1
12,0.875,0.8663815923997532,0.8663815923995936,0.7907483413069142,0.42,1
12,0.9,0.8761927237297404,0.8761927237297394,0.813774017253135,0.22,1
12,0.925,0.8848303667183822,0.8848303667183822,0.8082105027512034,0.42,1
12,0.95,0.8924956327773805,0.8924956327773804,0.8225326572703487,0.28,1
12,0.975,0.8993440343690003,0.8993440343690003,0.8369170988335087,0.18,1
12,1.0,0.9054983556948129,0.9054983556948127,0.8317267512568612,0.32,1
12,1.025,0.9110572220644257,0.9110572220644259,0.8551339971551436,0.1,1
12,1.05,0.9161010034473734,0.9161010034473733,0.8245246693602695,0.52,1
12,1.075,0.9206960006437374,0.9206960006437372,0.8523954218355794,0.22,1
12,1.1,0.9248974879064761,0.9248974879064762,0.8622224747166326,0.14,1
12,1.125,0.9287519719889554,0.9287519719889554,0.8332739391639199,0.4,1
12,1.15,0.9322989006520688,0.9322989006520689,0.8704454576618461,0.16,1
12,1.175,0.9355719757396916,0.9355719757396916,0.8650564750209103,0.18,1
12,1.2,0.9386001766523814,0.9386001766523815,0.8372463062795668,0.3,1
13,0.4,0.07633160786547112,0.033117116266227604,0.019806204633710255,11.1,1
13,0.425,0.06629666737366975,0.05581707779019245,0.012314827403352414,0.0,1
13,0.45,0.2124210360146378,0.09651339771922918,0.000558815211064232,39.46,1
13,0.475,0.1334556510775758,0.12236363842316063,0.007681166714873022,0.0,1
13,0.5,0.055178415676434014,0.18992486347630758,0.03863727601228758,0.0,1
13,0.525,0.23803064556936868,0.16116808965251653,0.03407256289872416,19.28,1
13,0.55,0.19524764406121864,0.3213700408292361,0.06869335003281175,0.0,1
13,0.575,0.44187313873974554,0.2158478808523962,0.15511648581437398,0.0,1
13,0.6,0.5785379359408918,0.4060203457143012,0.1998062978890421,4.42,2
13,0.625,0.559001594000114,0.47332741194751277,0.47332741194751277,0.3,1
13,0.65,0.6786515676629425,0.6758337273266669,0.6269793543820463,2.18,1
13,0.675,0.7349552139628267,0.7364778870454562,0.6623833159284666,1.84,1
13,0.7,0.7701157180063292,0.7693711729861551,0.6952151549117468,1.1400000000000001,1
13,0.725,0.7975408858781816,0.7992143888430523,0.7003797926489534,0.84,1
13,0.75,0.8197446478863053,0.819791825125674,0.7531046475818725,0.62,1
13,0.775,0.8374160934655438,0.8374185356638436,0.7354385122239844,1.34,1
13,0.8,0.8520705010063198,0.8520704575523842,0.7913807912424643,0.32,1
13,0.825,0.8644957641964301,0.8644957669417379,0.7855515390504005,0.5,1
13,0.85,0.875187224144188,0.875187223993866,0.814411780496637,0.24,1
13,0.875,0.8844941387010793,0.8844941387024224,0.8077922862362769,0.46,1
13,0.9,0.892673493467652,0.8926734934677015,0.8255361697723179,0.28,1
13,0.925,0.8999198260527749,0.8999198260527752,0.8340947364941562,0.28,1
13,0.95,0.9063838225005239,0.9063838225005239,0.8231157619978505,0.48,1
13,0.975,0.9121844367515973,0.9121844367515974,0.8475491889271536,0.2,1
13,1.0,0.9174170887466333,0.9174170887466335,0.8441425647794342,0.28,1
13,1.025,0.9221593796581614,0.9221593796581615,0.8598639873614363,0.14,1
13,1.05,0.9264751776353697,0.9264751776353695,0.8462881441581872,0.32,1
13,1.075,0.9304176019022123,0.9304176019022122,0.8730796791096399,0.1,1
13,1.1,0.9340312431907439,0.9340312431907437,0.8729389156675594,0.12,1
13,1.125,0.9373538432784239,0.937353843278424,0.8610893590417963,0.32,1
13,1.15,0.940417584114457,0.9404175841144571,0.8667286429257982,0.22,1
13,1.175,0.9432500903775672,0.9432500903775674,0.8812782119887709,0.12,1
13,1.2,0.9458752184791492,0.9458752184791492,0.8624750533148441,0.26,1
14,0.4,0.1641084005535874,0.1442909083850158,0.022203793522275125,0.0,1
14,0.425,0.1571578740902918,0.06759786816274861,0.044706670059369104,2.08,1
14,0.45,0.2089530507558685,0.2570087419265044,0.05201510911024418,9.64,1
14,0.475,0.20447128122861719,0.19025217387274695,0.13999793260479468,0.62,1
14,0.5,0.19654057269797284,0.3283826410288465,0.2108241622181507,0.0,1
14,0.525,0.3759870932013035,0.29430048303970835,0.21298302199058144,5.42,1
14,0.55,0.40477201385974354,0.2534446773964461,0.2534446773964461,0.34,1
14,0.575,0.3757112677294174,0.3335927257614305,0.28729257366602384,2.66,1
14,0.6,0.45398955604101265,0.41752581877220935,0.3831895648516897,0.08,1
14,0.625,0.5184735651594292,0.4991064585561572,0.45211475790161104,2.62,2
14,0.65,0.5670261589856322,0.5521544306189772,0.5074531247776004,1.62,1
14,0.675,0.6478741575992714,0.6405314482889922,0.6264418706259363,0.0,1
14,0.7,0.6930501500630819,0.699012526994811,0.6492233176928089,0.18,1
14,0.725,0.7392137139239374,0.7394960808041778,0.6622627914079849,1.3800000000000001,1
14,0.75,0.7687110105084374,0.7683564505879418,0.7022857846777382,0.98,1
14,0.775,0.7930254563056761,0.7930228502080189,0.7177568178915235,0.6,1
14,0.8,0.8130495719449025,0.8130494643451036,0.7310786012452675,1.26,1
14,0.825,0.8297214898568828,0.8297214922356296,0.763781728974832,0.36,1
14,0.85,0.8438657437496727,0.8438657436566198,0.7797391566654447,0.24,1
14,0.875,0.8560436642419476,0.8560436642412559,0.7814900761630281,0.52,1
14,0.9,0.8666533434856809,0.8666533434857178,0.7846621612172408,0.62,1
14,0.925,0.8759867759550077,0.8759867759550091,0.8167694849682475,0.16,1
14,0.95,0.884264235763565,0.8842642357635652,0.8058717511601524,0.34,1
14,0.975,0.8916558579827077,0.8916558579827079,0.8174432278842615,0.28,1
14,1.0,0.8982957025079648,0.8982957025079648,0.8351284357621477,0.24,1
14,1.025,0.9042912166673697,0.9042912166673698,0.8280937762448567,0.32,1
14,1.05,0.9097297829296748,0.9097297829296749,0.8443372341159986,0.2,1
14,1.075,0.914683363978367,0.914683363978367,0.8202836180500194,0.5,1
14,1.1,0.9192118724297378,0.9192118724297377,0.8357667350379469,0.24,1
14,1.125,0.9233656648686246,0.9233656648686246,0.840776153623611,0.28,1
14,1.15,0.9271874212775058,0.927187421277506,0.8643855836927526,0.12,1
14,1.175,0.9307135843233845,0.9307135843233845,0.839583579894332,0.32,1
14,1.2,0.9339754775706142,0.9339754775706144,0.8561985256304203,0.28,1
15,0.4,0.10610170165193014,0.11221789003125986,0.0578155953344046,0.12,1
15,0.425,0.12539981509179923,0.07468756649342384,0.002341524619301642,21.78,1
15,0.45,0.08418713094848804,0.15784211665207426,0.006556541921455253,0.0,1
15,0.475,0.29157273460774746,0.061380436374774354,0.005733183143243628,80.0,1
15,0.5,0.3522241654427697,0.1949294244576584,0.05566694271841117,0.06,1
15,0.525,0.15234045275490565,0.37875939324899693,0.050085671825920684,0.0,2
15,0.55,0.3638730457780169,0.19407175693248443,0.10207992874812559,0.0,1
15,0.575,0.35642694078402337,0.23043884205850063,0.19158776217039528,0.0,1
15,0.6,0.37370976486086366,0.41341820846967425,0.18766234686111927,2.52,2
15,0.625,0.48498720100071857,0.4104952872281234,0.33945060822188694,0.86,2
15,0.65,0.5298303555643504,0.5281347642411314,0.5089098899423193,0.0,1
15,0.675,0.6527660780682059,0.6539726538973679,0.5906295631999479,1.44,1
15,0.7,0.7140983371239001,0.7129276415089879,0.6746640517062588,0.04,1
15,0.725,0.7571486888443258,0.7570063640354184,0.682922896078747,1.2,1
15,0.75,0.7851223012764943,0.7849980690808419,0.7198823694729739,0.64,1
15,0.775,0.8079779299274765,0.8079791377102059,0.7392424045542689,0.66,1
15,0.8,0.826556842478763,0.8265581074202709,0.7453094543264123,0.8,1
15,0.825,0.8420342270862365,0.842034209368849,0.7734823471386144,0.46,1
15,0.85,0.8551749688983618,0.8551749686998712,0.7577668791624881,0.74,1
15,0.875,0.86649539724658,0.866495397257008,0.7922096278614577,0.46,1
15,0.9,0.8763601267869555,0.8763601267865323,0.7932280894990946,0.6,1
15,0.925,0.8850374800990327,0.8850374800990309,0.8135773051648495,0.38,1
15,0.95,0.8927308557339075,0.8927308557339072,0.8039003526134435,0.38,1
15,0.975,0.899598103081359,0.8995981030813591,0.795559948680781,0.6,1
15,1.0,0.9057640863089874,0.9057640863089874,0.8134933484902627,0.5,1
15,1.025,0.9113291610317,0.9113291610317001,0.8308830820816809,0.28,1
15,1.05,0.9163750815521238,0.9163750815521239,0.8614415848686248,0.08,1
15,1.075,0.9209692292672953,0.9209692292672953,0.8536626473057805,0.2,1
15,1.1,0.9251677081944095,0.9251677081944094,0.8561278247801141,0.2,1
15,1.125,0.9290176549861797,0.9290176549861794,0.8428393557738975,0.34,1
15,1.15,0.9325589915700394,0.9325589915700393,0.8619672824237344,0.16,1
15,1.175,0.93582577434807,0.9358257743480702,0.8563166666715762,0.26,1
15,1.2,0.9388472462752615,0.9388472462752614,0.8694846596711716,0.2,1
16,0.4,0.08814797433788908,0.1919256582928926,0.00847283689891091,5.82,1
16,0.425,0.178522332222809,0.06064882245189767,0.021733435275617774,0.0,1
16,0.45,0.10472066375675436,0.20109753082351364,0.005111715470014087,0.16,1
16,0.475,0.1881190388463496,0.14201181781927671,0.01385856295373132,0.0,1
16,0.5,0.27748757247257033,0.1708450233153165,0.022160960800864528,59.46,1
16,0.525,0.15255327530600613,0.16105354278460401,0.02719325164267797,18.5,1
16,0.55,0.2196634828667847,0.3634271305646545,0.0748843025721215,0.0,1
16,0.575,0.26329480636697344,0.2397295772739489,0.060343379153350626,0.0,1
16,0.6,0.31642063165678,0.36662232527542304,0.17371853034732063,0.0,3
16,0.625,0.5100560858599559,0.46915201654823463,0.3467339049357679,0.26,2
16,0.65,0.61683377872036,0.6245434683353992,0.5438683849401353,2.48,1
16,0.675,0.7083121508917924,0.7072522918792407,0.6704583322143963,0.04,1
16,0.7,0.7528797497487186,0.753928135031225,0.6834879128429981,0.66,1
16,0.725,0.7863634290644373,0.7863493860642095,0.7057055924981996,0.96,1
16,0.75,0.811094910806771,0.8110949045387509,0.7346381309844784,0.86,1
16,0.775,0.8306945324170552,0.8306945307339918,0.7431092769315477,0.98,1
16,0.8,0.8467400961223247,0.8467400960923819,0.7814709544497561,0.38,1
16,0.825,0.8601839152255837,0.8601839152257904,0.794221331895435,0.26,1
16,0.85,0.8716439896588736,0.871643989658856,0.7967028068381791,0.56,1
16,0.875,0.8815454191337286,0.8815454191337272,0.8256725816465558,0.12,1
16,0.9,0.890193595578246,0.8901935955782458,0.8141487125706729,0.46,1
16,0.925,0.8978154096583998,0.8978154096583996,0.8328849496391563,0.22,1
16,0.95,0.904583995031409,0.9045839950314091,0.8376145125922096,0.24,1
16,0.975,0.9106343691160761,0.9106343691160759,0.8208253524629088,0.48,1
16,1.0,0.9160737413626637,0.9160737413626637,0.846885513828721,0.26,1
16,1.025,0.9209885463968107,0.9209885463968109,0.8501521490344907,0.24,1
16,1.05,0.925449384179056,0.9254493841790559,0.8546176832132953,0.26,1
16,1.075,0.9295145767886736,0.9295145767886733,0.8708623311206174,0.1,1
16,1.1,0.9332327840544145,0.9332327840544143,0.8726411832388609,0.1,1
16,1.125,0.9366449627052688,0.9366449627052686,0.8662293661105801,0.2,1
16,1.15,0.9397858575493686,0.9397858575493687,0.8563323737827803,0.28,1
16,1.175,0.9426851526428357,0.9426851526428356,0.8632956753801956,0.28,1
16,1.2,0.9453683712299807,0.9453683712299805,0.8674885214958296,0.26,1
17,0.4,0.12024826986550871,0.074319218820388,0.006123172292380113,0.0,1
17,0.425,0.12765583357696195,0.10797699762259073,0.022137011960245135,0.0,1
17,0.45,0.024020245481011022,0.1093216064525677,0.0002660049050128171,0.0,1
17,0.475,0.20180376264711972,0.15535324634320322,0.00633694172538851,0.0,1
17,0.5,0.2626122418705628,0.24505715829861982,0.034216517460849354,0.04,1
17,0.525,0.33727014034684977,0.20860423776466366,0.14040902032173935,0.0,1
17,0.55,0.19338392306874944,0.13467231350519612,0.13467231350519612,0.0,1
17,0.575,0.30941625264431716,0.45837154767661087,0.1509466825805197,0.02,4
17,0.6,0.31652590385278206,0.5058757618879718,0.26468354147148304,0.0,1
17,0.625,0.6516589690490824,0.3353139901402569,0.3183146723137314,3.62,1
17,0.65,0.5690976842304183,0.5595840064494436,0.5098640801784429,3.4,1
17,0.675,0.6744078235255135,0.6743658401646997,0.6210939519152894,0.44,1
17,0.7,0.7311773973309718,0.7285006424023476,0.6516418390574481,1.34,1
17,0.725,0.7645558014305532,0.763055509474411,0.6998380007444794,0.7000000000000001,1
17,0.75,0.7915189402304921,0.7912713793771087,0.7243019999406038,0.48,1
17,0.775,0.8126581942934018,0.812671835573744,0.7502596577620789,0.46,1
17,0.8,0.830247469697323,0.8302476981871177,0.7528561011860204,0.78,1
17,0.825,0.8449732507381338,0.8449732674304475,0.7380812185946303,1.06,1
17,0.85,0.8575367254461251,0.8575367251973195,0.7821126427853241,0.48,1
17,0.875,0.8684057136657832,0.8684057136643346,0.7958810713146931,0.48,1
17,0.9,0.8779133679059266,0.8779133679057235,0.7917838838890852,0.54,1
17,0.925,0.8863058047191938,0.8863058047191938,0.8030007669022059,0.5,1
17,0.95,0.8937701743426079,0.893770174342608,0.816320340627679,0.42,1
17,0.975,0.9004521570586249,0.9004521570586248,0.8185099898168473,0.36,1
17,1.0,0.906467363952482,0.9064673639524818,0.8091325775295971,0.54,1
17,1.025,0.9119090399179139,0.911909039917914,0.8484215611837423,0.18,1
17,1.05,0.9168534303243328,0.9168534303243329,0.8447722851042089,0.28,1
17,1.075,0.92136361945458,0.92136361945458,0.8526982024993032,0.18,1
17,1.1,0.9254923389130647,0.9254923389130648,0.8583871863639955,0.16,1
17,1.125,0.9292840634084418,0.9292840634084417,0.8635763818633527,0.16,1
17,1.15,0.9327766020512669,0.9327766020512666,0.8589845059367623,0.2,1
17,1.175,0.9360023251864878,0.9360023251864877,0.8712287092762424,0.14,1
17,1.2,0.9389891231197302,0.9389891231197302,0.8589410017385918,0.26,1
18,0.4,0.13288658354616031,0.03993310950004689,0.0027437146275985243,14.84,1
18,0.425,0.07320767403600013,0.1524796583766134,0.0010286720139709553,0.22,1
18,0.45,0.07637065521881362,0.07644821445029736,0.02712825368643176,0.0,1
18,0.475,0.13138966266733765,0.13192776592166064,0.043695284387301116,0.0,1
18,0.5,0.22832545550749928,0.14996185818296678,0.028907953298007633,7.28,1
18,0.525,0.16085382645061969,0.33802534849288757,0.13469177313099534,0.02,1
18,0.55,0.39088667561165696,0.38053666813126014,0.166231807959969,0.0,2
18,0.575,0.3886180682281747,0.3080874765794421,0.18768775417521327,0.0,1
18,0.6,0.48477630456216375,0.23478881845635394,0.23478881845635394,9.700000000000001,1
18,0.625,0.4418444609831563,0.5438091587750133,0.24153712851169767,3.54,2
18,0.65,0.4791594413360386,0.3940480773568944,0.28236081363240256,0.0,2
18,0.675,0.518199671096008,0.5189127019171165,0.46416306536152907,2.32,1
18,0.7,0.6533246713713008,0.6464277037562971,0.5926755384113762,0.68,1
18,0.725,0.7099924142588897,0.7150493168599514,0.6472977209469563,0.6,1
18,0.75,0.7525985596183735,0.74848826458514,0.6440544138803562,1.86,1
18,0.775,0.7796054515798966,0.7798443673511026,0.7035684411805404,0.7000000000000001,1
18,0.8,0.8041227207588775,0.80412817455655,0.7324123480838636,0.8200000000000001,1
18,0.825,0.8231282766546014,0.8231148173273436,0.7398312315941594,0.5,1
18,0.85,0.8388097995574144,0.8388095948676082,0.7914031731867901,0.08,1
18,0.875,0.852100505702179,0.8521004877156126,0.7890674393459989,0.32,1
18,0.9,0.863529801373591,0.8635298020330542,0.7768517630170221,0.64,1
18,0.925,0.8734785721463388,0.8734785720875374,0.7927376620134634,0.46,1
18,0.95,0.8822254228151478,0.88222542281516,0.8196786588856074,0.26,1
18,0.975,0.8899800755936216,0.8899800755935791,0.7994012999570085,0.52,1
18,1.0,0.8969041675870683,0.8969041675870748,0.842962481812597,0.08,1
18,1.025,0.9031247630817292,0.9031247630817291,0.815761148047067,0.52,1
18,1.05,0.9087434370582858,0.9087434370582858,0.8256505685063048,0.42,1
18,1.075,0.9138425660192326,0.9138425660192325,0.8276060316704708,0.32,1
18,1.1,0.9184897968299497,0.9184897968299497,0.82606338437253,0.44,1
18,1.125,0.9227412920138598,0.9227412920138598,0.8493557672482007,0.22,1
18,1.15,0.9266441324495429,0.9266441324495427,0.8452528251826534,0.26,1
18,1.175,0.9302381268294247,0.9302381268294249,0.843100170422004,0.28,1
18,1.2,0.933557195167803,0.9335571951678029,0.8684290967332444,0.16,1
19,0.4,0.055143043277975826,0.06683427061157202,0.012358735083628532,0.0,1
19,0.425,0.15510283799809838,0.07834074308631989,0.003844091543957604,0.48,1
19,0.45,0.1135958037055463,0.14730223894607886,0.013929258308353473,0.0,1
19,0.475,0.16051825512793325,0.17410656114965453,0.03461035782447118,0.22,1
19,0.5,0.1555288775919808,0.2593214314194223,0.05200338567758317,0.0,1
19,0.525,0.1585509072737026,0.2418366875138721,0.06179996380272247,11.36,1
19,0.55,0.3033397200575671,0.40161306263766605,0.1955742427414712,5.4,2
19,0.575,0.29443965864376187,0.3895796766765545,0.21809457651373762,1.96,2
19,0.6,0.47126994472116457,0.3618003467929836,0.217296560920491,5.46,1
19,0.625,0.5554078457199226,0.545843117378099,0.3040947314172582,7.5600000000000005,1
19,0.65,0.5368267424660096,0.5402948570527976,0.45522210782425326,2.3000000000000003,1
19,0.675,0.6746462589293225,0.67301934816385,0.5950687819433675,2.92,1
19,0.7,0.7277104757024666,0.7320214942032726,0.6354900525372262,1.6400000000000001,1
19,0.725,0.7721208901804413,0.7719983355788494,0.6895650644607182,1.74,1
19,0.75,0.7979315088434191,0.7983805184854067,0.7332454067137596,0.54,1
19,0.775,0.8193536851457436,0.8193999164361124,0.7503411733250621,0.5,1
19,0.8,0.8367595907689026,0.8367586833766669,0.7539269158724736,0.66,1
19,0.825,0.8512115415224105,0.8512115354085512,0.7686008027295407,0.62,1
19,0.85,0.8634790704035231,0.8634790693874536,0.7800581744604341,0.54,1
19,0.875,0.874047587186548,0.8740475871585621,0.8043547695135648,0.38,1
19,0.9,0.8832605016572084,0.8832605016572429,0.8231977745685792,0.2,1
19,0.925,0.8913695637185799,0.8913695637185736,0.8272488715258243,0.18,1
19,0.95,0.8985648479338639,0.8985648479338644,0.8278831054002203,0.2,1
19,0.975,0.9049933284854784,0.9049933284854783,0.8484856756428663,0.12,1
19,1.0,0.9107709206987986,0.9107709206987988,0.8449678483983201,0.22,1
19,1.025,0.9159905794523667,0.9159905794523667,0.843861888133789,0.24,1
19,1.05,0.9207279149238853,0.9207279149238854,0.8526315074422179,0.18,1
19,1.075,0.9250451892264162,0.9250451892264163,0.8502927587092732,0.3,1
19,1.1,0.9289942251750571,0.928994225175057,0.8588976374476429,0.24,1
19,1.125,0.9326185650970829,0.9326185650970827,0.8510763922977798,0.3,1
19,1.15,0.9359551008856688,0.9359551008856688,0.8523190348658488,0.3,1
19,1.175,0.9390353237700658,0.9390353237700657,0.8727662504549577,0.16,1
19,1.2,0.941886295692005,0.9418862956920047,0.8628174978092366,0.26,1
