K,seed,R_mean,R_std,cluster_mean,cluster_std,dominant_cluster,dominant_fraction,switching_rate,memory_score,reorganization_score
0.1,0,0.036521819496850974,0.020862897229930663,0.0328,0.1803445591083912,0,0.9676,0.0248,0.7208,0.00014491046597793814
0.1,1,0.04986598467590374,0.021390971383013956,0.0268,0.16637836397801248,0,0.974,0.0204,0.762,8.824708857977537e-05
0.1,2,0.0536192687180568,0.028792400082303396,0.0356,0.18529069053786812,0,0.9644,0.0272,0.6668,0.00017942068805797685
0.1,3,0.04867166390930758,0.026007194442256656,0.0272,0.1626657923473771,0,0.9728,0.0184,0.7504,8.141098017852483e-05
0.1,4,0.051606842617030954,0.028195511788048744,0.0252,0.16421010931121144,0,0.976,0.0164,0.7336,6.46331029659355e-05
0.1,5,0.04641728115956614,0.023931973487773907,0.0248,0.15551514395710792,0,0.9752,0.0176,0.7808,6.787925389117415e-05
0.1,6,0.05007113924322478,0.023160932444745826,0.0224,0.14798053926107987,0,0.9776,0.0176,0.8764,5.8339851113052145e-05
0.1,7,0.05165623073559053,0.028065472289409147,0.0324,0.1770599898339543,0,0.9676,0.0224,0.6328,0.0001285030639586343
0.1,8,0.04558057172169832,0.02102431946852309,0.0288,0.16724401334576972,0,0.9712,0.0224,0.7564,0.00010789246270625072
0.1,9,0.045681845175465564,0.019421818799471274,0.0228,0.15709920432643826,0,0.9784,0.0144,0.8108,4.8864139907038054e-05
0.1,10,0.059779728539775465,0.027181215373890986,0.028,0.16497272501841023,0,0.972,0.0184,0.8172,8.499395254872133e-05
0.1,11,0.04125178134374283,0.01704046269609633,0.026,0.16408534364774935,0,0.9748,0.0192,0.7152,7.939105680547769e-05
0.1,12,0.04899713262007182,0.025146016792727457,0.0284,0.1661127328051646,0,0.9716,0.0176,0.7664,8.302979308293503e-05
0.1,13,0.04476404044649714,0.024097704600215056,0.024,0.15304901175767194,0,0.976,0.0176,0.8112,6.464790623961697e-05
0.1,14,0.05080729550417934,0.028550671290293886,0.0296,0.17182502728066132,0,0.9708,0.0196,0.7372,9.833890463055889e-05
0.1,15,0.0453527237665726,0.02543025933616346,0.0264,0.1603216766379394,0,0.9736,0.0216,0.8036,9.142183711851076e-05
0.1,16,0.04194863481096562,0.018739148928362,0.032,0.176,0,0.968,0.022,0.7876,0.0001239040056320001
0.1,17,0.04911373014821556,0.03474453364997546,0.0188,0.1387319718017444,0,0.9816,0.016,0.8884,4.084269505110177e-05
0.1,18,0.04787569127778894,0.025004213540776168,0.0236,0.15698101796077132,0,0.9772,0.0176,0.8608,6.299334646646565e-05
0.1,19,0.04927210023237865,0.025545304681221636,0.0216,0.15077612543105093,0,0.9792,0.0152,0.8424,4.7669382952424566e-05
0.15,0,0.03854193313142529,0.022655816677268143,0.0308,0.17507529808628056,0,0.9696,0.0228,0.7888,0.00012134819593185177
0.15,1,0.05278257774975127,0.02298978563613643,0.028,0.1744018348527331,0,0.9736,0.0184,0.728,8.4717439902272e-05
0.15,2,0.056335206869002494,0.030359903251137618,0.0436,0.20808421372127198,0,0.9572,0.026,0.6844,0.0002315561219350355
0.15,3,0.05207054165947161,0.028410371986685633,0.0244,0.16187847293571805,0,0.9768,0.018,0.7992,6.760045405353642e-05
0.15,4,0.05461733995259269,0.02946419419660114,0.0404,0.19689550528135474,0,0.9596,0.0292,0.5984,0.00023227369762488694
0.15,5,0.04993522128886692,0.025434488241415507,0.0348,0.18544260567625773,0,0.9656,0.0208,0.6024,0.0001326878995927015
0.15,6,0.0526554042722066,0.02454813296651142,0.0224,0.14798053926107987,0,0.9776,0.0184,0.8524,6.0991662376610686e-05
0.15,7,0.056601442404627826,0.03155747166683121,0.0236,0.15698101796077132,0,0.9772,0.0152,0.7952,5.440334516365222e-05
0.15,8,0.04831268423241117,0.022628749091487262,0.0292,0.16836674255921208,0,0.9708,0.0208,0.806,0.00010225922967707194
0.15,9,0.04883665178706199,0.020797117410899738,0.0368,0.18827044377703048,0,0.9632,0.02,0.7772,0.00013856705354824698
0.15,10,0.06323993472025073,0.029268275461767388,0.0244,0.15685866249589153,0,0.976,0.0176,0.7704,6.625710280287254e-05
0.15,11,0.0466639813582341,0.018500557380323926,0.0176,0.1314923571923479,0,0.9824,0.0112,0.8704,2.5919775764021025e-05
0.15,12,0.051660359973391745,0.026491344310080593,0.0332,0.18999410517171317,0,0.9688,0.0192,0.7492,0.00011381407468987914
0.15,13,0.04762178752309256,0.025191657371747802,0.0268,0.16149848296501115,0,0.9732,0.0216,0.768,9.348824614694516e-05
0.15,14,0.05411162125596708,0.030604935896867046,0.0372,0.18925157859315203,0,0.9628,0.0272,0.7092,0.00019149232432385372
0.15,15,0.047912393449621574,0.027178933213107773,0.0236,0.15179934123704228,0,0.9764,0.0152,0.7712,5.4453463271016155e-05
0.15,16,0.044229240952708304,0.019737305826886323,0.03,0.17291616465790582,0,0.9704,0.0224,0.8236,0.00011465033893309618
0.15,17,0.053495095505167616,0.03872097241457271,0.0252,0.16175586542688336,0,0.9756,0.0192,0.7708,7.577939178202935e-05
0.15,18,0.05079531722144701,0.02689755837096195,0.0316,0.179447596807536,0,0.9692,0.0256,0.706,0.0001414908466577922
0.15,19,0.05277613533137427,0.026650347603650724,0.0236,0.15179934123704228,0,0.9764,0.0216,0.8476,7.738123577145898e-05
0.2,0,0.04082109430813747,0.024779241452144524,0.0348,0.18758720638678963,0,0.966,0.0248,0.652,0.00015817353880330618
0.2,1,0.05599079912781069,0.02506178246811715,0.036,0.18629009635512025,0,0.964,0.0208,0.5344,0.00013949403085715764
0.2,2,0.05924997613261038,0.031895708882513724,0.03,0.1705872210923198,0,0.97,0.0224,0.708,0.00011463461769165562
0.2,3,0.056085864640930655,0.03125285717776947,0.028,0.16497272501841023,0,0.972,0.0168,0.7008,7.760317446789653e-05
0.2,4,0.05810668269692888,0.030949402944102446,0.0452,0.21530666501527534,0,0.9564,0.028,0.6796,0.00026284638603801857
0.2,5,0.054448901678831714,0.027332369337211768,0.0192,0.13722740251130602,0,0.9808,0.0136,0.9332,3.5832821978518344e-05
0.2,6,0.05541829867653157,0.025898445592588224,0.0268,0.16149848296501115,0,0.9732,0.0176,0.8336,7.617560877309593e-05
0.2,7,0.06342869306456764,0.03577156942568949,0.0272,0.1626657923473771,0,0.9728,0.02,0.7932,8.84901954614827e-05
0.2,8,0.05150490592136905,0.02472325448939688,0.0332,0.17915847733222115,0,0.9668,0.0256,0.8264,0.0001522703790022629
0.2,9,0.05244730208142275,0.022421070951725616,0.048,0.21747643550509096,0,0.9528,0.0288,0.5584,0.00029562877763308833
0.2,10,0.06685310671011188,0.03176961301444934,0.0292,0.16836674255921208,0,0.9708,0.0248,0.7872,0.00012192446520798792
0.2,11,0.054513038511908744,0.019998683001565265,0.0164,0.12700803124212265,0,0.9836,0.012,0.9764,2.4995182631381406e-05
0.2,12,0.05467086559938795,0.027975511178459866,0.0304,0.17168529348782322,0,0.9696,0.0176,0.7836,9.185850464695781e-05
0.2,13,0.051046163342110616,0.02627043172110692,0.0404,0.19891666596844015,0,0.96,0.024,0.5108,0.00019096000728636934
0.2,14,0.05784699728444293,0.03295657815166788,0.0244,0.15428752379891256,0,0.9756,0.0184,0.8084,6.926893044937529e-05
0.2,15,0.05094048333130053,0.028862462041822922,0.0132,0.1141304516770174,0,0.9868,0.0144,0.9548,2.169391776128941e-05
0.2,16,0.04677182428796027,0.020841497989340953,0.0244,0.15428752379891256,0,0.9756,0.0176,0.7684,6.625723798482053e-05
0.2,17,0.058705649808874605,0.043613554081852794,0.03,0.1705872210923198,0,0.97,0.0272,0.7416,0.0001391991775289497
0.2,18,0.054585113899737074,0.029232565778367855,0.026,0.15913516267626082,0,0.974,0.02,0.8564,8.275028872916993e-05
0.2,19,0.05692316614767096,0.027657513485892956,0.026,0.15913516267626082,0,0.974,0.02,0.842,8.275028872916993e-05
0.25,0,0.04344629246154661,0.027325320755495233,0.0244,0.15428752379891253,0,0.9756,0.016,0.8728,6.0233853055710974e-05
0.25,1,0.0595577722914209,0.02783846230807414,0.0216,0.14809942606235854,0,0.9788,0.016,0.9256,5.023532846005984e-05
0.25,2,0.062332717278985,0.03331267354992877,0.0496,0.21711711125565394,0,0.9504,0.032,0.5548,0.00034460828975398246
0.25,3,0.06094822098993507,0.034532598877107315,0.0376,0.19022681199031857,0,0.9624,0.0296,0.6744,0.0002117148398252729
0.25,4,0.06209356730312545,0.032858184525199195,0.0316,0.17493267276298047,0,0.9684,0.0192,0.7972,0.00010613515674662783
0.25,5,0.060276495963524086,0.02984251043180146,0.0232,0.15053823434596275,0,0.9768,0.0168,0.8628,5.867378571116947e-05
0.25,6,0.05827959644015987,0.027038603626566772,0.0176,0.1314923571923479,0,0.9824,0.0192,0.9208,4.443389965670355e-05
0.25,7,0.07341757904494574,0.04058896686990104,0.0408,0.19782659073036668,0,0.9592,0.0256,0.6304,0.00020662592555737805
0.25,8,0.05539885700939434,0.02763932260478394,0.044,0.20895932618574362,0,0.9568,0.0328,0.552,0.00029608701585919433
0.25,9,0.05657483062129727,0.024282780699250103,0.0388,0.19517827747984662,0,0.9616,0.0264,0.6244,0.0001978639380728151
0.25,10,0.07038422401554903,0.034706372663360886,0.0228,0.16211156652133124,0,0.9792,0.0188,0.8388,6.339211034442208e-05
0.25,11,0.06603122283715109,0.021338576177572944,0.0308,0.17734531287857594,0,0.97,0.0208,0.7248,0.00011066348055659087
0.25,12,0.058020597476670835,0.02965740099539643,0.0232,0.16081591960996897,0,0.9784,0.0188,0.8972,6.530413210883991e-05
0.25,13,0.05532400567757381,0.027173131386482367,0.0268,0.16149848296501115,0,0.9732,0.0256,0.8228,0.00011080088352079439
0.25,14,0.06210490095444761,0.03564063671213973,0.0364,0.18728331479339,0,0.9636,0.0248,0.6944,0.00016906440074740162
0.25,15,0.05448967430410878,0.03065728659404354,0.0232,0.15053823434596275,0,0.9768,0.0152,0.8436,5.308580645224734e-05
0.25,16,0.04965911663000797,0.022054997570206895,0.0276,0.16624752629738584,0,0.9728,0.0224,0.7748,0.00010129129734440396
0.25,17,0.06493887599470088,0.0495811611380216,0.0392,0.19407050265303072,0,0.9608,0.0336,0.664,0.0002556141480619236
0.25,18,0.061174757576349006,0.03157277186417507,0.0308,0.17277546122062587,0,0.9692,0.0248,0.7572,0.00013197281362024727
0.25,19,0.06190188167166489,0.02863483376782607,0.0324,0.1770599898339543,0,0.9676,0.0184,0.7392,0.00010555608927615382
0.3,0,0.046629126324672344,0.030350709344138367,0.024,0.15564061166674975,0,0.9764,0.0164,0.7684,6.023914601261714e-05
0.3,1,0.0638046139186416,0.030967834421632263,0.0256,0.16292525893795598,0,0.9752,0.0168,0.7412,6.788118392445651e-05
0.3,2,0.06546788212236938,0.03453060800703947,0.0464,0.21597925826338046,0,0.9548,0.0304,0.5308,0.0002967727889568084
0.3,3,0.06697813094130321,0.038039544980120465,0.0424,0.2054318378440888,0,0.9584,0.0268,0.6028,0.00022903185592158202
0.3,4,0.06593207924043283,0.03521748104852829,0.036,0.18842505141302202,0,0.9644,0.0264,0.6896,0.00017708940702794627
0.3,5,0.06737214873745051,0.033207730559489286,0.044,0.20509509989270833,0,0.956,0.0248,0.5508,0.00022379978202710792
0.3,6,0.06106347823132506,0.027725696092045202,0.0432,0.20330705841165478,0,0.9568,0.0288,0.6052,0.0002529465185763094
0.3,7,0.08772592557166178,0.045131754352448074,0.0448,0.21445969318265845,0,0.9568,0.028,0.6112,0.0002594104541384025
0.3,8,0.06042642984983468,0.0319273586375322,0.0356,0.1852906905378681,0,0.9644,0.0304,0.648,0.00020052900352405075
0.3,9,0.06112303157373161,0.026428413831680236,0.0384,0.19215993338883108,0,0.9616,0.0216,0.6468,0.00015938514252897344
0.3,10,0.07323457329110479,0.03770114806457233,0.0396,0.19705796101654968,0,0.9608,0.0248,0.602,0.00019157187510652107
0.3,11,0.0807137911845274,0.025815431325614098,0.0284,0.1661127328051646,0,0.9716,0.024,0.7296,0.00011322244339760172
0.3,12,0.061628300688957756,0.03153970131835571,0.0268,0.16149848296501115,0,0.9732,0.0184,0.7992,7.963813624786577e-05
0.3,13,0.060792920516225125,0.02761982158804112,0.0364,0.19358471014003145,0,0.9648,0.0272,0.7584,0.00018534575169065352
0.3,14,0.06703984114475846,0.03853261462363199,0.0388,0.19721703780353259,0,0.962,0.0228,0.6228,0.00017086884904722824
0.3,15,0.058799974211906206,0.0326785826249274,0.0268,0.16149848296501115,0,0.9732,0.0176,0.89,7.617560877309593e-05
0.3,16,0.05293782657685901,0.023465648280571995,0.0292,0.16836674255921208,0,0.9708,0.0184,0.8268,9.046008835852236e-05
0.3,17,0.07251837176374255,0.056647284087424164,0.05,0.22158519806160337,0,0.9508,0.034,0.5344,0.0003706677302194421
0.3,18,0.0754164963887129,0.030924345659201567,0.0444,0.2173215129709896,0,0.958,0.0284,0.6772,0.00025922110979930015
0.3,19,0.06788581512825749,0.02987663868111498,0.0328,0.18472725841087992,0,0.9684,0.024,0.7072,0.00014009715861619252
0.35,0,0.05080539862627087,0.03371848820245583,0.0384,0.1942303786743979,0,0.962,0.0256,0.5756,0.00018894731975520885
0.35,1,0.06909069413454957,0.03322590199763859,0.0332,0.1857357262348846,0,0.968,0.02,0.7356,0.00011887087073386949
0.35,2,0.06846744170192436,0.035487636807339386,0.0312,0.1738578729882544,0,0.9688,0.0176,0.7556,9.546884063967591e-05
0.35,3,0.07416985697993113,0.04199874645238923,0.0232,0.15317232125942337,0,0.9772,0.0188,0.9128,6.565578727696827e-05
0.35,4,0.06758712566752549,0.036073309944341506,0.0452,0.21344076461632158,0,0.956,0.0288,0.6152,0.00027047214631319654
0.35,5,0.07562507779192065,0.0363156147705228,0.02,0.13999999999999999,0,0.98,0.0128,0.8716,3.584000280000003e-05
0.35,6,0.06339301565875974,0.02793121075770947,0.0316,0.18385167935050253,0,0.97,0.0224,0.7748,0.00012354833403908818
0.35,7,0.11692419883738858,0.049152549848811934,0.0584,0.23449827291474876,0,0.9416,0.032,0.5236,0.0004382303861177817
0.35,8,0.06767613966802019,0.03742279247793568,0.0368,0.19247275131820607,0,0.964,0.0296,0.6244,0.00020509897073369963
0.35,9,0.0654714774999019,0.029161823468508506,0.0252,0.1567321281677755,0,0.9748,0.0208,0.824,8.215271625007082e-05
0.35,10,0.0739668576019308,0.03937804034771497,0.02,0.13999999999999999,0,0.98,0.0152,0.8328,4.256000280000003e-05
0.35,11,0.09266794731993129,0.03715725113959768,0.0504,0.22058975497515745,0,0.95,0.0344,0.4176,0.0003794143895867589
0.35,12,0.06522375805614422,0.03349826765151106,0.028,0.16497272501841023,0,0.972,0.0208,0.7568,9.60801196699585e-05
0.35,13,0.06747868882398127,0.027275400636741186,0.04,0.19595917942265428,0,0.96,0.028,0.6412,0.00021947428879174016
0.35,14,0.07318613617407574,0.04024680025850758,0.034,0.18559094805512472,0,0.9668,0.0272,0.654,0.00016759605589331932
0.35,15,0.06442836656602251,0.0350501307524123,0.0392,0.1961207791132801,0,0.9612,0.0304,0.5344,0.00023132838898918206
0.35,16,0.05658851044548441,0.02476240787600971,0.0284,0.1685035311202706,0,0.972,0.0192,0.7428,9.058750304835642e-05
0.35,17,0.08180882639473448,0.06460016964353878,0.0392,0.1961207791132801,0,0.9612,0.0276,0.6692,0.00021002182754631532
0.35,18,0.09687731476453165,0.037244319567445575,0.0524,0.24505966620396757,0,0.952,0.03,0.5636,0.0003528859310965776
0.35,19,0.07489071927290995,0.032150134807214854,0.0332,0.19823662628283403,0,0.9704,0.018,0.6296,0.00010562048035129796
0.4,0,0.05688383043793526,0.03615820167082378,0.0384,0.19215993338883108,0,0.9616,0.0256,0.656,0.00018890090829749788
0.4,1,0.07231594754630626,0.03302703417045297,0.0328,0.17811277326458091,0,0.9672,0.0224,0.7764,0.00013086302261505205
0.4,2,0.07155587570783874,0.03607989165731931,0.0232,0.15053823434596275,0,0.9768,0.0184,0.8264,6.426176497009161e-05
0.4,3,0.08277619997782786,0.0470946240791233,0.0352,0.18428499667634368,0,0.9648,0.0272,0.6568,0.00017644183370463042
0.4,4,0.09321525495319517,0.051061792636130844,0.0524,0.22462021280374572,0,0.948,0.0348,0.532,0.00040647274876990964
0.4,5,0.08436752921264229,0.03949560481438683,0.0364,0.18940707484146416,0,0.964,0.022,0.6592,0.00015001041009309442
0.4,6,0.0651867680774524,0.029077241591845722,0.0312,0.1738578729882544,0,0.9688,0.024,0.7176,0.00013018478071797056
0.4,7,0.16110101519047415,0.05519497446438026,0.1048,0.3240632037118686,0,0.9008,0.0576,0.3552,0.001851671253100389
0.4,8,0.07743544547600245,0.04449214478976823,0.032,0.176,0,0.968,0.0232,0.8048,0.0001306624056320001
0.4,9,0.06848964575101373,0.03348947297707641,0.0328,0.19111295089553718,0,0.9696,0.0256,0.7192,0.0001487317487147765
0.4,10,0.0755290050248876,0.035881549465133764,0.0228,0.14926540121541898,0,0.9772,0.0176,0.806,5.989722360297459e-05
0.4,11,0.10039084487281748,0.05903324640432495,0.0572,0.2583179436276156,0,0.9488,0.0344,0.6528,0.00045497024097832574
0.4,12,0.0683350940994267,0.03523580163694707,0.0268,0.16149848296501115,0,0.9732,0.0224,0.8072,9.6950773621715e-05
0.4,13,0.07452105747878801,0.025735786837329286,0.0324,0.1770599898339543,0,0.9676,0.0288,0.7684,0.00016521822345060303
0.4,14,0.07891565177655391,0.039444610036920534,0.0324,0.18371238390484185,0,0.9688,0.0212,0.6396,0.00012151472494184499
0.4,15,0.07218460951415012,0.03857425105760513,0.0448,0.21445969318265845,0,0.9568,0.0312,0.5664,0.0002890573621239732
0.4,16,0.05997254432214704,0.025816389117475413,0.0232,0.15053823434596275,0,0.9768,0.0208,0.9092,7.264373385847482e-05
0.4,17,0.09209281627666026,0.07292488365283493,0.0648,0.2494012028840278,0,0.936,0.0432,0.5064,0.0006895444616954366
0.4,18,0.12427530016352098,0.051375088111857516,0.0684,0.26480453168327767,0,0.9348,0.0432,0.4724,0.0007458590533856431
0.4,19,0.08174205496853226,0.0365478164788104,0.0328,0.17811277326458091,0,0.9672,0.022,0.6956,0.00012852618302982075
0.45,0,0.0649734988556847,0.03665447085013805,0.0472,0.21394429181448146,0,0.9532,0.0344,0.5748,0.0003444332042905625
0.45,1,0.0768286946871079,0.04035707792181441,0.028,0.16497272501841023,0,0.972,0.0168,0.7632,7.760317446789653e-05
0.45,2,0.07698207096809154,0.036172395914827356,0.0392,0.1961207791132801,0,0.9612,0.0236,0.7524,0.0001795838826279343
0.45,3,0.09787739860998663,0.05072960849987174,0.0516,0.22833624329045968,0,0.95,0.0368,0.498,0.00042013869907125837
0.45,4,0.13198458790138906,0.055356833902198116,0.0592,0.24102979068986471,0,0.942,0.036,0.5124,0.0005032702169401658
0.45,5,0.09758823468548426,0.0440738293251231,0.0468,0.21121022702511355,0,0.9532,0.0392,0.4944,0.0003874778439758305
0.45,6,0.07234400425032352,0.03693495827680277,0.0384,0.19830642954780867,0,0.9628,0.0276,0.7512,0.00020360518472232534
0.45,7,0.2106213725497245,0.06870214581572628,0.2216,0.48794819397145023,0,0.8076,0.1008,0.1764,0.009463228331908023
0.45,8,0.08740013489763401,0.052133466108719106,0.0488,0.21913137611944117,0,0.952,0.0288,0.6352,0.0003029272248658218
0.45,9,0.07330302997364471,0.04126508338168858,0.0356,0.18955906731148475,0,0.9652,0.0264,0.6224,0.00017415171291706308
0.45,10,0.10105274394029273,0.03995777467693912,0.0544,0.22856211409592797,0,0.946,0.038,0.3732,0.0004690094704671987
0.45,11,0.14399555134884473,0.06180692817413141,0.0688,0.2531137293787123,0,0.9312,0.0428,0.3696,0.0007453288294919557
0.45,12,0.07152210056516524,0.037896644853976716,0.0476,0.22030487965544476,0,0.954,0.028,0.5216,0.00028375269513023757
0.45,13,0.08103027773027267,0.025959321089288764,0.0392,0.1961207791132801,0,0.9612,0.0272,0.5604,0.0002069780330544772
0.45,14,0.07151503925215615,0.03904959459385398,0.0268,0.16637836397801248,0,0.974,0.022,0.7688,9.516842852126068e-05
0.45,15,0.08647284533580883,0.04442176754355361,0.0404,0.19891666596844015,0,0.96,0.026,0.69,0.00020687334056384456
0.45,16,0.06848012176444931,0.034922587592439984,0.0448,0.21815810780257516,0,0.9576,0.0248,0.52,0.00022939762276646754
0.45,17,0.10184788277134016,0.07899471660204026,0.0516,0.22833624329045968,0,0.95,0.0416,0.6224,0.0004749393974609687
0.45,18,0.14364054153702852,0.0637142309113748,0.07,0.2776688675382964,0,0.9352,0.0484,0.5596,0.0008708584406306518
0.45,19,0.0877612305572091,0.03887626943992024,0.0332,0.17915847733222115,0,0.9668,0.02,0.8212,0.00011896123489665631
0.5,0,0.07723193161913434,0.03345242480220814,0.0384,0.19627898512066952,0,0.9624,0.03,0.6568,0.00022140270259620484
0.5,1,0.12800234424172063,0.06404585603492627,0.0748,0.279293680558655,0,0.9296,0.0396,0.5572,0.0007786261140709162
0.5,2,0.08453913983207137,0.0358122480923358,0.0216,0.15599179465600105,0,0.98,0.0136,0.9372,4.2429771266268214e-05
0.5,3,0.12480681599460774,0.04737671956641989,0.072,0.2630893384384856,0,0.9292,0.044,0.4444,0.0008195759257302952
0.5,4,0.2361112258206049,0.03994260645373525,0.2152,0.45528997353335154,0,0.8036,0.1272,0.1072,0.011374090631427023
0.5,5,0.11368803681875853,0.058810647824169296,0.0812,0.2817916961161205,0,0.9212,0.0516,0.4316,0.0011457876019490205
0.5,6,0.08602065567863301,0.04299045163832537,0.0432,0.20912618200502778,0,0.958,0.0356,0.662,0.0003126854761172174
0.5,7,0.2653002370305869,0.05325392278090935,0.2444,0.4756770332904459,0,0.7764,0.124,0.0828,0.013188811802185604
0.5,8,0.08390131169862823,0.0488408229755442,0.0392,0.19814984229113078,0,0.9616,0.0288,0.6476,0.00021913788119556123
0.5,9,0.12708011723744195,0.05674428135864402,0.0852,0.298564833830108,0,0.92,0.0528,0.2928,0.0012611378819835622
0.5,10,0.14472209748161832,0.06037165037991744,0.07,0.26739483914241874,0,0.9332,0.0424,0.5888,0.0007573477686618304
0.5,11,0.214048351938316,0.04025787093007225,0.1684,0.409928579145197,0,0.8456,0.0884,0.1344,0.0055950988429026
0.5,12,0.07971628091197368,0.04161400924980066,0.0272,0.1626657923473771,0,0.9728,0.0184,0.8604,8.141098017852483e-05
0.5,13,0.09650328610554527,0.03789828021479777,0.0392,0.1961207791132801,0,0.9612,0.0312,0.6344,0.00023741597797285823
0.5,14,0.0737454845923356,0.041251854454842446,0.0412,0.1987525094181203,0,0.9588,0.0288,0.676,0.0002358317857637683
0.5,15,0.10303460728677612,0.05456862615768011,0.0576,0.23639424696891417,0,0.9432,0.0388,0.4888,0.0005209751106671647
0.5,16,0.10142446848586224,0.04520263787186176,0.0412,0.20470114801827569,0,0.96,0.0336,0.6952,0.00027511835112460864
0.5,17,0.10433592547876094,0.07436476120937274,0.076,0.26948840420322356,0,0.9252,0.0512,0.328,0.0010320759310390698
0.5,18,0.1763084693109314,0.03707156484671778,0.0996,0.3021255368220303,0,0.9012,0.0652,0.19,0.0019462202279286846
0.5,19,0.1068470818131558,0.04323042424409042,0.056,0.22992172581119863,0,0.944,0.0296,0.536,0.00038111826558025983
0.55,0,0.09990535203558129,0.041541448192104515,0.0708,0.2580452673466421,0,0.9296,0.0424,0.354,0.0007702548193854199
0.55,1,0.29094704396086235,0.07113202636234563,0.4716,0.7107696110555093,0,0.6372,0.1728,0.202,0.04455945499102144
0.55,2,0.08831490544652283,0.041074389128366404,0.0452,0.2096591519586016,0,0.9552,0.0308,0.512,0.0002892960936312865
0.55,3,0.15378978394866985,0.06130013919031733,0.1104,0.3246718959195575,0,0.8932,0.0612,0.1568,0.0021221074939085332
0.55,4,0.27779222005781495,0.042592633005384135,0.2684,0.507899045086718,0,0.7604,0.1352,0.0832,0.016452841156308146
0.55,5,0.21052052181733033,0.058917986182903406,0.1988,0.44190333784663816,0,0.8192,0.1008,0.1572,0.008053529326949478
0.55,6,0.09629125653447322,0.04363140864508514,0.046,0.2169884789568331,0,0.9556,0.028,0.6564,0.00026976008667342334
0.55,7,0.3672560005365355,0.041889082665308,0.7112,0.8171869798277503,0,0.48,0.2656,0.0796,0.1128633285829075
0.55,8,0.1396632734466582,0.07098096790779022,0.0676,0.2634961859306506,0,0.9356,0.0456,0.4524,0.0007737934564205403
0.55,9,0.18179293175019998,0.06496529131125911,0.1224,0.33973260073181083,0,0.8816,0.0832,0.24,0.0033466651221213187
0.55,10,0.2487131984447369,0.04555197833431302,0.2572,0.5010470636576967,0,0.7708,0.1236,0.122,0.014194222506846514
0.55,11,0.2715486566812927,0.05157436812257481,0.3532,0.5936747931317279,0,0.7004,0.164,0.0796,0.02916985493351654
0.55,12,0.10879669022523453,0.07013765711209284,0.0628,0.2570139295835928,0,0.9408,0.0352,0.6612,0.000535575922238699
0.55,13,0.09755648233710451,0.057950738507012184,0.0528,0.2324051634538269,0,0.9492,0.0336,0.6616,0.00039668773720224993
0.55,14,0.0964403112774036,0.04208822508523977,0.0392,0.19814984229113078,0,0.9616,0.0284,0.5972,0.00021609429961796947
0.55,15,0.15032448711632593,0.05123960299555214,0.0832,0.2776288169480971,0,0.9172,0.048,0.2484,0.001103407993066183
0.55,16,0.14053804134394052,0.05899669799260214,0.0764,0.2701167155138682,0,0.9248,0.0532,0.3428,0.001080639757066179
0.55,17,0.20492893326855155,0.05862279533122349,0.1784,0.4365471795808558,0,0.8428,0.1024,0.1664,0.007027222251548536
0.55,18,0.18970247822165148,0.06158058479614985,0.1348,0.355287151470469,0,0.87,0.0756,0.1588,0.003491762170839099
0.55,19,0.11819107090323662,0.05065582782845854,0.0796,0.2736125728105344,0,0.9212,0.048,0.2976,0.0010349122169592358
0.6,0,0.11122680545650193,0.042909013024304304,0.0608,0.2519987301555308,0,0.9424,0.042,0.5936,0.0006096353425073869
0.6,1,0.38141437980658405,0.03436314267974926,0.9184,0.8875479930685439,1,0.396,0.3004,0.0796,0.1610381284752245
0.6,2,0.11425674603827451,0.04812246428875874,0.0496,0.22965156215449528,0,0.9532,0.0352,0.5636,0.00037831880817852204
0.6,3,0.2216943218336114,0.07928906822942712,0.2324,0.48907079242171064,0,0.794,0.118,0.1936,0.011888332922935523
0.6,4,0.3249647013443885,0.05209529369831945,0.4612,0.6785974948376983,0,0.63,0.2108,0.0796,0.052927890458442185
0.6,5,0.16105674795045075,0.09251283527827593,0.11,0.3536947836765479,0,0.902,0.0628,0.3644,0.0021767792113210347
0.6,6,0.14605475737941798,0.06296342290373838,0.1116,0.33338482268993586,0,0.8944,0.0584,0.2264,0.00205599757212718
0.6,7,0.4415485443749049,0.04235485901977942,1.2864,1.0716226201419976,1,0.3668,0.3664,0.0796,0.24862124942083316
0.6,8,0.1839372928308446,0.07794270764110706,0.1568,0.3982634304075633,0,0.8564,0.0948,0.316,0.005421671649089299
0.6,9,0.21103113188850833,0.05699360195749205,0.1904,0.43697578880299537,0,0.828,0.1028,0.2352,0.00772643118245888
0.6,10,0.3484045962711937,0.03469413142541916,0.7636,0.857738328396254,0,0.4576,0.2704,0.0796,0.12580015808994072
0.6,11,0.3951744059943855,0.03233302565080867,1.0372,0.9225053712580756,1,0.3972,0.3548,0.0796,0.19729939772552801
0.6,12,0.1526329908004682,0.04736153762078036,0.086,0.30365111559156177,0,0.9204,0.0544,0.268,0.0013148822309498331
0.6,13,0.15615657793117738,0.05255048122745429,0.1152,0.34918327565907276,0,0.8944,0.066,0.3468,0.002433667794907228
0.6,14,0.31756978261446267,0.05505775923231135,0.584,0.7373899917953863,0,0.5508,0.2356,0.0796,0.07803910399572886
0.6,15,0.22067843800466544,0.052594415685854594,0.138,0.3749079887118971,0,0.8724,0.0792,0.1732,0.0037887901891215966
0.6,16,0.16931718104076235,0.057024129849822504,0.1024,0.31482414138690185,0,0.9012,0.0736,0.3568,0.0022893004435449314
0.6,17,0.3264865199400453,0.057345686696988606,0.5044,0.7113231614392997,0,0.6028,0.2404,0.0796,0.06792202964011261
0.6,18,0.23258433458677863,0.057855633906763265,0.198,0.4512161344632969,0,0.8216,0.1168,0.1908,0.009402044820244811
0.6,19,0.11541230892289583,0.04172587794335451,0.0556,0.23088663885119035,0,0.9448,0.0408,0.4192,0.0005199936653000396
0.65,0,0.15825703113443643,0.06508957822694265,0.1144,0.3378056245831321,0,0.8912,0.0664,0.1828,0.0024404159665416653
0.65,1,0.6088149258149129,0.029994578364303776,4.786,1.5768969528792933,5,0.2696,0.5736,0.0796,0.6606527116738748
0.65,2,0.13780085921437263,0.06789190939099846,0.0504,0.2241870647472775,0,0.9508,0.0356,0.6616,0.00039266813867615524
0.65,3,0.3134160783233726,0.05327934303941412,0.4632,0.6668176362394743,0,0.6196,0.2164,0.0796,0.05489146785149477
0.65,4,0.36610077333752544,0.03384824615885819,0.6224,0.7287099834639292,0,0.5076,0.2544,0.0796,0.0912829932250001
0.65,5,0.4231764390689289,0.06246072152022446,1.5016,1.274204630347889,1,0.3104,0.3752,0.0796,0.32968505658927316
0.65,6,0.2168426280220614,0.04974605183647069,0.1724,0.4189012294085564,0,0.8428,0.1016,0.1564,0.006690489429374619
0.65,7,0.5258109792088599,0.028547805280344004,2.6164,1.3274227058476888,2,0.282,0.5096,0.0796,0.4856944115792768
0.65,8,0.3071204981516063,0.051386472373894376,0.5068,0.7442806997363293,0,0.6216,0.2064,0.0796,0.058129632865074665
0.65,9,0.34046299876688024,0.0557442475483747,0.718,0.8030417174717638,0,0.468,0.26,0.0796,0.11107673078791258
0.65,10,0.5120761025389373,0.029582416143832824,2.4972,1.3018418337109927,2,0.2912,0.5244,0.0796,0.48388773678823943
0.65,11,0.58110718171178,0.019643390666506135,4.0076,1.4120701965553981,4,0.2628,0.5752,0.0796,0.598770632288626
0.65,12,0.3995979248602789,0.06840420476497679,1.344,1.265252543961086,0,0.3164,0.3612,0.0796,0.31241150289043623
0.65,13,0.3850116187060029,0.03091986970233934,0.882,0.8653762187626836,1,0.3932,0.3256,0.0796,0.17097591080102623
0.65,14,0.4581279061090281,0.025978492291723415,1.5916,1.0639593225307067,1,0.36,0.4184,0.0796,0.28490277223091653
0.65,15,0.2813392069709881,0.05995528625572204,0.346,0.5655828851724564,0,0.6984,0.166,0.0904,0.02831624666646993
0.65,16,0.32672624843228293,0.060553191037918695,0.5632,0.7208368470049238,0,0.5576,0.2228,0.0812,0.07105052398331538
0.65,17,0.5238703113585234,0.03306537127005547,2.6396,1.3383989838609411,2,0.27,0.5372,0.0796,0.5248611928920025
0.65,18,0.36762536628338455,0.04198232011974084,0.7884,0.8330818927332414,0,0.4384,0.304,0.0796,0.14222907291939127
0.65,19,0.20604227422601906,0.05944463006665146,0.1848,0.42643752180125993,0,0.8304,0.1,0.1924,0.007232380442073172
0.7,0,0.43600520591706743,0.07419077769654918,1.7308,1.424616214985636,1,0.2692,0.4252,0.0796,0.44267977315948054
0.7,1,0.7206429462367366,0.01762519508943602,7.162,1.489616057915596,7,0.2456,0.5576,0.0796,0.626612120165201
0.7,2,0.2588117165424316,0.06298120046889483,0.3136,0.5933422621051023,0,0.7448,0.1364,0.138,0.02065381708887084
0.7,3,0.5872491912155345,0.02378032434302467,4.1884,1.5247640604368926,4,0.2564,0.608,0.0796,0.6893592507810655
0.7,4,0.5055690257930147,0.03366374144417922,2.5516,1.3679683622072552,2,0.27,0.508,0.0796,0.5072973884395554
0.7,5,0.5489790565609974,0.03497470369478394,3.6108,1.468646778500535,4,0.274,0.5536,0.0796,0.5902691149417901
0.7,6,0.30377937071877775,0.05950487638599618,0.4252,0.666036755742504,0,0.6592,0.188,0.0796,0.042673241582109854
0.7,7,0.63629840692214,0.018890217393573237,5.2464,1.4945524547502507,5,0.264,0.5736,0.0796,0.6309546131009219
0.7,8,0.4295645551055473,0.03683148329542695,1.2352,1.0769776970764064,1,0.356,0.392,0.0796,0.2718808663651183
0.7,9,0.46827447661592597,0.02718856952888068,1.872,1.1560346015582752,2,0.3384,0.4552,0.0796,0.34815175130119513
0.7,10,0.6135738845685875,0.02581411398410471,4.6072,1.477872849740464,4,0.2564,0.5972,0.0796,0.656290702236164
0.7,11,0.6510013430280421,0.016826811145125214,5.2612,1.4503015410596514,5,0.2604,0.5924,0.0796,0.6354337259830393
0.7,12,0.6083061330359943,0.03055716904090703,4.7396,1.5757511986351145,5,0.236,0.562,0.0796,0.6765771418594358
0.7,13,0.4967873484357544,0.024731566325487148,2.2408,1.2278498931058308,2,0.312,0.5048,0.0796,0.4264352155601592
0.7,14,0.5670447291865999,0.025305825709231542,3.6928,1.3982947328800177,4,0.2768,0.558,0.0796,0.5642756879681533
0.7,15,0.30296600355532827,0.10498771101038883,0.6396,0.8551677262385433,0,0.562,0.2256,0.1404,0.08450151787382738
0.7,16,0.499307915621591,0.032615300608886975,2.4516,1.4106939568878858,2,0.2872,0.5128,0.0796,0.5156422731919971
0.7,17,0.5998116841123082,0.02931297362162983,4.0368,1.558026238546707,4,0.2712,0.5972,0.0796,0.6781143440637656
0.7,18,0.4986053924905103,0.030990111380752656,2.3496,1.3078913716360392,2,0.2864,0.5192,0.0796,0.48457521896280004
0.7,19,0.33610990592246226,0.04483217927999258,0.6268,0.7638859600751934,0,0.526,0.26,0.0796,0.09414130608174878
0.75,0,0.6405287596395156,0.01745769020662927,5.6572,1.4332090426731197,5,0.2612,0.5864,0.0796,0.6209124796611094
0.75,1,0.7737619249301619,0.01440735849655684,7.5492,1.5847963149881439,8,0.2424,0.4872,0.0796,0.5849526317087425
0.75,2,0.5858330150547618,0.02068841602193586,4.3572,1.528400523423098,4,0.2388,0.552,0.0796,0.642207001256592
0.75,3,0.6828057834215043,0.016928250241288287,6.388,1.4791402908446514,6,0.2464,0.612,0.0796,0.6821842365011641
0.75,4,0.6486402196218791,0.019894480873535927,5.6632,1.4910954898999595,6,0.2576,0.582,0.0796,0.644267768877396
0.75,5,0.6979384805570938,0.018389873691171652,7.198,1.5381794433680356,7,0.258,0.5776,0.0796,0.6592317164364472
0.75,6,0.4784721746082093,0.030748984808814616,2.1208,1.1999197306486797,2,0.324,0.488,0.0796,0.3958391209153774
0.75,7,0.7228389223368238,0.013057567813343832,7.0308,1.5232371319003486,7,0.2496,0.5408,0.0796,0.6181544884981911
0.75,8,0.5421578675871861,0.03370825617707364,3.1684,1.522380189046087,3,0.2496,0.5532,0.0796,0.6319724138658478
0.75,9,0.6362303775426406,0.02238446403020013,5.5904,1.4547260360631482,6,0.258,0.5692,0.0796,0.6143983053969475
0.75,10,0.6877727123516861,0.01950945267051415,6.1588,1.4485794973007178,6,0.2768,0.5684,0.0796,0.5954630554349872
0.75,11,0.7139915703020024,0.01581441645338264,6.9076,1.3993792338033317,7,0.2816,0.576,0.0796,0.5790608889463584
0.75,12,0.676436261626935,0.023918189768491162,5.9528,1.5174228678914787,6,0.2764,0.568,0.0796,0.6236680834311707
0.75,13,0.6111623966908472,0.02170227452333827,4.7872,1.4426074171443872,5,0.2576,0.6084,0.0796,0.6515913796342867
0.75,14,0.6732244691405643,0.023273573387806466,6.0816,1.5964151840921585,6,0.242,0.5492,0.0796,0.6645774252904701
0.75,15,0.5309194795560667,0.09266507252070555,3.384,2.0037325170790634,3,0.1832,0.4904,0.0796,0.8026125339002165
0.75,16,0.6555950065254159,0.019116491705405084,6.1108,1.467556935863137,6,0.2768,0.588,0.0796,0.624066260558875
0.75,17,0.6635904603177011,0.013705257242509879,5.5612,1.4446641685872879,6,0.2588,0.6116,0.0796,0.6548921570733037
0.75,18,0.618350433380629,0.018830955193184264,4.8452,1.4965416666434652,5,0.2484,0.6092,0.0796,0.6852285977075107
0.75,19,0.6091468620077061,0.02300860927667294,4.9824,1.5521888544890405,5,0.2568,0.572,0.0796,0.6598516259609645
0.8,0,0.7431553607755554,0.009945821248117845,7.4064,1.509317408632127,8,0.2464,0.4996,0.0796,0.568255832070349
0.8,1,0.8176810895335388,0.009576056870106774,7.6644,1.741428333294253,8,0.2348,0.4056,0.0796,0.5404786149668118
0.8,2,0.6968713263084303,0.014154931742135264,6.7956,1.4370179678765327,7,0.2844,0.5584,0.0796,0.5742195053108003
0.8,3,0.7370415132555891,0.012635269236203376,7.496,1.482020242776731,7,0.2516,0.5712,0.0796,0.633543025174417
0.8,4,0.7175668326115591,0.01593663226921384,6.8856,1.5465162915404416,7,0.264,0.5912,0.0796,0.6729251187654457
0.8,5,0.7614182564670573,0.01279374591704294,7.5412,1.5895604927148888,8,0.2444,0.5104,0.0796,0.6130271031950287
0.8,6,0.6540427359077534,0.02159274651140292,6.012,1.420934903505435,6,0.2764,0.5716,0.0796,0.5877125454426947
0.8,7,0.7743347030760785,0.012211626969482605,6.9156,1.4863635625243241,7,0.2668,0.3908,0.0796,0.4258945304777415
0.8,8,0.6569993777898828,0.022801207453907922,5.7836,1.4612224471311683,6,0.264,0.5744,0.0796,0.617744064868717
0.8,9,0.7184761150178902,0.012899771057201947,7.3848,1.4845635587606212,7,0.2588,0.5664,0.0796,0.6232430610246688
0.8,10,0.7462564476241518,0.01500528025198148,7.0428,1.561335377169172,7,0.2544,0.5008,0.0796,0.5829971350985729
0.8,11,0.7556386329861285,0.009645163242642198,7.3748,1.5202384549800074,7,0.2588,0.516,0.0796,0.5814291844276905
0.8,12,0.7266534804402031,0.019467157305762824,6.794,1.5943537875891913,7,0.2416,0.5508,0.0796,0.6660041794183673
0.8,13,0.6898267955053078,0.01751034761091195,6.4244,1.4811767754052858,6,0.2812,0.5988,0.0796,0.6375243169220679
0.8,14,0.7513352443924254,0.013441891392720845,7.578,1.5747749045498534,7,0.2464,0.4992,0.0796,0.5924257849266802
0.8,15,0.6712244386027172,0.017051125651417257,6.2948,1.534370541948717,6,0.2512,0.5432,0.0796,0.6241023958447801
0.8,16,0.7364939764543713,0.01726576967462433,7.142,1.552364647883995,7,0.2476,0.51,0.0796,0.5956795733126371
0.8,17,0.72665316657473,0.013980407922341044,7.0104,1.552253793681948,7,0.266,0.566,0.0796,0.6448745262017574
0.8,18,0.6976170879320213,0.014422337376070425,6.4524,1.4354561086985558,6,0.2748,0.6172,0.0796,0.6425007387023932
0.8,19,0.734136495595744,0.012332857051961875,7.4256,1.569351662311542,7,0.2448,0.51,0.0796,0.6044389326277894
0.85,0,0.7983977999872619,0.008404085543789401,7.8252,1.8465765513511754,8,0.2136,0.4556,0.0796,0.6615985391242041
0.85,1,0.8462569199060199,0.008436030062052681,7.8448,1.730639465631129,8,0.2364,0.3756,0.0796,0.4963615220825637
0.85,2,0.7539087878652765,0.012060774845727136,7.224,1.561609426201059,7,0.246,0.5024,0.0796,0.5915526432729061
0.85,3,0.7794167393046741,0.010089701695831621,7.2548,1.50528301657861,7,0.2848,0.514,0.0796,0.5533613055934877
0.85,4,0.7676528122195568,0.011321605726979104,7.0976,1.5474088793851482,7,0.2608,0.4764,0.0796,0.5449275893746561
0.85,5,0.8013436294437456,0.010186190686691295,7.5348,1.77200139954798,7,0.2152,0.4132,0.0796,0.5746234811551899
0.85,6,0.7426532267789718,0.010843122604188573,6.9476,1.5155376075835267,7,0.2476,0.4596,0.0796,0.5240775130770011
0.85,7,0.8250565643371655,0.007099244751611476,6.8668,1.8413738783853757,7,0.1884,0.2956,0.0796,0.44176209362906105
0.85,8,0.7187132334947246,0.01878928712591628,6.88,1.5184202316881845,7,0.2644,0.5364,0.0796,0.5991319395083099
0.85,9,0.773555443240201,0.012096942636970476,7.358,1.5253314393927637,7,0.244,0.4488,0.0796,0.5175339761527517
0.85,10,0.7934921342900336,0.009552216871692791,6.8964,1.6097412959851656,7,0.2444,0.4064,0.0796,0.4943126618636539
0.85,11,0.808438082311354,0.007884774770107635,7.5856,1.528748717088587,7,0.2356,0.4252,0.0796,0.4968783119930133
0.85,12,0.7758702219733149,0.01121817998716868,7.318,1.560280743968854,7,0.25,0.464,0.0796,0.5429777000713718
0.85,13,0.7415986164018504,0.01245014745661962,7.4612,1.5506432729677062,7,0.2456,0.5528,0.0796,0.646668362787921
0.85,14,0.8023180503825117,0.008791057650650698,7.2844,1.755766681538296,8,0.2304,0.3708,0.0796,0.5010390658831205
0.85,15,0.743579259641288,0.01183922836440452,6.954,1.7547318883521779,8,0.2256,0.4428,0.0796,0.6017051463165839
0.85,16,0.7806996403795138,0.012107870267482279,7.3644,1.6672170344619204,7,0.2308,0.4532,0.0796,0.5811942602883784
0.85,17,0.7654680795354439,0.016015102154275953,7.1692,1.5122735731341734,7,0.2808,0.5108,0.0796,0.5555599512476954
0.85,18,0.7390870677034904,0.013911696281432196,7.0472,1.5740940759687776,7,0.258,0.5568,0.0796,0.650330042640544
0.85,19,0.8002213548541849,0.009979437059211515,7.398,1.8707207167292503,7,0.2176,0.4032,0.0796,0.5901444430152988
0.9,0,0.833073082350388,0.007658293204209149,7.3004,1.673965304299943,7,0.2236,0.3492,0.0796,0.4538435997603264
0.9,1,0.8682921018782532,0.005948335994018075,7.4256,1.788089662181402,7,0.208,0.31,0.0796,0.4390117752749449
0.9,2,0.7961841303566616,0.010326713392593875,6.7864,1.6270141486784926,7,0.248,0.3656,0.0796,0.44731695353667106
0.9,3,0.8156625799135432,0.010617640504376226,7.4772,1.6022110223063626,8,0.2364,0.4268,0.0796,0.5221677512984719
0.9,4,0.8123601358976801,0.009447995261940213,7.7064,1.5574976853915385,8,0.25,0.4128,0.0796,0.4822012845653436
0.9,5,0.8333957916122848,0.0102407184039958,7.2412,1.6929921913582473,7,0.2432,0.3312,0.0796,0.4243521509083345
0.9,6,0.8099834300093851,0.008070507627602388,6.7916,1.7128249881409368,7,0.2256,0.3212,0.0796,0.4260434299926205
0.9,7,0.8551267050393115,0.007313860574658307,6.058,1.7401827490237916,6,0.2196,0.1972,0.0796,0.2678052166971251
0.9,8,0.7892252122769895,0.009049828308184635,6.9296,1.471000965329391,7,0.2928,0.3544,0.0796,0.36867944426241894
0.9,9,0.811832220856548,0.009014695188993834,7.04,1.5411683879446787,7,0.2708,0.3472,0.0796,0.3901903011272911
0.9,10,0.8353354184959965,0.00660863538420678,6.6556,1.7172619602145738,7,0.21,0.3368,0.0796,0.45691532563484905
0.9,11,0.8413340452191729,0.007694191467630382,7.2624,1.84671227861841,7,0.2148,0.338,0.0796,0.49011300808589586
0.9,12,0.8128971147798059,0.009505009870194644,7.2216,1.7147867039372564,7,0.2144,0.376,0.0796,0.5065233007616653
0.9,13,0.7838512133535561,0.011016782568517966,7.752,1.6015292691674416,8,0.2452,0.5048,0.0796,0.6102195519959912
0.9,14,0.8352675427143695,0.0058966206735193,7.7292,1.5442368212162279,8,0.2512,0.3036,0.0796,0.35106012898855415
0.9,15,0.8077559043351011,0.0076328319031688276,6.4364,1.6133056251064148,6,0.2648,0.2656,0.0796,0.3150287708916819
0.9,16,0.812503385534217,0.00966615180466557,7.6372,1.725101782504441,8,0.222,0.3924,0.0796,0.526651494237919
0.9,17,0.8059635432869554,0.011892382625980634,7.5628,1.6401390672744798,8,0.242,0.4344,0.0796,0.5400571206478433
0.9,18,0.7758880853461457,0.01284568929068258,7.2568,1.6323154597074672,7,0.248,0.4872,0.0796,0.5980385983885488
0.9,19,0.8380816845853606,0.00678642223014697,7.8648,1.687637686234815,7,0.2064,0.3504,0.0796,0.46929396877500984
0.95,0,0.859409333557378,0.005562240926535243,6.7824,1.6362916121523081,6,0.2176,0.2776,0.0796,0.35539311440002996
0.95,1,0.8858559705350783,0.005374241729257983,7.036,2.0910054997536474,6,0.1928,0.2428,0.0796,0.40981232213445745
0.95,2,0.8375630389248198,0.0065607844137683885,6.0652,1.789119604721831,6,0.2344,0.2132,0.0796,0.2920306948405072
0.95,3,0.8410626181980729,0.007004918030498431,7.1624,1.5689570548616045,7,0.2344,0.3464,0.0796,0.41609343694558176
0.95,4,0.8420272248009721,0.007253794443789447,7.216,1.5583786446175396,7,0.2516,0.3296,0.0796,0.38440937555372084
0.95,5,0.8626480308516601,0.006788373056568992,7.0508,1.7154064707817795,7,0.2228,0.2244,0.0796,0.2991732025333687
0.95,6,0.8434141593125769,0.007248942636105137,6.9748,1.5981755097610526,7,0.2352,0.2932,0.0796,0.35837385469877686
0.95,7,0.8801949199174797,0.004106813892351142,5.3564,1.2670355322562978,5,0.3088,0.1204,0.0796,0.10544330604719955
0.95,8,0.8292516053054242,0.006805461302947502,6.968,1.6696634391397567,7,0.2552,0.2976,0.0796,0.3700850432942214
0.95,9,0.8480956261786767,0.0066158083742126695,5.5836,1.2308578471943867,6,0.2964,0.1976,0.0796,0.17112784132813935
0.95,10,0.862463116114794,0.004313613543949365,6.5216,1.4059635272651991,6,0.2636,0.2324,0.0796,0.24061569927486023
0.95,11,0.8684775443933619,0.006874736228886093,6.1108,1.6543649416014592,5,0.2568,0.2124,0.0796,0.2611509040541827
0.95,12,0.8437985703297592,0.006722450251634046,6.5504,1.5050115747063209,6,0.278,0.246,0.0796,0.26730811689335743
0.95,13,0.8170987218715748,0.008654478607190456,7.3384,1.496357390465259,7,0.256,0.418,0.0796,0.46535517868886167
0.95,14,0.86476779688118,0.0042360186492748,6.7304,1.3419820565119343,7,0.292,0.1844,0.0796,0.17520273673445017
0.95,15,0.8440695172102219,0.005430798711282344,6.1184,1.5513804949141263,6,0.2512,0.1744,0.0796,0.2025958969864658
0.95,16,0.8440188134709473,0.005689210135065429,5.9468,1.374325201689906,6,0.2908,0.2312,0.0796,0.22534403629316832
0.95,17,0.8368151778732812,0.007834756619596627,7.0228,1.532279400109523,8,0.2296,0.3644,0.0796,0.4301625585437589
0.95,18,0.8113798772696311,0.00926505804019422,6.9092,1.645161195749523,7,0.2468,0.3792,0.0796,0.46988014971167
0.95,19,0.8630114597672797,0.006217067413710031,7.0408,1.7545185550457996,8,0.2172,0.2544,0.0796,0.3494024059454155
1.0,0,0.8784882066408045,0.005551041048636574,6.42,1.422251735804882,6,0.2888,0.2196,0.0796,0.22212659442867877
1.0,1,0.902391513933704,0.00435245653634081,3.9496,1.4002356373125204,3,0.3156,0.0792,0.0796,0.07589904555631505
1.0,2,0.8652618439307708,0.005117915986078776,5.1908,1.3725871047041058,5,0.3156,0.1348,0.0796,0.12663093416853788
1.0,3,0.8635572539310846,0.006370519152121278,6.8456,1.6845654157675207,7,0.2516,0.274,0.0796,0.34543968072268183
1.0,4,0.8638586399671749,0.006335449897864806,6.828,1.849328526790197,6,0.226,0.2476,0.0796,0.35440975869391794
1.0,5,0.8835054234835287,0.005354941184310983,5.3872,1.4575582869991854,6,0.2628,0.134,0.0796,0.14398460494406912
1.0,6,0.8647534558468074,0.006416949727376675,6.7332,1.6313239285929695,7,0.2448,0.2312,0.0796,0.28483281332990834
1.0,7,0.899428824083901,0.0031056810931425543,4.0764,0.8814550697568198,4,0.4116,0.0552,0.0796,0.028629379118727347
1.0,8,0.8573629130734114,0.00594686763017651,5.8836,1.7011910651070328,6,0.2208,0.196,0.0796,0.25981134460012245
1.0,9,0.870602949959355,0.006256750931946679,6.3444,1.37382263775205,6,0.2956,0.178,0.0796,0.17225427952151348
1.0,10,0.8837566544297155,0.004138041984434776,6.2408,1.3698231126682014,6,0.282,0.1876,0.0796,0.18451079082597918
1.0,11,0.8863845852417355,0.00656344656611093,5.9052,1.3808015643096585,5,0.2976,0.172,0.0796,0.1668185041985049
1.0,12,0.8672444433846708,0.005060621950042099,5.8624,1.2772886283060692,5,0.266,0.1696,0.0796,0.1590050640362905
1.0,13,0.8428933428369557,0.008632868268307335,7.4932,1.6836726997846108,7,0.246,0.3624,0.0796,0.46006289301655423
1.0,14,0.8870516735629322,0.0037909148810882907,4.6272,1.240411286630366,5,0.306,0.088,0.0796,0.07575439895793513
1.0,15,0.8744912255496747,0.004424070427198941,3.5948,1.1611257296262105,4,0.3488,0.0568,0.0796,0.04294790502365609
1.0,16,0.8685825059924962,0.0035755230478339345,4.8068,1.0851146298893957,5,0.3756,0.1176,0.0796,0.07967936028613117
1.0,17,0.8602857347083627,0.006977941004236644,6.4564,1.6449009210283763,7,0.2332,0.2728,0.0796,0.3440853764208257
1.0,18,0.8429497595688328,0.009274083939272414,6.804,1.8462892514446374,6,0.1836,0.322,0.0796,0.48535399695847803
1.0,19,0.8804850047352542,0.005453561484747425,6.6104,1.6879016085068466,6,0.2496,0.192,0.0796,0.2431874637351206
1.05,0,0.8933830939379149,0.004075603146019005,6.0648,1.2479587172659197,6,0.288,0.1824,0.0796,0.16207090194941087
1.05,1,0.9147053283737001,0.0043904975561497315,4.292,1.2310710783703758,4,0.3544,0.0672,0.0796,0.053409182401544936
1.05,2,0.8847576722609647,0.0036653284440087267,5.4376,1.1657213389142365,5,0.3192,0.102,0.0796,0.08094955572196993
1.05,3,0.8838927736237648,0.004728247031544707,4.3668,1.3088383246222581,5,0.282,0.12,0.0796,0.11276951098919967
1.05,4,0.8838507674852734,0.004641196164344358,5.0056,1.1623977976579274,4,0.3244,0.13,0.0796,0.10209107455801639
1.05,5,0.8988590573411868,0.003506839118843983,4.7764,1.1627566555388966,5,0.302,0.0772,0.0796,0.06265584084931092
1.05,6,0.8832518824281069,0.005006872039230349,5.8808,1.3264205064759818,6,0.2744,0.1624,0.0796,0.15630199780908383
1.05,7,0.9131900383215156,0.002205091155387208,3.9448,0.6753909682546844,4,0.5444,0.0292,0.094,0.008985077561703685
1.05,8,0.8775093985065254,0.004095541725921309,6.7724,1.5473196954734338,6,0.25,0.1744,0.0796,0.20238941732841495
1.05,9,0.8876064526164411,0.004258887608852472,7.0408,1.3356404306548975,7,0.3088,0.1636,0.0796,0.15103464822658827
1.05,10,0.8986181703512434,0.004459032471213736,5.2272,1.271683985902158,5,0.314,0.114,0.0796,0.09945077530586757
1.05,11,0.9007132998227495,0.0051337503536871285,6.1484,1.2257150729268202,6,0.3212,0.1588,0.0796,0.1321240450026482
1.05,12,0.8879944114332997,0.0037537532688655963,5.0536,1.1697551196724894,5,0.2788,0.1012,0.0796,0.08537509294517669
1.05,13,0.8609495625264956,0.006189336938543861,6.7988,1.5393240594494715,7,0.2684,0.258,0.0796,0.2905517274546237
1.05,14,0.9042021463327906,0.002844843316967688,2.5104,0.8349202596655563,2,0.3916,0.0248,0.0796,0.012597544560282493
1.05,15,0.8939968901332342,0.0025638670975451964,4.4604,0.8440567753415643,5,0.512,0.0424,0.0796,0.01746454796184708
1.05,16,0.8898103992387311,0.0028476779915007785,3.7464,0.9110911260680788,4,0.5052,0.0552,0.0796,0.024884595933460284
1.05,17,0.8783871704965328,0.004422323818640065,5.9388,1.5262550769776329,6,0.2736,0.1892,0.0796,0.2097606844624834
1.05,18,0.8672369284902441,0.0055816357544941,5.7856,1.5878389842802072,6,0.2332,0.1928,0.0796,0.23474459232811587
1.05,19,0.8970484087126599,0.005221716323049169,6.004,1.5249865573178014,6,0.2328,0.132,0.0796,0.15443599982416636
1.1,0,0.9075019838257408,0.003448773587083168,5.1144,0.908907388021464,5,0.4984,0.118,0.0796,0.05379713806403277
1.1,1,0.9241040462467125,0.003369644186747256,4.6808,0.9820953925154114,5,0.4192,0.0632,0.0796,0.03604934402149151
1.1,2,0.9010441242753463,0.003104299911470082,4.1028,1.0734207749060944,4,0.352,0.0448,0.1068,0.03116183515941055
1.1,3,0.898688182838513,0.005118025380655332,5.6168,1.5153738020699712,6,0.2784,0.134,0.0796,0.1465281616603684
1.1,4,0.8993860123790953,0.004745121899453083,5.3492,1.309068126569431,6,0.2772,0.1056,0.0796,0.09991813400918546
1.1,5,0.9121825005443966,0.002950262853611804,4.9516,1.0409886838962275,5,0.3936,0.0516,0.084,0.03257278638765263
1.1,6,0.8977605050612135,0.003123062870389707,5.1884,1.1465188354318476,5,0.306,0.0892,0.0796,0.07097501999932551
1.1,7,0.9248777119239481,0.0016500125420140738,4.462,0.6175402820869259,5,0.5284,0.0276,0.0796,0.008038003409320559
1.1,8,0.895338214736854,0.003042974768748518,4.7648,1.1203039587540518,5,0.3604,0.0836,0.0796,0.05990328076134245
1.1,9,0.9031774549253969,0.0029632392558816304,4.1164,0.9497636758688973,4,0.4276,0.048,0.0796,0.02609494749087786
1.1,10,0.9107340385009071,0.0039793555027616365,5.3528,1.156344308586331,6,0.3444,0.0912,0.0796,0.06913865953637824
1.1,11,0.9117959816393056,0.004889279724771979,5.834,1.2557244920761879,5,0.3044,0.1176,0.0796,0.10272147898001384
1.1,12,0.9040433427756892,0.0028349137099366248,3.2156,0.7366930432683615,3,0.5164,0.032,0.0796,0.011400472539451305
1.1,13,0.8788953131350088,0.00506736378566883,5.8088,1.4057889457525266,6,0.2776,0.1564,0.0796,0.1588307595575201
1.1,14,0.9165049090707089,0.0019906058970350195,2.9728,0.6337666447518361,3,0.6336,0.0232,0.1252,0.005387320920592185
1.1,15,0.9084072705098395,0.0021822806172550153,4.1952,0.7840261220138013,4,0.4276,0.0324,0.0796,0.014540360741375226
1.1,16,0.9077270815003677,0.0016901926496229911,2.4444,0.5787129167385155,3,0.4884,0.0156,0.0796,0.004618684936042951
1.1,17,0.895564295109496,0.0034643760260468144,5.0016,1.0503320617785596,5,0.4032,0.1028,0.0796,0.06443896496229705
1.1,18,0.8848749146620525,0.005069072019357331,5.4448,1.2852054154881236,6,0.3404,0.1436,0.0796,0.12173280710695825
1.1,19,0.9093131392446023,0.004478587775036207,5.2436,1.435081544721414,5,0.2616,0.0904,0.0796,0.0957936458807194
1.15,0,0.9177081036843081,0.0031006851871167467,5.5644,0.9807408628174927,5,0.3824,0.1212,0.0796,0.07341151409908686
1.15,1,0.9331814414135512,0.0022389220412770026,4.046,0.7007738579598985,4,0.5188,0.026,0.0796,0.008767522228920263
1.15,2,0.9138827024455052,0.0019450007610506835,3.1084,0.6921339754700675,3,0.5188,0.016,0.0968,0.0053288782369940125
1.15,3,0.9117154529078054,0.0031451753851913914,3.9684,0.9621857616905376,4,0.3544,0.0608,0.0796,0.03776817798822972
1.15,4,0.9109221393842251,0.003670650351784576,5.0548,1.064986835599389,5,0.4036,0.0748,0.0796,0.04750983016176853
1.15,5,0.922763564958013,0.0020071589098533864,4.154,0.6944667018655395,4,0.5336,0.0172,0.1932,0.005571067763600777
1.15,6,0.9117275487016812,0.002582448567130419,4.6868,0.9350431861684251,5,0.4116,0.056,0.0796,0.030810047551703485
1.15,7,0.9337226208940829,0.0015581492957243489,2.6036,0.535226157806212,3,0.6272,0.0128,0.1328,0.0025540137883983062
1.15,8,0.9095511110237625,0.0025831114787619267,3.7576,0.8595593289587403,4,0.3976,0.046,0.0796,0.02381873334697682
1.15,9,0.9156515169690581,0.002822181371045794,2.6836,0.8887581448290643,3,0.3668,0.014,0.0796,0.007878663765042346
1.15,10,0.9198678533597434,0.002695377763889924,5.7472,1.0568311880333585,6,0.3116,0.0744,0.0796,0.054127681411779587
1.15,11,0.9225067770504857,0.0033373063840735867,3.8992,0.8927706088352148,4,0.4244,0.062,0.0796,0.03186048378550284
1.15,12,0.9159990494477557,0.0024232551402198197,3.8292,0.816839861906849,4,0.4776,0.0276,0.0796,0.01177739359725695
1.15,13,0.8944841349996819,0.0036076567478127903,5.6392,1.3167472650436758,6,0.2884,0.0976,0.0796,0.09145094266837313
1.15,14,0.926373686381509,0.0015379999040817576,3.756,0.4432425972309069,4,0.762,0.0144,0.314,0.0015190811347215022
1.15,15,0.919917699516223,0.001600871350145886,3.588,0.573982578132821,4,0.6316,0.0136,0.2236,0.0028757906837193667
1.15,16,0.9200292494279165,0.001642978517130374,1.6156,0.48645312209913916,2,0.6156,0.0072,0.0796,0.0013463467639639255
1.15,17,0.9092688534782992,0.003178928801685175,4.0088,1.1001466084118061,4,0.342,0.0596,0.0796,0.04314423023666058
1.15,18,0.8978698435771063,0.0034607685656977316,5.378,1.0306871494299326,6,0.3808,0.104,0.0796,0.06637295486261095
1.15,19,0.9182439579393428,0.0035210667821487405,5.6232,0.9383079238714762,5,0.3548,0.0672,0.0796,0.04068263011617837
1.2,0,0.925559880037843,0.0030957942425842186,6.1032,1.0909398516875255,6,0.3904,0.1016,0.0796,0.06756775311765041
1.2,1,0.9404923484030081,0.0020248871441253683,4.212,0.6727971462484068,4,0.5072,0.026,0.124,0.008620415607006021
1.2,2,0.9246749931524484,0.0013531893411957657,3.5792,0.6070645435207034,4,0.6416,0.0092,0.4204,0.0020016619956318774
1.2,3,0.9213592607115126,0.002693998016221229,4.478,0.8389970202569257,5,0.452,0.0568,0.0796,0.026114957311095543
1.2,4,0.921145274158927,0.0028463017549896557,5.3508,1.003862221622071,6,0.3632,0.0464,0.0796,0.02966163970988204
1.2,5,0.9321008971028796,0.000945541663820509,3.5672,0.5380373221255195,4,0.5892,0.0044,0.7016,0.0009725134415140511
1.2,6,0.9215833104785365,0.0021729427897239674,3.1576,0.7166325697315187,3,0.542,0.0244,0.0908,0.008008512621481384
1.2,7,0.9404755058463983,0.0014790420878235113,2.7172,0.5032138312884494,3,0.7424,0.0096,0.3032,0.001244427805850967
1.2,8,0.9202467927616846,0.002246130749346943,3.1788,0.7443322913860448,3,0.4632,0.03,0.086,0.011986727620038438
1.2,9,0.9256025248508356,0.0020689642026423282,3.0492,0.8229090836781425,3,0.444,0.014,0.0964,0.006405524764888112
1.2,10,0.9299547693799639,0.001565650508544147,4.464,0.5432347558836786,4,0.4896,0.0208,0.0796,0.005767154280850033
1.2,11,0.9305398338876155,0.002387493914551446,4.5816,0.7721019621785713,5,0.4796,0.0436,0.0908,0.017518561546534823
1.2,12,0.9264895891363891,0.001484316456100583,3.5664,0.5491730510503953,4,0.5944,0.0108,0.256,0.0024056417894098244
1.2,13,0.9100490583080154,0.002219289402531317,3.6,0.8854377448471462,4,0.4108,0.0328,0.1036,0.017111757873557103
1.2,14,0.9347608111866702,0.0013999909987314635,2.8136,0.39956856733231655,3,0.8176,0.008,0.4456,0.000583050526332623
1.2,15,0.9288167914486839,0.001471182108821611,2.7352,0.4475276080869202,3,0.738,0.0092,0.4292,0.0010787206637849459
1.2,16,0.9290654692643908,0.0015880168840810298,1.6876,0.46347194089825977,2,0.6876,0.0064,0.174,0.000926647404542979
1.2,17,0.9210290716273077,0.0018525786554942734,3.97,0.9048204241726642,4,0.4156,0.036,0.0796,0.019035974540691232
1.2,18,0.9081232653230014,0.00274969221491888,5.7236,0.9338110301340417,6,0.4332,0.0644,0.0796,0.03408589604635447
1.2,19,0.927871252858104,0.001576135307241317,4.1532,0.6300236186048901,4,0.5796,0.0136,0.42,0.0036021225028182715
1.25,0,0.9328374317571506,0.002640897030717081,4.6556,1.0004941978842254,5,0.372,0.062,0.0796,0.03895524271713056
1.25,1,0.9459672740523966,0.0013711800068097924,4.5004,0.5272569013298924,5,0.5144,0.0168,0.0796,0.00430140423763732
1.25,2,0.9331569283873395,1.6885170993237746e-07,3.0,0.0,3,1.0,0.0,1.0,0.0
1.25,3,0.9299865916581083,0.0019169572983386187,4.0344,0.6873257160909957,4,0.53,0.028,0.0796,0.00904520674680059
1.25,4,0.9294189674965031,0.002088340461203075,4.6232,0.728575157413427,5,0.4744,0.0352,0.0796,0.013479456799263807
1.25,5,0.9399681321899208,2.6334994703386626e-09,3.0,0.0,3,1.0,0.0,1.0,0.0
1.25,6,0.9298980752046304,0.001928905633464559,3.4328,0.5836815570154671,4,0.48,0.0168,0.1452,0.00509904238560153
1.25,7,0.9461892342267761,0.00134616821340393,2.772,0.47583190309183765,3,0.7972,0.008,0.4312,0.0007719897760749073
1.25,8,0.9285245625323216,0.002009538921555895,3.3268,0.701428371253972,4,0.45,0.0256,0.122,0.00987611185304153
1.25,9,0.9335996088217152,0.0011435916751648513,2.5808,0.5573790092925998,3,0.6144,0.0036,0.528,0.0007737314604649613
1.25,10,0.9379499262370953,0.0015096658959504944,4.5788,0.5773998268098113,5,0.6236,0.02,0.168,0.004346666113557554
1.25,11,0.9386537350787741,0.001623987472739582,4.5084,0.5450958080924857,5,0.532,0.0268,0.0796,0.00683680991852403
1.25,12,0.9344381511364523,0.0011575054372461224,3.7528,0.5008913654676032,4,0.7852,0.0072,0.562,0.0007746586577690416
1.25,13,0.9212194024996261,0.0018135217926117863,2.4376,0.6296874145161232,3,0.5128,0.0112,0.2256,0.0034359778403289663
1.25,14,0.9412350666136378,0.001148580763406684,1.896,0.30526054445342266,2,0.896,0.0024,0.6764,7.61930636426709e-05
1.25,15,0.9359238810800132,0.0011583469925687255,2.8608,0.3518854359020845,3,0.8628,0.0048,0.6384,0.00023173772094635853
1.25,16,0.936301159572554,0.001520569910993672,1.744,0.43642181430354743,2,0.744,0.0056,0.3148,0.0006256544247095501
1.25,17,0.9296694369304027,0.0019168736601917536,2.3188,0.600305388947992,2,0.538,0.0144,0.108,0.003993711968934291
1.25,18,0.9197194852822201,0.001850074790713478,5.0652,0.6969569283678869,5,0.5352,0.038,0.0796,0.012309932375550545
1.25,19,0.9368498817045707,6.01258486907234e-08,4.0,0.0,4,1.0,0.0,1.0,0.0
1.3,0,0.9392266284249595,0.0020678772806797447,4.0636,0.760233543064235,4,0.5224,0.0352,0.0796,0.01278068177698279
1.3,1,0.9514336544600935,0.0010903080856886724,3.6796,0.5131703810626642,4,0.7024,0.0076,0.486,0.0011606683937917968
1.3,2,0.9400708426434486,2.1352692456256737e-09,2.0,0.0,2,1.0,0.0,1.0,0.0
1.3,3,0.936960557757118,0.0018102417091966202,4.424,0.6646984278603343,5,0.512,0.024,0.1884,0.007784948311473068
1.3,4,0.9368005349723999,0.0013641067443759404,3.48,0.5727128425310541,4,0.5192,0.0108,0.2432,0.0029738918900007877
1.3,5,0.9460135534843175,1.6732730811438935e-11,2.0,0.0,2,1.0,0.0,1.0,0.0
1.3,6,0.9364943545329399,0.0012661780219649383,3.5224,0.5042799222654022,4,0.5248,0.0088,0.2448,0.002108777847366387
1.3,7,0.9509044484167094,0.0010934836572650637,2.6972,0.4946838990709117,3,0.714,0.0072,0.6036,0.0010186532264464167
1.3,8,0.9351907457312642,0.001942519074280168,2.5816,0.5790867292556444,3,0.6276,0.0116,0.2608,0.0025015622321596003
1.3,9,0.9409619221710105,5.331771405324432e-08,1.0,0.0,1,1.0,0.0,1.0,0.0
1.3,10,0.9440808105186017,0.0013700972475393612,4.6508,0.5810846409947522,5,0.706,0.018,0.3628,0.0030751000909831133
1.3,11,0.944824691777577,0.0015411425314414862,4.574,0.6004365078840559,5,0.632,0.0276,0.0796,0.006098513744237413
1.3,12,0.9413859710010691,1.9035088103394942e-08,3.0,0.0,3,1.0,0.0,1.0,0.0
1.3,13,0.93016857297754,0.0011545701676589652,2.7836,0.4137282199705502,3,0.7844,0.004,0.5624,0.0003567993061024068
1.3,14,0.9472140253899275,1.3660957800583925e-08,2.0,0.0,2,1.0,0.0,1.0,0.0
1.3,15,0.9424401851052231,6.186262921343113e-09,3.0,0.0,3,1.0,0.0,1.0,0.0
1.3,16,0.9422066030274262,0.0013842103435045888,1.8188,0.3851838002824106,2,0.8188,0.0044,0.5136,0.000307099410084465
1.3,17,0.937093034226201,0.0015330537894989095,2.566,0.5389285666950676,3,0.5884,0.0128,0.0796,0.002839334596884628
1.3,18,0.9289074471879718,0.0009536915913893192,4.2316,0.6009670872851525,4,0.5852,0.0064,0.56,0.0015953995952387877
1.3,19,0.9435521232503601,7.028102619562376e-11,3.0,0.0,3,1.0,0.0,1.0,0.0
1.35,0,0.9454645704735107,0.0015368019070973132,4.5324,0.6087283794928572,5,0.5932,0.028,0.0796,0.0069336599814061465
1.35,1,0.9560850142813316,1.0183690481215073e-08,4.0,0.0,4,1.0,0.0,1.0,0.0
1.35,2,0.9457039315509159,3.9110095667225805e-13,1.0,0.0,1,1.0,0.0,1.0,0.0
1.35,3,0.943256422229468,0.0012355168872976241,4.7492,0.4832177149070592,5,0.772,0.0128,0.4976,0.0014102226893584005
1.35,4,0.943002197881128,7.749535119648224e-05,4.0,0.0,4,1.0,0.0,1.0,0.0
1.35,5,0.9510054163767688,1.8861468248565132e-13,1.0,0.0,1,1.0,0.0,1.0,0.0
1.35,6,0.9432706331873957,1.2621192794455362e-08,2.0,0.0,2,1.0,0.0,1.0,0.0
1.35,7,0.9556127292724669,2.813364498706157e-08,2.0,0.0,2,1.0,0.0,1.0,0.0
1.35,8,0.9411717938857502,0.001235495268770973,2.8468,0.36018017713361183,3,0.8468,0.0064,0.6668,0.0003531495152555669
1.35,9,0.9466522956538516,9.59962567540976e-11,1.0,0.0,1,1.0,0.0,1.0,0.0
1.35,10,0.94895361922591,0.0012254241179849034,4.7676,0.5153544799456001,5,0.8112,0.0128,0.6092,0.0012454263477146607
1.35,11,0.9497069000940417,0.0014841800924083948,4.6576,0.5881855489554295,5,0.718,0.0236,0.2012,0.0039144926312765
1.35,12,0.947046802900546,2.052117179350431e-11,3.0,0.0,3,1.0,0.0,1.0,0.0
1.35,13,0.9376512614366156,4.335742163966405e-09,3.0,0.0,3,1.0,0.0,1.0,0.0
1.35,14,0.9521195934326911,5.646298464989503e-11,2.0,0.0,2,1.0,0.0,1.0,0.0
1.35,15,0.9478131944864854,6.453364079261647e-12,2.0,0.0,2,1.0,0.0,1.0,0.0
1.35,16,0.9471954919832395,0.0010932985796762405,1.9004,0.2994659246057888,2,0.9004,0.0024,0.7372,7.158436444457386e-05
1.35,17,0.9430245199599638,0.0014688334716529547,2.6328,0.561038465704447,3,0.674,0.0112,0.2124,0.0020484638288786163
1.35,18,0.9371275846163007,4.0421829402892256e-10,2.0,0.0,2,1.0,0.0,1.0,0.0
1.35,19,0.948916539690112,7.404826434994484e-13,3.0,0.0,3,1.0,0.0,1.0,0.0
1.4,0,0.9502594170027507,0.0015079183153292848,3.6564,0.4971308077357508,4,0.6672,0.0192,0.1272,0.003176546715482723
1.4,1,0.9600646191824901,5.079459547437665e-12,4.0,0.0,4,1.0,0.0,1.0,0.0
1.4,2,0.9504589589376601,3.0979034316133873e-15,1.0,0.0,1,1.0,0.0,1.0,0.0
1.4,3,0.948638801444775,5.966986467350517e-08,4.0,0.0,4,1.0,0.0,1.0,0.0
1.4,4,0.9487557550501169,7.467000302349099e-09,3.0,0.0,3,1.0,0.0,1.0,0.0
1.4,5,0.955238609116792,1.1102518900485511e-15,1.0,0.0,1,1.0,0.0,1.0,0.0
1.4,6,0.9485711671481951,5.7748519537587815e-12,2.0,0.0,2,1.0,0.0,1.0,0.0
1.4,7,0.9594650884623117,3.628646741889953e-12,2.0,0.0,2,1.0,0.0,1.0,0.0
1.4,8,0.9468725083668107,1.958955796572928e-09,3.0,0.0,3,1.0,0.0,1.0,0.0
1.4,9,0.9513873816883037,1.1105846657284315e-13,1.0,0.0,1,1.0,0.0,1.0,0.0
1.4,10,0.9536887858446808,6.616141936110763e-09,4.0,0.0,4,1.0,0.0,1.0,0.0
1.4,11,0.9539036385174506,0.001369479453629238,3.7568,0.47838662188652387,4,0.7792,0.0144,0.3556,0.0015210399376484065
1.4,12,0.9517458850211297,6.19178356769147e-13,3.0,0.0,3,1.0,0.0,1.0,0.0
1.4,13,0.9436358351026294,4.103689435080975e-12,3.0,0.0,3,1.0,0.0,1.0,0.0
1.4,14,0.9562397955216498,3.9863385371810614e-14,2.0,0.0,2,1.0,0.0,1.0,0.0
1.4,15,0.9523267038032506,5.601046057891163e-14,2.0,0.0,2,1.0,0.0,1.0,0.0
1.4,16,0.952170218762733,6.986313252054685e-10,2.0,0.0,2,1.0,0.0,1.0,0.0
1.4,17,0.9479979332803312,0.0013667409955605263,2.6904,0.5522208253950588,3,0.736,0.0096,0.4136,0.0013995486056675348
1.4,18,0.9432639382545475,9.992305634781937e-13,2.0,0.0,2,1.0,0.0,1.0,0.0
1.4,19,0.9534113133566967,1.4325439615897311e-15,3.0,0.0,3,1.0,0.0,1.0,0.0
1.45,0,0.9543596561938026,0.0013668329399155606,3.7156,0.48530056665946725,4,0.7316,0.0156,0.286,0.0020319730148805272
1.45,1,0.9633762775766405,2.4216415085613072e-15,3.0,0.0,3,1.0,0.0,1.0,0.0
1.45,2,0.9545434707908226,1.5957887108469526e-16,1.0,0.0,1,1.0,0.0,1.0,0.0
1.45,3,0.9533004676094239,1.5395739286234774e-11,3.0,0.0,3,1.0,0.0,1.0,0.0
1.45,4,0.9532302903168269,3.60384896731109e-11,1.0,0.0,1,1.0,0.0,1.0,0.0
1.45,5,0.9588859806659621,1.5372480116112344e-16,1.0,0.0,1,1.0,0.0,1.0,0.0
1.45,6,0.952966257821088,2.892721012088121e-14,2.0,0.0,2,1.0,0.0,1.0,0.0
1.45,7,0.9627406724283741,8.351587007831805e-15,2.0,0.0,2,1.0,0.0,1.0,0.0
1.45,8,0.9515620634732924,4.296899462226907e-13,3.0,0.0,3,1.0,0.0,1.0,0.0
1.45,9,0.9554305605594993,4.096099419384113e-14,1.0,0.0,1,1.0,0.0,1.0,0.0
1.45,10,0.9576913579691609,1.9260286171488064e-12,3.0,0.0,3,1.0,0.0,1.0,0.0
1.45,11,0.9575014081664572,0.00115782427670922,2.8464,0.39447058191961537,3,0.8592,0.0064,0.5664,0.00035546538632086187
1.45,12,0.9557590968209408,1.2219314540337646e-15,2.0,0.0,2,1.0,0.0,1.0,0.0
1.45,13,0.9485978197808559,3.398680562501558e-14,3.0,0.0,3,1.0,0.0,1.0,0.0
1.45,14,0.9597860215832843,2.7682649179867824e-16,2.0,0.0,2,1.0,0.0,1.0,0.0
1.45,15,0.9562097613968541,9.338447457683733e-16,2.0,0.0,2,1.0,0.0,1.0,0.0
1.45,16,0.956219847237512,1.0072332784902677e-13,2.0,0.0,2,1.0,0.0,1.0,0.0
1.45,17,0.9521174842953829,0.001051775436259161,1.8736,0.3322996238336722,2,0.8736,0.0024,0.654,0.0001008064558888552
1.45,18,0.9483166697116397,7.44369558126824e-15,1.0,0.0,1,1.0,0.0,1.0,0.0
1.45,19,0.9572586369538792,2.603230342077753e-16,2.0,0.0,2,1.0,0.0,1.0,0.0
1.5,0,0.9577853692349035,0.0012089732210742088,3.7984,0.4374442135861441,4,0.8136,0.012,0.5124,0.0009784752984890886
1.5,1,0.9662318515737733,2.4972862258535487e-16,2.0,0.0,2,1.0,0.0,1.0,0.0
1.5,2,0.9580950384164673,2.1211943305964086e-16,1.0,0.0,1,1.0,0.0,1.0,0.0
1.5,3,0.9571532112524266,6.880343379748454e-14,3.0,0.0,3,1.0,0.0,1.0,0.0
1.5,4,0.9570333664551501,1.9721385228534001e-13,1.0,0.0,1,1.0,0.0,1.0,0.0
1.5,5,0.9620649243727639,1.5272730892428438e-16,1.0,0.0,1,1.0,0.0,1.0,0.0
1.5,6,0.956733521612269,3.635298105343632e-16,2.0,0.0,2,1.0,0.0,1.0,0.0
1.5,7,0.9655901993251,2.1240977707719634e-16,2.0,0.0,2,1.0,0.0,1.0,0.0
1.5,8,0.9555032228362729,1.7409118345209737e-15,3.0,0.0,3,1.0,0.0,1.0,0.0
1.5,9,0.9589346154996398,2.5729403625038763e-16,1.0,0.0,1,1.0,0.0,1.0,0.0
1.5,10,0.9610720632928939,7.741200392270105e-15,3.0,0.0,3,1.0,0.0,1.0,0.0
1.5,11,0.9609415319401887,6.0525935760910715e-09,3.0,0.0,3,1.0,0.0,1.0,0.0
1.5,12,0.9592379256508415,1.497278893534856e-16,1.0,0.0,1,1.0,0.0,1.0,0.0
1.5,13,0.9528291067785915,1.1972075971189561e-15,1.0,0.0,1,1.0,0.0,1.0,0.0
1.5,14,0.9628781528782776,1.8584218172069393e-16,2.0,0.0,2,1.0,0.0,1.0,0.0
1.5,15,0.959593529248604,1.112884370092863e-16,2.0,0.0,2,1.0,0.0,1.0,0.0
1.5,16,0.9596797507754196,1.884737574791132e-15,2.0,0.0,2,1.0,0.0,1.0,0.0
1.5,17,0.956301698916158,1.4279203165354447e-09,2.0,0.0,2,1.0,0.0,1.0,0.0
1.5,18,0.9526058157151379,3.6853384644530287e-16,1.0,0.0,1,1.0,0.0,1.0,0.0
1.5,19,0.9605979120909897,1.6715402234704587e-16,1.0,0.0,1,1.0,0.0,1.0,0.0
1.55,0,0.9608070120766034,0.00084089996458194,2.9224,0.2877120783005121,3,0.928,0.0032,0.7956,6.628888355570759e-05
1.55,1,0.9687307902307082,2.6094728828356545e-16,1.0,0.0,1,1.0,0.0,1.0,0.0
1.55,2,0.9612125623258462,1.8992278665613235e-16,1.0,0.0,1,1.0,0.0,1.0,0.0
1.55,3,0.9604693529743741,2.046788812943176e-16,2.0,0.0,2,1.0,0.0,1.0,0.0
1.55,4,0.9603294170944129,2.0677360636854476e-15,1.0,0.0,1,1.0,0.0,1.0,0.0
1.55,5,0.9648607388683086,1.7318055762807596e-16,1.0,0.0,1,1.0,0.0,1.0,0.0
1.55,6,0.9600135093314398,2.973076931900928e-16,2.0,0.0,2,1.0,0.0,1.0,0.0
1.55,7,0.9680977065949399,2.7517410150648604e-16,2.0,0.0,2,1.0,0.0,1.0,0.0
1.55,8,0.9589120676044722,1.137640067256873e-16,3.0,0.0,3,1.0,0.0,1.0,0.0
1.55,9,0.9620040698786961,1.0502029104473702e-16,1.0,0.0,1,1.0,0.0,1.0,0.0
1.55,10,0.9640085038331283,6.960310362468429e-16,2.0,0.0,2,1.0,0.0,1.0,0.0
1.55,11,0.9641282645644045,9.187252243969535e-14,3.0,0.0,3,1.0,0.0,1.0,0.0
1.55,12,0.9622856607077256,1.4120360965450237e-16,1.0,0.0,1,1.0,0.0,1.0,0.0
1.55,13,0.9564942866077873,1.8485796801339862e-16,1.0,0.0,1,1.0,0.0,1.0,0.0
1.55,14,0.9655997206895961,1.5516136359034021e-16,2.0,0.0,2,1.0,0.0,1.0,0.0
1.55,15,0.9625698611590102,1.0593180059249863e-16,2.0,0.0,2,1.0,0.0,1.0,0.0
1.55,16,0.9626979675261104,1.5977957017470975e-16,2.0,0.0,2,1.0,0.0,1.0,0.0
1.55,17,0.9597886722656936,4.910818921728078e-13,2.0,0.0,2,1.0,0.0,1.0,0.0
1.55,18,0.9563106306001251,1.2716779685529959e-16,1.0,0.0,1,1.0,0.0,1.0,0.0
1.55,19,0.9635263305734907,1.0160815467805718e-16,1.0,0.0,1,1.0,0.0,1.0,0.0
1.6,0,0.9640553704476235,8.050314031565724e-12,3.0,0.0,3,1.0,0.0,1.0,0.0
1.6,1,0.9709390984557275,2.2866282355070355e-16,1.0,0.0,1,1.0,0.0,1.0,0.0
1.6,2,0.9639703818079295,1.4546887564889487e-16,1.0,0.0,1,1.0,0.0,1.0,0.0
1.6,3,0.9633688281098955,2.3789880110868563e-16,2.0,0.0,2,1.0,0.0,1.0,0.0
1.6,4,0.9632207921922905,1.608252994088117e-16,1.0,0.0,1,1.0,0.0,1.0,0.0
1.6,5,0.9673379731439742,1.202530933857116e-16,1.0,0.0,1,1.0,0.0,1.0,0.0
1.6,6,0.9628996024340597,1.3030821533918067e-16,2.0,0.0,2,1.0,0.0,1.0,0.0
1.6,7,0.9703222685197321,1.8515111858293105e-16,2.0,0.0,2,1.0,0.0,1.0,0.0
1.6,8,0.9619013528559462,1.3682344593316648e-16,3.0,0.0,3,1.0,0.0,1.0,0.0
1.6,9,0.9647155553592067,1.9356126321488097e-16,1.0,0.0,1,1.0,0.0,1.0,0.0
1.6,10,0.9665917787446833,6.016261590212716e-16,2.0,0.0,2,1.0,0.0,1.0,0.0
1.6,11,0.9667851854003761,4.4936978777411544e-15,2.0,0.0,2,1.0,0.0,1.0,0.0
1.6,12,0.9649781137673095,1.4008181544145075e-16,1.0,0.0,1,1.0,0.0,1.0,0.0
1.6,13,0.9597047872075647,1.140237422389469e-16,1.0,0.0,1,1.0,0.0,1.0,0.0
1.6,14,0.9680131252835569,1.8054015212024356e-16,2.0,0.0,2,1.0,0.0,1.0,0.0
1.6,15,0.9652075227003457,2.1515423303876802e-16,2.0,0.0,2,1.0,0.0,1.0,0.0
1.6,16,0.9653599192191514,1.738624853495936e-16,2.0,0.0,2,1.0,0.0,1.0,0.0
1.6,17,0.9627798850971183,4.397885311397124e-15,2.0,0.0,2,1.0,0.0,1.0,0.0
1.6,18,0.9595497821812518,1.296634028649673e-16,1.0,0.0,1,1.0,0.0,1.0,0.0
1.6,19,0.9661156514045535,9.937581424690588e-17,1.0,0.0,1,1.0,0.0,1.0,0.0
1.65,0,0.966665634560904,7.091724052991295e-15,3.0,0.0,3,1.0,0.0,1.0,0.0
1.65,1,0.9729052159247625,1.4717052092377198e-16,1.0,0.0,1,1.0,0.0,1.0,0.0
1.65,2,0.9664260577484585,1.3887998103633848e-16,1.0,0.0,1,1.0,0.0,1.0,0.0
1.65,3,0.9659301590328964,1.736496706074422e-16,2.0,0.0,2,1.0,0.0,1.0,0.0
1.65,4,0.9657799460585156,1.1214901273581282e-16,1.0,0.0,1,1.0,0.0,1.0,0.0
1.65,5,0.9695468608471032,1.6888532234743553e-16,1.0,0.0,1,1.0,0.0,1.0,0.0
1.65,6,0.9654598016060149,1.0811999139494911e-16,2.0,0.0,2,1.0,0.0,1.0,0.0
1.65,7,0.9723086643681749,1.7586437349651376e-16,2.0,0.0,2,1.0,0.0,1.0,0.0
1.65,8,0.9645474620722685,9.444076773118198e-17,3.0,0.0,3,1.0,0.0,1.0,0.0
1.65,9,0.9671275524293105,1.1115544938519252e-16,1.0,0.0,1,1.0,0.0,1.0,0.0
1.65,10,0.9688842939200575,5.656648957639278e-16,2.0,0.0,2,1.0,0.0,1.0,0.0
1.65,11,0.9691092520482883,1.333007572750556e-16,2.0,0.0,2,1.0,0.0,1.0,0.0
1.65,12,0.9673732168335261,1.5546294086922693e-16,1.0,0.0,1,1.0,0.0,1.0,0.0
1.65,13,0.9625416968504251,1.0398232918234469e-16,1.0,0.0,1,1.0,0.0,1.0,0.0
1.65,14,0.9701667365497065,1.3972940780029106e-16,2.0,0.0,2,1.0,0.0,1.0,0.0
1.65,15,0.9675598561036961,1.8045820636273345e-16,2.0,0.0,2,1.0,0.0,1.0,0.0
1.65,16,0.9677262725264504,1.2348954358185022e-16,2.0,0.0,2,1.0,0.0,1.0,0.0
1.65,17,0.9654053643419204,1.1728496082103363e-16,2.0,0.0,2,1.0,0.0,1.0,0.0
1.65,18,0.9624082669422918,1.1359051976736955e-16,1.0,0.0,1,1.0,0.0,1.0,0.0
1.65,19,0.9684208331017459,2.345278802542142e-16,1.0,0.0,1,1.0,0.0,1.0,0.0
1.7,0,0.9689426288210574,1.0254999728292348e-16,3.0,0.0,3,1.0,0.0,1.0,0.0
1.7,1,0.9746664582737012,1.444655714132381e-16,1.0,0.0,1,1.0,0.0,1.0,0.0
1.7,2,0.9686251444742012,1.3344862283052735e-16,1.0,0.0,1,1.0,0.0,1.0,0.0
1.7,3,0.9682104863923163,1.0653514102805378e-16,2.0,0.0,2,1.0,0.0,1.0,0.0
1.7,4,0.9680613015820989,1.439184808935572e-16,1.0,0.0,1,1.0,0.0,1.0,0.0
1.7,5,0.9715273209663159,1.6224457566000054e-16,1.0,0.0,1,1.0,0.0,1.0,0.0
1.7,6,0.9677460285710571,1.0750261513790176e-16,2.0,0.0,2,1.0,0.0,1.0,0.0
1.7,7,0.9740921291579056,2.466694705386708e-16,2.0,0.0,2,1.0,0.0,1.0,0.0
1.7,8,0.9669069075086987,1.4393560894846982e-16,3.0,0.0,3,1.0,0.0,1.0,0.0
1.7,9,0.9692859164752157,1.5516136359034021e-16,1.0,0.0,1,1.0,0.0,1.0,0.0
1.7,10,0.9709327096054953,5.05852504324201e-16,2.0,0.0,2,1.0,0.0,1.0,0.0
1.7,11,0.9711711701978895,1.3889773041094433e-16,2.0,0.0,2,1.0,0.0,1.0,0.0
1.7,12,0.9695164414025287,1.4562131440305132e-16,1.0,0.0,1,1.0,0.0,1.0,0.0
1.7,13,0.9650665470126841,1.4169160186078337e-16,1.0,0.0,1,1.0,0.0,1.0,0.0
1.7,14,0.9720989664042816,1.3642648929939613e-16,2.0,0.0,2,1.0,0.0,1.0,0.0
1.7,15,0.9696692211119462,1.1119979626482846e-16,2.0,0.0,2,1.0,0.0,1.0,0.0
1.7,16,0.9698432371111999,1.5287251001135708e-16,2.0,0.0,2,1.0,0.0,1.0,0.0
1.7,17,0.9677354295465719,1.4737139070004728e-16,2.0,0.0,2,1.0,0.0,1.0,0.0
1.7,18,0.9649498919584115,2.1391321343824537e-16,1.0,0.0,1,1.0,0.0,1.0,0.0
1.7,19,0.970485070532132,2.1474135673136131e-16,1.0,0.0,1,1.0,0.0,1.0,0.0
1.75,0,0.9709644132558868,1.0112175573993643e-16,3.0,0.0,3,1.0,0.0,1.0,0.0
1.75,1,0.9762524285415711,1.342589724536134e-16,1.0,0.0,1,1.0,0.0,1.0,0.0
1.75,2,0.9706043161965583,3.024456188160674e-16,1.0,0.0,1,1.0,0.0,1.0,0.0
1.75,3,0.9702535591046766,1.215782925179438e-16,1.0,0.0,1,1.0,0.0,1.0,0.0
1.75,4,0.9701072089507877,1.5212891509151518e-16,1.0,0.0,1,1.0,0.0,1.0,0.0
1.75,5,0.9733116024340448,2.0334970512777715e-16,1.0,0.0,1,1.0,0.0,1.0,0.0
1.75,6,0.9697991291777591,1.642980039456703e-16,2.0,0.0,2,1.0,0.0,1.0,0.0
1.75,7,0.9757010372593038,1.1837289313431611e-16,2.0,0.0,2,1.0,0.0,1.0,0.0
1.75,8,0.9690234135489951,1.0476176470395737e-16,3.0,0.0,3,1.0,0.0,1.0,0.0
1.75,9,0.9712273326601124,1.1514249254020267e-16,1.0,0.0,1,1.0,0.0,1.0,0.0
1.75,10,0.9727734302877098,4.3229752306352357e-16,2.0,0.0,2,1.0,0.0,1.0,0.0
1.75,11,0.9730161550437489,2.1159580986387716e-16,2.0,0.0,2,1.0,0.0,1.0,0.0
1.75,12,0.9714441912643633,1.3354095566024867e-16,1.0,0.0,1,1.0,0.0,1.0,0.0
1.75,13,0.9673273770470183,2.784336643809346e-16,1.0,0.0,1,1.0,0.0,1.0,0.0
1.75,14,0.9738408650265638,1.2531265855673068e-16,2.0,0.0,2,1.0,0.0,1.0,0.0
1.75,15,0.9715698452957582,1.1477794699850183e-16,2.0,0.0,2,1.0,0.0,1.0,0.0
1.75,16,0.9717472820920245,1.4585812468861363e-16,2.0,0.0,2,1.0,0.0,1.0,0.0
1.75,17,0.9698191728436004,1.1295939598789409e-16,2.0,0.0,2,1.0,0.0,1.0,0.0
1.75,18,0.9672241036207577,1.0494984701822284e-16,1.0,0.0,1,1.0,0.0,1.0,0.0
1.75,19,0.9723429827842996,1.120830491896282e-16,1.0,0.0,1,1.0,0.0,1.0,0.0
1.8,0,0.9727765138905629,1.0634986238169871e-16,3.0,0.0,3,1.0,0.0,1.0,0.0
1.8,1,0.9776870927974775,1.2933979113692383e-16,1.0,0.0,1,1.0,0.0,1.0,0.0
1.8,2,0.9723935124425305,2.1925147983971603e-16,1.0,0.0,1,1.0,0.0,1.0,0.0
1.8,3,0.9720939231084323,1.2658490090568387e-16,1.0,0.0,1,1.0,0.0,1.0,0.0
1.8,4,0.9719514305708304,9.805224261780595e-17,1.0,0.0,1,1.0,0.0,1.0,0.0
1.8,5,0.9749261109304967,2.3527299811756314e-16,1.0,0.0,1,1.0,0.0,1.0,0.0
1.8,6,0.971651921594299,2.2960958249178483e-16,2.0,0.0,2,1.0,0.0,1.0,0.0
1.8,7,0.9771586165202633,1.3651680807082476e-16,2.0,0.0,2,1.0,0.0,1.0,0.0
1.8,8,0.9709317643779259,2.767285174576876e-16,2.0,0.0,2,1.0,0.0,1.0,0.0
1.8,9,0.9729816159095223,1.0185048308013225e-16,1.0,0.0,1,1.0,0.0,1.0,0.0
1.8,10,0.9744356092827411,4.319152844514725e-16,2.0,0.0,2,1.0,0.0,1.0,0.0
1.8,11,0.9746774583613984,1.3196251165673468e-16,2.0,0.0,2,1.0,0.0,1.0,0.0
1.8,12,0.9731860667718225,1.8592175448465736e-16,1.0,0.0,1,1.0,0.0,1.0,0.0
1.8,13,0.969362493702782,9.937581424690588e-17,1.0,0.0,1,1.0,0.0,1.0,0.0
1.8,14,0.9754178843751111,2.0728788539433988e-16,2.0,0.0,2,1.0,0.0,1.0,0.0
1.8,15,0.9732897683006034,1.2992930143631825e-16,2.0,0.0,2,1.0,0.0,1.0,0.0
1.8,16,0.9734678405425479,1.0727305558671995e-16,2.0,0.0,2,1.0,0.0,1.0,0.0
1.8,17,0.9716938594440375,1.2613618981948154e-16,2.0,0.0,2,1.0,0.0,1.0,0.0
1.8,18,0.9692701217132417,1.6434301093293987e-16,1.0,0.0,1,1.0,0.0,1.0,0.0
1.8,19,0.9740227483727609,3.2560401607020506e-16,1.0,0.0,1,1.0,0.0,1.0,0.0
1.85,0,0.9744113749075973,1.7524651527601203e-16,2.0,0.0,2,1.0,0.0,1.0,0.0
1.85,1,0.9789901517164677,1.2631196225257116e-16,1.0,0.0,1,1.0,0.0,1.0,0.0
1.85,2,0.9740174620990165,2.9987532878604355e-16,1.0,0.0,1,1.0,0.0,1.0,0.0
1.85,3,0.9737594468113282,1.0121922251508303e-16,1.0,0.0,1,1.0,0.0,1.0,0.0
1.85,4,0.9736213712357565,1.5928508676009437e-16,1.0,0.0,1,1.0,0.0,1.0,0.0
1.85,5,0.9763927135873514,1.4304223057953898e-16,1.0,0.0,1,1.0,0.0,1.0,0.0
1.85,6,0.9733312013520746,1.747816882704927e-16,2.0,0.0,2,1.0,0.0,1.0,0.0
1.85,7,0.978484124059989,1.1736900594885312e-16,2.0,0.0,2,1.0,0.0,1.0,0.0
1.85,8,0.9726601774171729,1.3296745856887663e-16,2.0,0.0,2,1.0,0.0,1.0,0.0
1.85,9,0.9745733113121862,1.0929918724968039e-16,1.0,0.0,1,1.0,0.0,1.0,0.0
1.85,10,0.97594302348938,4.154489567705036e-16,1.0,0.0,1,1.0,0.0,1.0,0.0
1.85,11,0.9761810227711685,1.0141387504586807e-16,2.0,0.0,2,1.0,0.0,1.0,0.0
1.85,12,0.9747664440257857,1.5603275197016644e-16,1.0,0.0,1,1.0,0.0,1.0,0.0
1.85,13,0.9712029537085919,9.86288042992847e-17,1.0,0.0,1,1.0,0.0,1.0,0.0
1.85,14,0.9768511280813944,1.580888976289391e-16,2.0,0.0,2,1.0,0.0,1.0,0.0
1.85,15,0.9748522232387069,1.6250267321577626e-16,2.0,0.0,2,1.0,0.0,1.0,0.0
1.85,16,0.9750290515105782,1.0572214976460804e-16,2.0,0.0,2,1.0,0.0,1.0,0.0
1.85,17,0.9733889539580758,1.472877282518059e-16,2.0,0.0,2,1.0,0.0,1.0,0.0
1.85,18,0.9711196193609678,1.5224230513075154e-16,1.0,0.0,1,1.0,0.0,1.0,0.0
1.85,19,0.9755475962087276,1.213144107805396e-16,1.0,0.0,1,1.0,0.0,1.0,0.0
1.9,0,0.9758939781501116,1.0362610227312916e-16,2.0,0.0,2,1.0,0.0,1.0,0.0
1.9,1,0.980177997196911,1.215985673938486e-16,1.0,0.0,1,1.0,0.0,1.0,0.0
1.9,2,0.9754967957879837,1.60886601221371e-16,1.0,0.0,1,1.0,0.0,1.0,0.0
1.9,3,0.9752729759739323,1.401521906357628e-16,1.0,0.0,1,1.0,0.0,1.0,0.0
1.9,4,0.9751395924398885,1.6936633274089347e-16,1.0,0.0,1,1.0,0.0,1.0,0.0
1.9,5,0.9777296956736587,1.2151744759336338e-16,1.0,0.0,1,1.0,0.0,1.0,0.0
1.9,6,0.9748591299844429,1.7032427833254634e-16,2.0,0.0,2,1.0,0.0,1.0,0.0
1.9,7,0.9796936904742157,1.8862032452911227e-16,2.0,0.0,2,1.0,0.0,1.0,0.0
1.9,8,0.9742318848713774,2.2682266677381e-16,2.0,0.0,2,1.0,0.0,1.0,0.0
1.9,9,0.9760228452133415,1.160382246330542e-16,1.0,0.0,1,1.0,0.0,1.0,0.0
1.9,10,0.9773153365372101,3.441763002884571e-16,1.0,0.0,1,1.0,0.0,1.0,0.0
1.9,11,0.9775477499342665,9.940061789492645e-17,2.0,0.0,2,1.0,0.0,1.0,0.0
1.9,12,0.9762056128322544,1.353743879188956e-16,1.0,0.0,1,1.0,0.0,1.0,0.0
1.9,13,0.9728742785389848,1.1225886584544521e-16,1.0,0.0,1,1.0,0.0,1.0,0.0
1.9,14,0.9781582650827823,1.3875567184101094e-16,2.0,0.0,2,1.0,0.0,1.0,0.0
1.9,15,0.9762766477863745,1.8436389086182346e-16,1.0,0.0,1,1.0,0.0,1.0,0.0
1.9,16,0.976450960850687,1.0499681495390057e-16,2.0,0.0,2,1.0,0.0,1.0,0.0
1.9,17,0.9749283350510375,1.0834775653339659e-16,2.0,0.0,2,1.0,0.0,1.0,0.0
1.9,18,0.9727985481545919,1.283640610054227e-16,1.0,0.0,1,1.0,0.0,1.0,0.0
1.9,19,0.9769368805347513,1.8088119317397668e-16,1.0,0.0,1,1.0,0.0,1.0,0.0
1.95,0,0.9772443352573958,1.6334999271227631e-16,2.0,0.0,2,1.0,0.0,1.0,0.0
1.95,1,0.9812644053643996,1.6756645799565733e-16,1.0,0.0,1,1.0,0.0,1.0,0.0
1.95,2,0.9768488758224699,1.1766269114136713e-16,1.0,0.0,1,1.0,0.0,1.0,0.0
1.95,3,0.9766534792551848,1.2613618981948154e-16,1.0,0.0,1,1.0,0.0,1.0,0.0
1.95,4,0.9765248847177896,1.5772983483922015e-16,1.0,0.0,1,1.0,0.0,1.0,0.0
1.95,5,0.9789524772982069,1.1833123453963014e-16,1.0,0.0,1,1.0,0.0,1.0,0.0
1.95,6,0.9762542331118875,1.5321077739827162e-16,2.0,0.0,2,1.0,0.0,1.0,0.0
1.95,7,0.9808009455156829,1.2240680870989814e-16,2.0,0.0,2,1.0,0.0,1.0,0.0
1.95,8,0.9756662428413769,2.454170534286977e-16,2.0,0.0,2,1.0,0.0,1.0,0.0
1.95,9,0.9773473748744924,1.2056020147087156e-16,1.0,0.0,1,1.0,0.0,1.0,0.0
1.95,10,0.9785689932440157,3.1064825866535596e-16,1.0,0.0,1,1.0,0.0,1.0,0.0
1.95,11,0.9787948299355558,1.3051614908552974e-16,2.0,0.0,2,1.0,0.0,1.0,0.0
1.95,12,0.9775206178761322,1.2378862259480132e-16,1.0,0.0,1,1.0,0.0,1.0,0.0
1.95,13,0.9743976797817049,9.962357283199522e-17,1.0,0.0,1,1.0,0.0,1.0,0.0
1.95,14,0.9793542135160417,1.2844085674128156e-16,2.0,0.0,2,1.0,0.0,1.0,0.0
1.95,15,0.9775794414763582,1.1561255106102675e-16,1.0,0.0,1,1.0,0.0,1.0,0.0
1.95,16,0.9777503860762007,1.4403833450617448e-16,2.0,0.0,2,1.0,0.0,1.0,0.0
1.95,17,0.9763316877888546,1.3693150711568148e-16,2.0,0.0,2,1.0,0.0,1.0,0.0
1.95,18,0.9743284283421458,2.648108836386645e-16,1.0,0.0,1,1.0,0.0,1.0,0.0
1.95,19,0.9782068758316919,2.610039646183406e-16,1.0,0.0,1,1.0,0.0,1.0,0.0
2.0,0,0.978478866679861,1.3170071812084775e-16,2.0,0.0,2,1.0,0.0,1.0,0.0
2.0,1,0.9822610529747097,2.845811530692996e-16,1.0,0.0,1,1.0,0.0,1.0,0.0
2.0,2,0.9780884268921771,1.4550276472929614e-16,1.0,0.0,1,1.0,0.0,1.0,0.0
2.0,3,0.9779168725906464,1.5319468636452473e-16,1.0,0.0,1,1.0,0.0,1.0,0.0
2.0,4,0.9777930512675124,1.824823031464749e-16,1.0,0.0,1,1.0,0.0,1.0,0.0
2.0,5,0.9800741600177618,1.0290994924006173e-16,1.0,0.0,1,1.0,0.0,1.0,0.0
2.0,6,0.9775321382860864,1.0567550420762111e-16,1.0,0.0,1,1.0,0.0,1.0,0.0
2.0,7,0.981817492880765,1.1785110229670081e-16,2.0,0.0,2,1.0,0.0,1.0,0.0
2.0,8,0.9769795378253182,9.576276950461626e-17,2.0,0.0,2,1.0,0.0,1.0,0.0
2.0,9,0.9785614289306608,1.5126763246665485e-16,1.0,0.0,1,1.0,0.0,1.0,0.0
2.0,10,0.9797178754518882,2.8625674931751845e-16,1.0,0.0,1,1.0,0.0,1.0,0.0
2.0,11,0.9799366090261102,1.0001871002134529e-16,2.0,0.0,2,1.0,0.0,1.0,0.0
2.0,12,0.9787258934715288,2.1526878036788523e-16,1.0,0.0,1,1.0,0.0,1.0,0.0
2.0,13,0.975790958565582,1.0082879011490612e-16,1.0,0.0,1,1.0,0.0,1.0,0.0
2.0,14,0.9804516625033549,1.1082228213748185e-16,2.0,0.0,2,1.0,0.0,1.0,0.0
2.0,15,0.9787745435415319,1.0331637877786763e-16,1.0,0.0,1,1.0,0.0,1.0,0.0
2.0,16,0.9789415586881652,2.26431067786e-16,2.0,0.0,2,1.0,0.0,1.0,0.0
2.0,17,0.9776154508510728,1.3965881956249493e-16,2.0,0.0,2,1.0,0.0,1.0,0.0
2.0,18,0.9757272879497184,1.7235296186091125e-16,1.0,0.0,1,1.0,0.0,1.0,0.0
2.0,19,0.9793713769467235,1.0855233655586996e-16,1.0,0.0,1,1.0,0.0,1.0,0.0
